{"type": "FeatureCollection", "features": [{"type": "Feature", "geometry": {"type": "Polygon", "coordinates": [[[79.53164350025001, 51.468301300149065], [79.60886980032325, 51.365069500227165], [79.72048099986665, 51.217180199720914], [79.82170089963181, 51.08148879987525], [79.89896300026402, 50.97700329977658], [79.91901379985083, 50.9502786999619], [79.95180629983433, 50.90594160019783], [80.00472880026993, 50.83460170020617], [80.0758658001212, 50.738207599731844], [80.06393199957526, 50.80910419986614], [80.06303579982365, 50.835065899763556], [80.06304690030565, 50.846565099775084], [80.06797690039896, 50.85288950011938], [80.08340909998732, 50.85294989992664], [80.08303799965526, 50.82816769983972], [80.18491749999417, 50.82736700025611], [80.18570789976486, 50.85085780008167], [80.1929508003051, 50.9003661998017], [80.24419170034291, 50.899309099991115], [80.2453558998831, 50.917830699811624], [80.2830633998913, 50.91826749975517], [80.3244586997365, 50.91789039988358], [80.32510390031626, 50.92752809996638], [80.37596659973805, 50.9271190001719], [80.42107570025773, 50.96204630019948], [80.43974689957055, 50.95992529972041], [80.468631499896, 50.96338520024279], [80.47739989968878, 50.96513049978868], [80.48224289974343, 50.96868709986197], [80.48214049988596, 51.034940000024555], [80.48221629972959, 51.10942800019257], [80.45451969980778, 51.109162599755635], [80.45319930030763, 51.1178229999774], [80.43648030000735, 51.119004200154755], [80.43502790026275, 51.12729969995778], [80.43365100032445, 51.13516299996763], [80.43401720034669, 51.14866509999021], [80.43739309972712, 51.176734900193836], [80.44073679989455, 51.190461400053], [80.44428670025052, 51.20053920017184], [80.4470865998708, 51.20828569987039], [80.48716849988854, 51.20443380018862], [80.53207760039172, 51.20577090006832], [80.54746690003543, 51.20646140019727], [80.56525999975128, 51.20694859983437], [80.63469949992246, 51.206803799995285], [80.6351094002883, 51.26278949983184], [80.67767319990897, 51.31674979973831], [80.7521867998266, 51.297996300098596], [80.83008820000546, 51.281189500242476], [80.85357770019426, 51.27584360004968], [80.9100331003691, 51.258709400136446], [80.94061080042634, 51.25925710010916], [80.91980030009535, 51.21902499993809], [81.04601559985889, 51.18963230004082], [81.04696179983925, 51.18251509976251], [81.10252609999837, 51.18016090020445], [81.10701510005079, 51.191337099918464], [81.11241729957318, 51.20281739983251], [81.11477969988712, 51.20878119979368], [81.14636349958786, 51.21187970014123], [81.15856759960947, 51.19462469988925], [81.1665298000623, 51.18494879974846], [81.17443950027497, 51.18279769978073], [81.17583650001767, 51.173854500214034], [81.17697570034191, 51.161705899805405], [81.16494810040894, 51.15402139976014], [81.17321529956195, 51.14360479996139], [81.1595173003245, 51.11165150002546], [81.15619879969745, 51.104798399771674], [81.15034099981578, 51.09452069989174], [81.14746570010212, 51.08826729984984], [81.13967089980419, 51.07972270005993], [81.12424849993727, 51.07085039978582], [81.11560280013084, 51.064549599752695], [81.10581489962722, 51.06653459999523], [81.10160409973346, 51.06100569973381], [81.09587649987242, 51.03143740000392], [81.08962289958166, 51.02159330006162], [81.08221840020661, 50.997765899824735], [81.0659731004203, 50.96718070002082], [81.05976349961207, 50.94790340006882], [81.15420350041595, 50.95091599980662], [81.17917619998714, 50.95759939994035], [81.19091790030113, 50.951066699992516], [81.2199144998813, 50.95861379998861], [81.23222870011908, 50.96326100020503], [81.26641129988559, 50.9617623998291], [81.28906669996005, 50.97396979991629], [81.30993420019242, 50.97568309980383], [81.39977299956827, 50.97572029977217], [81.41258739972258, 50.975741800263286], [81.41342830008367, 50.95994589995492], [81.41352240040626, 50.92986020000141], [81.4354054999663, 50.92986149995599], [81.43557119961035, 50.91065189993511], [81.44273490018354, 50.89187610025752], [81.42132779992625, 50.881784799940455], [81.42125149972101, 50.872428399753964], [81.4357497002472, 50.872275800207724], [81.43554910015607, 50.86299309973445], [81.44450499990816, 50.86252599995791], [81.45393729961162, 50.862412600076425], [81.46644209989489, 50.86241910019755], [81.47171720038098, 50.84341369980382], [81.48598829961692, 50.824177499954814], [81.46104770044406, 50.80208130004844], [81.44933820024141, 50.75592599993851], [81.50263770024556, 50.7531673002829], [81.50747290022862, 50.7570660999116], [81.51405389960964, 50.75865939985826], [81.52505930029254, 50.757950699732376], [81.52880400031796, 50.75169819995003], [81.5825039001055, 50.74238809994852], [81.59082860041988, 50.743502699981285], [81.58496990042622, 50.70432530019754], [81.63404109955832, 50.69594050008678], [81.63408259992781, 50.673726600179364], [81.66412319997166, 50.647936900264455], [81.66455250035428, 50.584490199765604], [81.63554170020616, 50.58465370004566], [81.63013440004958, 50.57909460021769], [81.6378592000273, 50.56688430006566], [81.65451030026847, 50.55587040008663], [81.6787576003663, 50.56494879994959], [81.68464020003806, 50.5605461001216], [81.67837119992834, 50.54998079992075], [81.69816920011941, 50.538726300199286], [81.70995700017716, 50.53285290000959], [81.73359419956827, 50.504335799882156], [81.6989705997608, 50.48285219988684], [81.68987239968118, 50.48143240017923], [81.68832760012474, 50.46253109977605], [81.6761397003209, 50.46274969997673], [81.66498170012574, 50.44569950023404], [81.66025959983354, 50.43124860027728], [81.669273200173, 50.43028349972543], [81.67802789975933, 50.42700290014122], [81.68287200025024, 50.41449309987274], [81.6900441997843, 50.40753299993666], [81.69725409981417, 50.4046336998207], [81.70480720030012, 50.40359429976359], [81.71484940038593, 50.40446959991185], [81.72163000003313, 50.40094090015878], [81.68832760012474, 50.399108200266525], [81.68872790019513, 50.36053049987541], [81.68214780002774, 50.3327513998325], [81.68249110019671, 50.31521590013826], [81.67475489969972, 50.304442999880905], [81.6480629001332, 50.28652509984511], [81.6269687998704, 50.26882590028187], [81.61193119964359, 50.275019900030685], [81.59130889995785, 50.286777599880764], [81.47407470038505, 50.32481410000703], [81.33302350002377, 50.31601429989617], [81.4023137999078, 50.234482800274286], [81.36519580044018, 50.22315999991861], [81.3323374997604, 50.223830099891586], [81.2357408999793, 50.25086289988613], [81.13771610016896, 50.21575500021283], [81.14691010018377, 50.17710900025467], [81.37216619973388, 50.11816559980318], [81.35507839968693, 50.05407410027556], [81.32721499968488, 50.02917610004267], [81.32570310002741, 49.964099300004136], [81.51725750032199, 49.92730769971875], [81.53866540007982, 49.91569550021514], [81.59197890032769, 49.90350439994883], [81.6196749998879, 49.87406260017106], [81.7081829002546, 49.86909179995028], [81.73297080020214, 49.797877899756486], [81.68887410010925, 49.783539800090956], [81.74388790008591, 49.741428299715956], [81.71679579987499, 49.68659679983085], [81.75169389968049, 49.69388550018714], [81.79440260025143, 49.65361320016064], [81.7869042996928, 49.616859799710696], [81.86142749990586, 49.609543799808336], [81.89950499980989, 49.590980200201344], [81.89186759962111, 49.57110619976587], [81.97878929977487, 49.5617366001335], [82.01673230032131, 49.509425900286494], [82.05793000044837, 49.49871399995076], [82.02256690031248, 49.45795849998112], [82.08786870009791, 49.409731999897346], [82.17769630017712, 49.37438259987748], [82.18554790005216, 49.394183700221376], [82.20842809993314, 49.38631159986183], [82.23467239982331, 49.40316119971144], [82.25599599987831, 49.391312000126966], [82.26032180029806, 49.369555400091706], [82.33222169979419, 49.35374500024654], [82.37432189955803, 49.29639059987862], [82.40421270013826, 49.33784800021988], [82.52380349960322, 49.329037899900555], [82.609290900167, 49.25413719993996], [82.59862659967892, 49.24499059971595], [82.60914090037915, 49.24168459997154], [82.62305620028724, 49.237565700106], [82.62927890032896, 49.23520489978023], [82.63291600014959, 49.23027990018809], [82.62916090032813, 49.224443400156176], [82.6316606997614, 49.21714860006418], [82.63492230020007, 49.21142969972489], [82.64168139956928, 49.213132799862514], [82.64975490038748, 49.21099869991875], [82.65774249980659, 49.211356100287624], [82.66170140041656, 49.215428100169326], [82.66535999961691, 49.22074709982434], [82.66734480028768, 49.226853700246856], [82.67293449976951, 49.23189130017203], [82.67915710009817, 49.23575850000269], [82.69181720022942, 49.24018559985075], [82.70542140007986, 49.239597200150904], [82.71164410012153, 49.23662710022684], [82.71756639993895, 49.233404499761676], [82.72593490030992, 49.23315229972497], [82.73198599967449, 49.22981750029194], [82.73683540022552, 49.22606200001744], [82.74580470014676, 49.22796779993722], [82.75395869989583, 49.23559029972119], [82.76134009999161, 49.23402099974373], [82.77065270008184, 49.23315229972497], [82.7788066001179, 49.229509199807794], [82.78717509959061, 49.22861240027542], [82.79175639974173, 49.224254200098265], [82.79715300006502, 49.22164050008235], [82.80120850011073, 49.216496899741784], [82.79727100006578, 49.2104625000373], [82.80267830022241, 49.20641120021236], [82.80464170032822, 49.19819530009552], [82.71606170027852, 49.104894999817844], [82.81493870035789, 48.922952199753624], [82.91930879958491, 48.96399239994249], [83.11431610015107, 48.93693679974924], [83.07037080031961, 48.77429460015392], [83.23516569984056, 48.56206940021497], [83.42330859962166, 48.54070540028184], [83.42330859962166, 48.50386780015765], [83.43772820025546, 48.470645500210445], [83.48579370039269, 48.43785680004734], [83.55892149986417, 48.41712539986044], [83.61556970005863, 48.39091430007831], [83.61968960032708, 48.36788290018676], [83.59609849978132, 48.34828950015411], [83.55796170028877, 48.3379707000838], [83.51813749997659, 48.31755140021621], [83.48272409957467, 48.28863209989965], [83.47806069969472, 48.28521650019816], [83.4805154001075, 48.278566299825606], [83.49098679996473, 48.27365370018976], [83.49124430024429, 48.26439830029821], [83.48493569970186, 48.25922719980115], [83.4724044000161, 48.25734140007879], [83.46588129975012, 48.25405550022002], [83.46965780013659, 48.244396500123734], [83.46519459969922, 48.23810859980828], [83.42997389960378, 48.23461399979983], [83.37249479999238, 48.011977000166034], [83.11706270003059, 47.91634390013072], [83.02642549958983, 47.59320060023333], [83.31756320035583, 47.39463259984413], [83.19792109990163, 47.217380599960535], [83.19086920005543, 47.21940870027339], [83.18251689990234, 47.21962770020595], [83.1746446998612, 47.22020110025929], [83.16733600042141, 47.22357629973859], [83.1576438001399, 47.22900290018452], [83.15252519965104, 47.23365489997249], [83.1427652996348, 47.23391710020308], [83.13391920006156, 47.23374179981949], [83.12637349989697, 47.231717500274385], [83.11757870041461, 47.22949490001234], [83.10839350029634, 47.228979299772455], [83.10145680040225, 47.22646669982677], [83.09570430013984, 47.224173399966695], [83.08795309957426, 47.22618100016919], [83.0809517003184, 47.228336099706006], [83.07276020039778, 47.227489900237586], [83.06454180042589, 47.22787729986987], [83.05647690007824, 47.22552900021195], [83.05047529968247, 47.22328430002159], [83.04596529971373, 47.219420999866486], [83.0421513000541, 47.2150036999221], [83.0373001001775, 47.21863629975759], [83.03232859971462, 47.22370929972219], [83.02839880002834, 47.21934529988006], [83.02359260035753, 47.21513950016358], [83.02667440029718, 47.209809399698976], [83.02515010029546, 47.20170239997112], [83.02765199998996, 47.19528189995506], [83.02535330011105, 47.18845160001635], [83.02710040026949, 47.181987799710015], [83.02947170019297, 47.17500659999225], [83.02619120009912, 47.17012410015471], [83.0278954003128, 47.16290849993815], [83.02327870025115, 47.159449999890164], [83.02135810037709, 47.15313300023424], [83.01646859993005, 47.149515300094734], [83.01195510012495, 47.14575979991538], [83.01756970000812, 47.142185800127535], [83.01964659955512, 47.136148899954115], [83.01747239988647, 47.13007740006087], [83.01102689968798, 47.127831999995664], [83.00532619987808, 47.12316639999749], [83.00834250005704, 47.116699299867484], [83.00898359982757, 47.10888549982187], [83.00565839956506, 47.10406010024605], [83.00236010025213, 47.09923230029011], [83.00076859997907, 47.09271599985807], [82.99891409994024, 47.08654040011852], [82.99716949979322, 47.080174000081556], [82.99580419980026, 47.07352910025415], [82.99293779969614, 47.06838150026211], [82.99096309968239, 47.06234819979141], [82.98640470028276, 47.058849399767574], [82.98155200021964, 47.0556598001428], [82.9757951000089, 47.05336639982294], [82.97127630014366, 47.04974529987405], [82.96896480017027, 47.044044199953156], [82.96740820034428, 47.03759149995046], [82.96374379982389, 47.03319410009557], [82.9599673003357, 47.02896820030617], [82.9563563998803, 47.024559600005155], [82.95183510000359, 47.02102519995395], [82.94571519956978, 47.019090000198986], [82.93974480035881, 47.01701129978392], [82.93703379981567, 47.01149359989282], [82.93623979959727, 47.00400800010127], [82.93293639965017, 46.9991615002249], [82.93058810019123, 46.993373300028125], [82.93267369992176, 46.9860928001219], [82.93192390040856, 46.97856660019169], [82.931200600298, 46.97005859988633], [82.92683030003406, 46.965858299693785], [82.9250718002547, 46.959072499986945], [82.9215490999871, 46.95315629981285], [82.92202170006485, 46.94512369978808], [82.91981660014703, 46.93907920016257], [82.9145479001573, 46.933942200030096], [82.91141499955278, 46.9269967000531], [82.8903006000595, 46.879907099885095], [82.88446410013148, 46.865472899778915], [82.87313440044443, 46.83858909997203], [82.86918619966785, 46.8300163001049], [82.86867129972006, 46.81539239977102], [82.8684996999412, 46.7991194001035], [82.82953260020795, 46.7774340000247], [82.8218078002302, 46.762384300253004], [82.80258160017529, 46.719740299795276], [82.79332979986019, 46.700529499861695], [82.78807630026336, 46.68701369987081], [82.78603829956484, 46.68089930017776], [82.78206819965823, 46.668876099938764], [82.7770040999576, 46.64460469973161], [82.76824929975994, 46.60381350013617], [82.75691969978591, 46.573730899885874], [82.74662000031888, 46.54894449970692], [82.72729800032879, 46.497953900112634], [82.72486450015671, 46.49171530000732], [82.72163060016818, 46.485046699851104], [82.71315990026397, 46.47327689971979], [82.70980759962606, 46.46709250028459], [82.70597560042303, 46.45996880007909], [82.69329800021173, 46.440882400104705], [82.684858799733, 46.4264222001427], [82.67378059957943, 46.40866510027672], [82.65869550003367, 46.38413870023099], [82.65464129985014, 46.377434999804485], [82.64173370038345, 46.3548457000043], [82.6374868996064, 46.34727919989933], [82.62181159973248, 46.32098559985472], [82.61203819983413, 46.30499469970821], [82.60800899976498, 46.29840079985469], [82.58170730022312, 46.25999499980696], [82.57251050015958, 46.247746399975924], [82.56338630014068, 46.23388370008896], [82.55614769983576, 46.22187520003326], [82.5517224999315, 46.213996999904886], [82.51189590021922, 46.154628800217715], [82.49311640001571, 46.09508770026882], [82.48107620031264, 46.05988320029277], [82.45610689996647, 45.97716829988763], [82.42652720034212, 45.96739149991299], [82.41039389981051, 45.96909679985399], [82.39158559961905, 45.965890499964736], [82.37569670013345, 45.96411609969653], [82.3356564001982, 45.93915829987422], [82.33697950003413, 45.92916600004171], [82.34063930028195, 45.91483849997087], [82.33938570040468, 45.902704899860844], [82.33532189992576, 45.89637310026747], [82.3299546996651, 45.88694629971077], [82.33269209989776, 45.874361699863904], [82.3337421999222, 45.86621510007432], [82.33689169959656, 45.855468700268815], [82.33989669986752, 45.84762190012289], [82.34540560038106, 45.83895459991134], [82.34470899999741, 45.82794659998242], [82.34283780027741, 45.811291800100186], [82.34508119986738, 45.795676299734325], [82.33760399983645, 45.78079359977479], [82.32835730015552, 45.771383499903116], [82.31858279982097, 45.764099099936296], [82.31346110014435, 45.75402530019443], [82.31031580009399, 45.73795689968688], [82.30297160013244, 45.725796100026834], [82.29907019978556, 45.719558099950824], [82.28812339980183, 45.70878959981569], [82.28417320027376, 45.69328939970053], [82.2824268996159, 45.683416699968724], [82.28407629990235, 45.675443900116946], [82.28455760016364, 45.661256699884326], [82.28267640039788, 45.64940189994068], [82.27722069991206, 45.63507089978549], [82.27283589994113, 45.629238699827724], [82.26676830032142, 45.62479529975843], [82.26041869977111, 45.61817120028911], [82.26232049970294, 45.59662379978805], [82.26564639975295, 45.57950519976917], [82.26655839997215, 45.57172500001665], [82.26884359996889, 45.56060860004995], [82.27077479996335, 45.55052680010872], [82.27995879993236, 45.53513760027935], [82.26822380015204, 45.53571860007478], [82.23644250044627, 45.55589089970016], [82.1732711002729, 45.60995470021692], [82.139579700202, 45.62207659989609], [82.12078279963156, 45.64809310020641], [82.12438770023914, 45.76132050011459], [82.09676090031321, 45.7786979002536], [82.08446570034198, 45.794498999859606], [82.06303779959428, 45.81755429997442], [82.02666370040335, 45.850017100103415], [82.00260869996346, 45.86639630000313], [81.97796049972065, 45.880652599746874], [81.96171040023575, 45.91178560012053], [81.88484900032253, 46.103655199765285], [81.75992240030939, 46.18652170001503], [81.53690100016566, 46.36582450003091], [81.51267530005887, 46.41706189986733], [81.55658839977899, 46.45740860012295], [81.56392689993002, 46.476828699869046], [81.58415909991538, 46.495203700250904], [81.60285120032997, 46.519280600112076], [81.57952929972204, 46.50101769974394], [81.57482739984567, 46.49733500000871], [81.55989290016234, 46.48717150008631], [81.54080799971176, 46.48841120008025], [81.52264240008867, 46.49101259977212], [81.50822280035311, 46.49160350017069], [81.4951765998212, 46.49485339975964], [81.4859067999627, 46.49160350017069], [81.47260310004953, 46.49538520012268], [81.46934149961092, 46.4842756998693], [81.4457381002307, 46.47280930024474], [81.43844250002437, 46.46748900002789], [81.42367960011987, 46.45312159992716], [81.41200660026384, 46.43904619996087], [81.39947529967974, 46.434195800297964], [81.38067840000758, 46.44082060030379], [81.40260820028429, 46.48038979993928], [81.41136289987062, 46.49020010023662], [81.42818569960363, 46.503671499903014], [81.43599630036907, 46.511055699954404], [81.44487980040093, 46.5204912999822], [81.43972989991252, 46.526515099974944], [81.42144799990116, 46.523739500134624], [81.41200660026384, 46.52078659977284], [81.41312240037321, 46.51050929979955], [81.40187860028855, 46.50696499972009], [81.38891819964608, 46.49361250027117], [81.38299580011572, 46.48959430030695], [81.38059260011812, 46.48262089995995], [81.37372609997023, 46.47913380022552], [81.36977790009195, 46.46760720004653], [81.36557219993408, 46.45938930006234], [81.35501500018748, 46.45702419970108], [81.34328040015748, 46.453199199691554], [81.33765439975505, 46.47082589979989], [81.32735470028796, 46.493048100150396], [81.31450300028642, 46.50900299984006], [81.30954619985492, 46.51279830030315], [81.29851559963163, 46.51478869984332], [81.29203679978386, 46.513255999813325], [81.2833463998089, 46.509416499703526], [81.25534409960272, 46.48961839990634], [81.20231149984924, 46.51275769971043], [81.14231590022507, 46.56005059972682], [81.10463620037994, 46.56559789973923], [80.86321590004903, 46.56276899972572], [80.59103069973882, 46.66700120028243], [80.33886020021565, 46.75039839985417], [80.23715080036736, 46.783762400096165], [80.22026360041158, 46.80152350009944], [80.19819130038141, 46.80923619990095], [80.19074860014899, 46.83619159995272], [80.19098460015049, 46.866186899998475], [80.15562240012655, 46.880327599926524], [80.00825109988887, 46.914754299934366], [79.9158978001501, 46.87158150020225], [79.57727770018936, 46.77955930004273], [79.26293250016518, 47.08166550022383], [78.81684860015687, 47.04724600009478], [78.76825750023852, 47.133335799932105], [78.64180649961236, 47.14103019991174], [78.59198679993102, 47.18098800002901], [78.472259300236, 47.23396200011335], [78.3034050001844, 47.33089359988664], [78.14204440041885, 47.191027600079146], [78.01430569986721, 47.28256219973231], [77.86726269972992, 47.16999350018768], [77.60861959963286, 47.20951369992756], [77.46550450014337, 47.16099280019723], [77.38771859995376, 47.15020589981329], [77.33238820043334, 47.164778400147654], [77.28810109972113, 47.18457839986818], [77.23022809963734, 47.17524510016289], [77.17171559968264, 47.08261800026183], [77.13843879996323, 47.08099539982788], [76.88332020035749, 47.18068040009099], [76.83393510022073, 47.2285840998929], [76.78336020035478, 47.247158500060806], [76.84870550015955, 47.29047929989858], [76.84938329970264, 47.3216356002228], [76.87216030022546, 47.442543199733386], [76.9780773001684, 47.44010309996618], [77.05646240000871, 47.4177045000324], [77.04596769964964, 47.4752405997497], [77.03487700033718, 47.49619060028595], [77.01468279998666, 47.57305259986673], [77.00975309993068, 47.61443480001237], [76.97089770031306, 47.645220200217466], [76.97548479998768, 47.67149980007302], [76.9877784997724, 47.70236009994224], [77.0019594997819, 47.71686890018113], [77.01063120042592, 47.741996799985124], [77.04708770028127, 47.83699250027912], [77.03998080018353, 47.85791439983696], [77.0800546000923, 47.85514919987236], [77.09443889963039, 47.85159030001206], [77.11984339959575, 47.85396460000066], [77.12198959967539, 47.86494759991841], [77.14160500021697, 47.94344739971042], [77.19400210029741, 47.95869850003131], [77.16797670007908, 48.01988119990474], [77.197184700195, 48.027941599936696], [77.21891900011646, 48.03313249992088], [77.3378696996358, 48.07302399981966], [77.30602089962126, 48.09102830019449], [77.29281319996754, 48.10006690003788], [77.25402230028564, 48.10432329980493], [77.22718939996679, 48.10806189970288], [77.16289040031279, 48.10486690011261], [77.05971169981615, 48.1757173000683], [77.0466220001632, 48.2015182002186], [77.04855989979305, 48.21593790024244], [77.06012489969403, 48.2370878002688], [77.1167361997915, 48.23820329974942], [77.1469914998832, 48.244347600189975], [77.15487140028291, 48.26977229979223], [77.09339930001335, 48.27159170007411], [77.03204889990522, 48.2778533999846], [76.98168729961358, 48.28642189995691], [76.9489581003149, 48.31987029972519], [76.9372189997254, 48.32958079989667], [76.88504499983897, 48.34898299991646], [76.84139100029789, 48.36935460024058], [76.82674210019628, 48.40457880001451], [76.85701770041669, 48.40561460000424], [76.86346520026493, 48.40392399995107], [76.87130559994502, 48.40489299978914], [76.88381360002732, 48.40771549973177], [76.89044419988667, 48.41168220001672], [76.8940790997332, 48.417392900220605], [76.89781550022366, 48.4217911000598], [76.90130049999541, 48.431559000197346], [76.90518459968824, 48.45680369975406], [76.90119400022685, 48.47033609990861], [76.90408599962164, 48.48282159974187], [76.96010569981577, 48.50218260000756], [76.98603639963687, 48.49907720006077], [77.15751359975674, 48.49083069996398], [77.31661489975178, 48.62991920017927], [77.31110340041212, 48.633328099890164], [77.3059750999148, 48.63731269999653], [77.30258469992904, 48.643267900219136], [77.30073940043535, 48.650157899991214], [77.30363620042696, 48.65616819990451], [77.30447299997873, 48.664105300114855], [77.31041680007415, 48.666330300143464], [77.3135711003454, 48.67194190019606], [77.31762660039111, 48.67850219977743], [77.31831319983071, 48.68603910011526], [77.3159957997226, 48.69232839977017], [77.31174719962007, 48.696492499771935], [77.3086143996269, 48.703828500197815], [77.31112489979185, 48.71025719993524], [77.31578120028611, 48.71388179995697], [77.31818449999663, 48.71956599970765], [77.31481560028884, 48.725072599986746], [77.31336719984388, 48.73188779995847], [77.3162746996689, 48.73747090007235], [77.33164919956823, 48.74185769973173], [77.31442949988813, 48.78187850024309], [77.28938830018329, 48.854458199733365], [77.1792890002973, 48.846169900097664], [77.15645809995911, 48.843119700028936], [77.13173879985824, 48.84244180020738], [77.03801170026726, 48.83419389993299], [76.99715629958592, 48.82967390013319], [76.89055460014012, 48.8199546002136], [76.88385980038231, 48.814076900288704], [76.83304800040294, 48.8484291997146], [76.83455010033894, 48.8696404000989], [76.85102959990304, 48.89041240018668], [76.83661000016751, 48.94546139983436], [76.83545130011348, 49.013082700060586], [76.91828439999821, 49.03591639985156], [76.93860559967209, 49.016605900229756], [77.03454569986383, 49.04345130000279], [76.98629700000248, 49.094707600069], [76.90538090044247, 49.125377899921844], [76.9030539000389, 49.1891982000911], [76.75231180015668, 49.2703674002326], [76.66785390034948, 49.288646100057036], [76.67016489996124, 49.322299800170455], [76.5899963999402, 49.38246439987095], [76.60481990019377, 49.440140199869944], [76.84169039979898, 49.51432829974653], [77.15942990029386, 49.497999600261316], [77.151190099757, 49.52497270004268], [77.10484159992794, 49.615591100020616], [77.16702589982617, 49.68341680016771], [77.17698230002257, 49.706069200200155], [77.18264709956041, 49.756554699825536], [77.14539660038503, 49.772078199809805], [77.15106139992288, 49.817843399886726], [77.16187609994913, 49.86190550013509], [77.14642649999368, 49.87816959986931], [77.16584570039241, 49.92866940005178], [77.1718109998675, 49.931307599864375], [77.17925680018597, 49.93529919985284], [77.18447100028575, 49.939318099809725], [77.18886979960214, 49.942950100158235], [77.20086469996038, 49.94452419973964], [77.21200119987759, 49.94238390027314], [77.22010150013561, 49.94158290006328], [77.22899570000077, 49.94359220012495], [77.27702869998936, 49.97030499982423], [77.3449207999814, 49.99381649998517], [77.41766229962622, 50.01599299997615], [77.44581479994457, 50.02131489982744], [77.47607010003627, 50.050698999749784], [77.49323619993825, 50.05813859993136], [77.51100320000182, 50.07111389986302], [77.67854470030059, 50.16071530023818], [77.6957537001473, 50.192871500040425], [77.7022768004133, 50.203969899736286], [77.69717019961995, 50.221852700147664], [77.75559300009857, 50.23526690018938], [77.80306000037272, 50.19222349992101], [78.03021340019342, 50.1263004002291], [78.11968640019565, 50.10030910021025], [78.16042099992916, 50.09166420004984], [78.4143216996053, 50.03774460001214], [78.50291120023738, 50.04496040020122], [78.61342610029965, 50.08843240002049], [78.64474009998794, 50.12347730024982], [78.65211469983697, 50.13172680026299], [78.70994840042366, 50.19637259975213], [78.76155919974605, 50.2662308997179], [78.81980980037125, 50.32104849980433], [78.7887470998921, 50.42224029991482], [78.78002229983164, 50.45060129994591], [78.70485359989986, 50.47282430005855], [78.69498660004055, 50.59397959978041], [78.70986710019554, 50.63519260003912], [78.70079300011832, 50.65199359995272], [78.69631330032406, 50.6602856997527], [78.70031340036792, 50.66756170000305], [78.7189747002463, 50.70149070012542], [78.7121904004384, 50.70786469977963], [78.68812720017664, 50.698210299992695], [78.68290130041859, 50.695217600073065], [78.66424420016415, 50.692430099781426], [78.6498638002127, 50.690281500163934], [78.60840410014482, 50.684086199746034], [78.52373579962679, 50.68099480001321], [78.4757370002977, 50.72139890018417], [78.45769249986311, 50.7365793000981], [78.45777229990476, 50.759735399963134], [78.45160759958935, 50.76933790013323], [78.47219520005058, 50.77876679999952], [78.47754370008201, 50.79349360005088], [78.47937889981694, 50.79976689979315], [78.47464669976603, 50.80339340025272], [78.46738720015603, 50.812484800023505], [78.4649840001585, 50.819209199968306], [78.46704389998705, 50.8265832998842], [78.46253779960495, 50.837100100138926], [78.45090769969364, 50.841761500158476], [78.4358014996202, 50.84327900026675], [78.42460720030095, 50.84227159998854], [78.41430759964858, 50.84097079976964], [78.40043929959619, 50.84848170007922], [78.38807970030054, 50.85303349985008], [78.3705701996182, 50.85259999985305], [78.35821060032258, 50.859752099923625], [78.34962749961674, 50.871886399860124], [78.33623790010115, 50.88011860005635], [78.31598190015066, 50.883367699761784], [78.29126269976274, 50.88250129997455], [78.27821640041611, 50.88250129997455], [78.26929000043961, 50.88726640001815], [78.26139359978475, 50.90220839974138], [78.2493772997598, 50.91389870015782], [78.2452574003897, 50.92342199989835], [78.2421675003412, 50.93835229991289], [78.22877789992732, 50.95371040001678], [78.2213431003778, 50.95703050025557], [78.2076530997396, 50.960787900131386], [78.20179520014493, 50.96489630013216], [78.19620250029008, 50.98132569994438], [78.19474340001175, 50.991740100004], [78.19422840035094, 51.00139600004497], [78.19107410007976, 51.00824169972198], [78.18834899957997, 51.015572399999726], [78.18066710044523, 51.02321229993257], [78.17199819985001, 51.025979099859335], [78.1599176002136, 51.02650540002165], [78.1454497995749, 51.02532670019128], [78.13446349976985, 51.02509730002106], [78.12450720018474, 51.02979380012595], [78.12566590023877, 51.03768769991086], [78.13304730033454, 51.05031530010663], [78.13454929965926, 51.05894750021985], [78.12937800040255, 51.06637799987747], [78.12043019986103, 51.07104339992726], [78.1131774995994, 51.072890500247475], [78.09862920002976, 51.07251299985529], [78.08998179971256, 51.07262089999955], [78.08165620018461, 51.07774400009582], [78.07393939970447, 51.09019559975241], [78.07428269987345, 51.10140750022924], [78.06913280028341, 51.109168000026656], [78.06379069985016, 51.127230199899145], [78.06878950011442, 51.142135600026414], [78.07550339985175, 51.147384099781554], [78.08912150023292, 51.148104199860924], [78.09975319996104, 51.14889820012053], [78.10897120026529, 51.14972479996594], [78.11909779976695, 51.15496569975097], [78.15548710024919, 51.17222319973905], [78.17450789961603, 51.17869320028097], [78.19374110024192, 51.18563130006095], [78.21222860036735, 51.18651579988042], [78.24427780014878, 51.188789799763605], [78.26198190017614, 51.19259809999565], [78.28631370030112, 51.20033589998285], [78.31024629989365, 51.211491699856005], [78.3243877003688, 51.23390579987037], [78.34014970024413, 51.24476129998176], [78.37582979967408, 51.22660960015524], [78.39064829990484, 51.21888539988625], [78.4196628999266, 51.22133020000269], [78.43060319970093, 51.22342379983102], [78.450607600405, 51.22411470025632], [78.48383919959429, 51.229947599996585], [78.51372160002838, 51.231169599892446], [78.54217870019494, 51.237727300241914], [78.56989169976057, 51.24849320006318], [78.63206069955285, 51.27336019998387], [78.64150110026351, 51.29174679989671], [78.67307589974342, 51.29401810022566], [78.68823539955764, 51.29581790006404], [78.69585820032644, 51.2934481997766], [78.69693039980517, 51.301602400278135], [78.69810389960354, 51.31188789989694], [78.7187995997328, 51.3098030999812], [78.72861989977378, 51.30723839972877], [78.76347300027174, 51.30092130017146], [78.78476570007754, 51.29883220000185], [78.78329360027875, 51.373346899927846], [78.78995270008882, 51.382534399740074], [78.74802680043963, 51.38144530016316], [78.74025279973378, 51.46765400021044], [78.72078649976643, 51.4655690001193], [78.70342370025818, 51.46588490000052], [78.68013130032426, 51.47006880027923], [78.67146109986679, 51.491063499978516], [78.67977149990014, 51.49618499973064], [78.70821839969663, 51.495329800206534], [78.73634550015039, 51.49607440009715], [78.78342519987463, 51.49575140020574], [78.80860719972047, 51.49562569984366], [78.82457090012316, 51.4937644998744], [78.83322210031409, 51.49121240018953], [78.84709800011369, 51.490457400095], [78.8543194003759, 51.48809240018007], [78.8377725002161, 51.47561049994697], [78.8416297995708, 51.45394139999797], [78.91922879987557, 51.45785769987201], [78.95284970016294, 51.45357040022895], [78.98336660044512, 51.44925830022611], [79.001466199946, 51.45910429972916], [79.02902139965217, 51.479437300147914], [79.081995699642, 51.51128889998671], [79.10134949999312, 51.5254022002756], [79.06153510030067, 51.586820900273146], [79.11063969969341, 51.59360930018491], [79.13428829960374, 51.60129360003532], [79.15045320017215, 51.60606650017676], [79.20238840000832, 51.619092699764884], [79.2204959999051, 51.629901899861146], [79.23048400013822, 51.63586300012144], [79.24147120005519, 51.643101999839864], [79.24853569967159, 51.65182759977769], [79.24564750015045, 51.65770330008117], [79.23755080034007, 51.66634610007143], [79.23082209996008, 51.67096249988204], [79.23295519990785, 51.67718099993617], [79.23613659965626, 51.68326989999261], [79.25919180033776, 51.688439800275354], [79.24802620039523, 51.69215339989723], [79.25085890020146, 51.697679200018385], [79.27369150015213, 51.70247500012222], [79.30350550016557, 51.704461900096135], [79.31961890031872, 51.70610320006283], [79.33253010023313, 51.707195100020904], [79.34714020030108, 51.7090085001936], [79.41167649981882, 51.62424770011928], [79.43483230013402, 51.59431520012944], [79.45162280004274, 51.572988999940684], [79.46161819969885, 51.560394299790346], [79.46966890037683, 51.549951200158496], [79.47429299986145, 51.54399980011732], [79.47941059962709, 51.53728680013163], [79.48687790022358, 51.52747589992538], [79.51818469991487, 51.4863136001833], [79.52881690000454, 51.47153989979318], [79.53164350025001, 51.468301300149065]]]}, "properties": {"ADM0_EN": "KAZ", "ADM0_PCODE": "Kazakhstan", "ADM1_EN": "Abay Region", "ADM1_PCODE": "KAZ001"}}, {"type": "Feature", "geometry": {"type": "Polygon", "coordinates": [[[69.64733699957308, 53.68003469976356], [69.65530140000004, 53.679984699826896], [69.68074009972655, 53.677123799894886], [69.68076690006475, 53.66827200026409], [69.8029556003819, 53.668289700145095], [69.80286529993293, 53.632230600210356], [69.84069320024037, 53.632183000220756], [69.83998509962439, 53.5186335999457], [69.87072299983946, 53.51912070009651], [69.87414999988489, 53.529984600133524], [69.91084939970148, 53.52030649987194], [69.9286586996351, 53.52087649979187], [69.94254590024109, 53.52112129995343], [69.9781842998756, 53.523026899749226], [69.99617389977162, 53.51601969997485], [70.01523840038041, 53.509566200029205], [70.0336149998907, 53.50919659981377], [70.05546900032375, 53.51034899981151], [70.07389969997372, 53.507427199842574], [70.0703089002211, 53.48730750007506], [70.07409180020562, 53.46811140020446], [70.07162250037285, 53.44955980017936], [70.0710748002391, 53.433342599980804], [70.06479219963596, 53.4299065002029], [70.05182529968232, 53.42911830015416], [70.03095260000111, 53.425744499860066], [70.0093703004156, 53.41844840003948], [70.01423340027482, 53.37989599978264], [69.99740440036969, 53.36239719999193], [70.01090400038841, 53.36048209974027], [70.20983259988341, 53.35846750016351], [70.21008950008836, 53.3675335998741], [70.23385260016319, 53.36737189981019], [70.29631760023142, 53.292198399889195], [70.30839099987085, 53.26338919989753], [70.31603669959449, 53.25055949989383], [70.31887139994895, 53.22756979994437], [70.36006569995264, 53.22138749999915], [70.4555085997026, 53.2338225999915], [70.4554978998692, 53.2656053997599], [70.44697920028442, 53.27968039975974], [70.44785370033209, 53.32166500017032], [70.47617410026866, 53.3255964001301], [70.53425009984363, 53.333657400224816], [70.55638430008514, 53.33426940000266], [70.58434319998506, 53.33365620022502], [70.5836548003216, 53.430128100022266], [70.89021379962006, 53.42858290005971], [71.02321479966498, 53.427667699999354], [71.06339510024061, 53.42172009995465], [71.01194670015198, 53.33097819995205], [71.07810260014324, 53.3302018998541], [71.12988449978114, 53.32944720010155], [71.1445227997625, 53.32853849976396], [71.14250220032928, 53.31622930004746], [71.17199450016467, 53.316729899834534], [71.19472829980724, 53.31592579985382], [71.22322809959422, 53.307705999952276], [71.24903740018948, 53.30392540025931], [71.27018760024187, 53.316128899896576], [71.2926515998719, 53.326428999931956], [71.31545870024497, 53.326013800068054], [71.39346090038191, 53.348706200127985], [71.40514999984445, 53.3591370998168], [71.40609980027244, 53.37043900007304], [71.43256829989458, 53.384685000002065], [71.45369080039515, 53.39005339974515], [71.51289010011375, 53.39864550002376], [71.5271975999833, 53.4076061002325], [71.57283189963556, 53.423233799892685], [71.60587659983844, 53.40159109988527], [71.60908419985039, 53.38345900007217], [71.62705619995339, 53.32829200014547], [71.63280750006662, 53.310622900066704], [71.64188649955534, 53.3091648997511], [71.66841660024976, 53.29706169976957], [71.73953989989461, 53.21254419998629], [71.69651440035389, 53.134265299948844], [71.7104998002951, 53.098944399828696], [71.71650410012832, 53.08355000019095], [71.71958620010516, 53.07572519996714], [71.6065989001241, 53.041801899915185], [71.62287170003624, 53.03073480020812], [71.63369130037238, 53.01066559975249], [71.64734750010132, 52.98532179975158], [71.6509745001632, 52.978588100055184], [71.66888999982812, 52.94531170022361], [71.74262449988292, 52.97866850023308], [71.77870169958423, 52.98259619979426], [71.76185949983434, 52.94127090003842], [71.77311799995022, 52.926397800153374], [71.77270880027035, 52.914491899904256], [71.79863869969253, 52.89629379999108], [71.8106380997121, 52.90047859979732], [71.82256869956065, 52.89274820004955], [71.86870780030036, 52.87363169980603], [71.91487649963027, 52.854485300185054], [72.10536070009593, 52.865327600068696], [72.13183989955147, 52.87257080026659], [72.20416989982922, 52.8923500000392], [72.20327090002887, 52.967211199819666], [72.20272569990651, 53.01254930016831], [72.4492999997385, 52.97783770001482], [72.45905209968308, 52.98074619999713], [72.46958270031413, 52.980155300245606], [72.49060800040597, 52.98436280026974], [72.52847999990901, 52.98608109999157], [72.5382912000162, 52.983873700265214], [72.55830399996815, 52.98852520026213], [72.58069559987788, 52.99629399992755], [72.60483559980828, 53.000955100035014], [72.64666059978649, 53.01443399978457], [72.66917209963381, 53.012179900045304], [72.6935000998852, 53.014689100234136], [72.73783479962943, 53.011812199786725], [72.75293969984064, 53.01913960017008], [72.86936469970045, 53.02746420006464], [72.87863400009563, 53.01013460026517], [72.89415830035684, 52.945701599856044], [72.89736560033147, 52.93218860023383], [72.93125360029555, 52.92262769976558], [72.93005700031966, 52.90951670005844], [72.91224349986373, 52.714382999871795], [73.06456580011111, 52.749349600093375], [73.11814760018488, 52.730066399934444], [73.20747619959853, 52.71733729996129], [73.24651329965204, 52.7044251998416], [73.3200893000598, 52.70942019986667], [73.39163340022812, 52.69912850010477], [73.42473200024631, 52.65389509986826], [73.49317620032043, 52.66598890019713], [73.52432309989112, 52.61368470018231], [73.52913410015876, 52.60278689999835], [73.54599810022401, 52.60237500022063], [73.92187979984215, 52.59283290021158], [73.9215373997851, 52.543735599777776], [74.0003955003517, 52.54352349991094], [74.00036920037509, 52.452679199935865], [74.00035339990758, 52.318701300268394], [74.00038379979513, 51.932117200153264], [74.03020490009249, 51.93210270025063], [74.02752410001091, 51.891639200016016], [73.96907250044255, 51.892988399776], [73.93216640007573, 51.87666539984866], [73.9050376998052, 51.84952309976667], [73.85558140009734, 51.81966829972642], [73.83655879960834, 51.80627920010267], [73.82683090027744, 51.81522749997253], [73.82084010032638, 51.8122928997449], [73.81473540028544, 51.80769599991839], [73.80990740029938, 51.80429939986988], [73.80924219962812, 51.79656330004037], [73.81797009977461, 51.796433900276426], [73.82197739981538, 51.79213569973624], [73.81616770022559, 51.78921580009684], [73.81527179961296, 51.781321100162074], [73.81289539995365, 51.77561579974366], [73.81666119960838, 51.77104169995445], [73.80981619973848, 51.763831099777185], [73.80777769957658, 51.75741629989096], [73.80019249959066, 51.75420850006432], [73.7998919996534, 51.746005499966266], [73.80061089981574, 51.73835900006636], [73.79867969982132, 51.73170140016636], [73.79129820001256, 51.72879749986584], [73.7938087998905, 51.72147380022569], [73.7911479999004, 51.71500639983038], [73.78773629996093, 51.70748109977613], [73.78972109973346, 51.70058449995989], [73.79030049961696, 51.69288379982998], [73.78613770030218, 51.68861400023881], [73.79305780022815, 51.68589359998826], [73.79509630039004, 51.67919489989857], [73.79803600032639, 51.67399900023325], [73.80391540019907, 51.669920299952956], [73.80230609980858, 51.66262030009229], [73.79985990015338, 51.65567200015589], [73.79173809961735, 51.65397469997714], [73.78687800013115, 51.65055990008535], [73.78483410019614, 51.64294060020472], [73.78563339957635, 51.635293300168065], [73.77910680037239, 51.631277099770045], [73.79199770015806, 51.62518010007867], [73.90083729970755, 51.62882660017479], [74.00731400037817, 51.643013899841506], [74.0199413003234, 51.619431199814905], [74.03692990031183, 51.59892429999375], [74.06543280018487, 51.59505759991905], [74.09935979960865, 51.59465220020558], [74.16980950023262, 51.578060799857454], [74.25067190030161, 51.561840199841384], [74.25350730044356, 51.5392966999917], [74.26003789984554, 51.523493900025905], [74.16285570000878, 51.53014600003383], [74.13426990000805, 51.51289389974962], [74.07821799970255, 51.5086628001417], [74.04703320021, 51.509150699868904], [73.98559360008913, 51.501284299891154], [73.81576200038212, 51.440210899762675], [73.81195220034631, 51.42684890024135], [73.80414469966696, 51.424227099775635], [73.80870460015137, 51.41089499988442], [73.81839519963505, 51.40461050011648], [73.81433489989077, 51.39406720009047], [73.80307359972612, 51.39013430011719], [73.7974686001384, 51.38153599988027], [73.78326940026122, 51.374662700270974], [73.73169029979029, 51.360870899845224], [73.71861479980706, 51.346489499763194], [73.70094669976471, 51.33915790007309], [73.69865299990869, 51.31982809998556], [73.69052289983782, 51.31073800011443], [73.6885699004263, 51.30081110020126], [73.68563600001342, 51.287392200104975], [73.67106800038962, 51.278621500107505], [73.53495520026787, 51.307512000087975], [73.51214450034544, 51.306283800230936], [73.50108339962331, 51.30618120020893], [73.47549660004583, 51.309786200279106], [73.440807999941, 51.296475499886036], [73.42943899985856, 51.255573699960806], [73.41728619992786, 51.26685209985016], [73.40106780019269, 51.290134899748224], [73.39365649967276, 51.30345750010076], [73.37562459990662, 51.30048969980274], [73.36135419956001, 51.29689430027714], [73.35997620008386, 51.28429690017617], [73.35257690015777, 51.28228999976773], [73.33719379978784, 51.27896159985567], [73.32525530015468, 51.27812679975699], [73.31837829959939, 51.275104400170015], [73.3108874002604, 51.273815899878706], [73.30138110003872, 51.27509320011441], [73.29480490035635, 51.276536400038495], [73.28711499992744, 51.275026900000434], [73.27648170029981, 51.275209300106546], [73.26594520043224, 51.27466239995841], [73.22333310019539, 51.30476600006272], [73.2089799003324, 51.29505489999749], [73.20406819981972, 51.288433000120264], [73.19633770003153, 51.2895213997843], [73.17447130015266, 51.2842537000828], [73.15621780037894, 51.27672769993211], [73.1692108996978, 51.26144340004981], [73.19672209992139, 51.21589899991852], [73.2481998003597, 51.23156319999485], [73.2654518995771, 51.205998600174404], [73.28091970029853, 51.17440510010431], [73.28983869995369, 51.16853680019748], [73.312459099868, 51.151365000232154], [73.31999639988636, 51.121037100241715], [73.33376429973106, 51.1210975000377], [73.3409547997441, 51.124450900001534], [73.36135849979529, 51.162951499891065], [73.38799869980754, 51.16014010023401], [73.43783369959483, 51.179101499983396], [73.5772553003352, 51.12276419989641], [73.57232680042839, 51.118649299747325], [73.56500849979483, 51.11596539976428], [73.55527260006802, 51.11677329986151], [73.54738959958227, 51.11353870025392], [73.54118119982158, 51.10966420017868], [73.53643149969061, 51.10630920006481], [73.53127690011497, 51.101174700152114], [73.52519019961743, 51.09682239977645], [73.51549599968612, 51.09707409974156], [73.50752380008592, 51.097762300152496], [73.50029109991578, 51.09359300017577], [73.49583819956148, 51.08633810022159], [73.48949619965683, 51.08293059995957], [73.4852051999711, 51.0785054997945], [73.47878219987557, 51.07219790010113], [73.47692010008943, 51.06605889991816], [73.46968749963227, 51.06300610014809], [73.46021489970855, 51.06108949980314], [73.45661280004796, 51.05648179977892], [73.44890330017618, 51.05597800013629], [73.4408884997702, 51.05549820005347], [73.43762880016675, 51.05000909997875], [73.42997660023366, 51.04914650013741], [73.42727850039633, 51.04375059978104], [73.42174280044287, 51.040240799812906], [73.41716079960575, 51.035706899947925], [73.40908990030866, 51.030075499871344], [73.40178650003071, 51.02783740020417], [73.39425049987459, 51.02536510002906], [73.38613310018506, 51.02388749979057], [73.37748069984495, 51.022717100107606], [73.36938650004605, 51.02141500024464], [73.36047829993717, 51.02100529988421], [73.3541052003574, 51.01914709973776], [73.34594130027548, 51.01762549995832], [73.33903329975809, 51.015342800103646], [73.32956690000641, 51.013338099914954], [73.32089120006282, 51.01207959979174], [73.31382039966307, 51.01428930002191], [73.30663329977338, 51.015825699973504], [73.29844610008796, 51.012825899943905], [73.29109620031596, 51.01086499989731], [73.28023420039679, 51.010118699841705], [73.27232610008367, 51.008552800004104], [73.25741700026501, 51.00527450023364], [73.24569439993057, 51.00338640026327], [73.23806539988799, 51.00141050027287], [73.2279476999958, 51.00076649979946], [73.2199929995773, 51.001205600043804], [73.21013120006519, 50.99883430001643], [73.20157179961143, 50.99713630000912], [73.19347759981247, 50.997428999958345], [73.1864534004164, 50.99469160026869], [73.17566109988181, 50.992920199853], [73.16920049990172, 50.92162810015477], [73.05041279969069, 50.892676800099615], [73.00513960032472, 50.883135500234694], [72.98297959956994, 50.86337810024932], [72.80225189989554, 50.886036099924986], [72.79235660040972, 50.88739359976923], [72.7765331997865, 50.87299789978992], [72.7696611004394, 50.85950630025332], [72.75243919988688, 50.845671999736865], [72.72175710032226, 50.835626799936456], [72.716912699794, 50.81858630017562], [72.70161470042424, 50.805060500058396], [72.68656370002834, 50.7857389999146], [72.67648320027037, 50.769612500100926], [72.66243560008057, 50.74962689986992], [72.5244526000637, 50.734462399727775], [72.51919300000782, 50.711610100109304], [72.51310519997234, 50.71572239996777], [72.50912750031844, 50.722110500172974], [72.50546719970893, 50.73428210013402], [72.49491400016028, 50.74424139996282], [72.48171279981764, 50.74023520004491], [72.4753682001885, 50.73694160013266], [72.46945660020448, 50.731579999731245], [72.4643738999876, 50.726969700093576], [72.4545908000808, 50.72035220015426], [72.44810749967351, 50.71439060011316], [72.43843579984515, 50.70681520003298], [72.41056549988336, 50.688205100199134], [72.39923260039734, 50.67778599999599], [72.40003230042619, 50.66937019979121], [72.40316779985677, 50.66379520020016], [72.40449299995385, 50.655682500275304], [72.42460759968871, 50.64102369973038], [72.46135300043437, 50.62345349993475], [72.4727603999019, 50.616332199864324], [72.47725220000298, 50.609673299947005], [72.44582889959916, 50.56492660025834], [72.37900179998715, 50.55606149988311], [72.26679589955594, 50.59369019995807], [72.23616339957144, 50.561877899865046], [72.16995429955243, 50.53926020022108], [72.19443370006515, 50.456376299847314], [72.20279420004023, 50.45520149986263], [72.18483069979645, 50.45109489977447], [72.11706969993695, 50.44526139983228], [72.12283790005557, 50.40951670017048], [72.10506559993188, 50.411783700003504], [72.0818048000346, 50.42698919972157], [72.05898199980538, 50.44503039999281], [72.03892949970773, 50.45577640017647], [72.02400240034575, 50.45927779984591], [72.01702109999606, 50.46248390023519], [72.01173070030232, 50.46693540028455], [71.93655149996314, 50.46629109997451], [71.92238040028641, 50.465542299714464], [71.90845420022072, 50.4660253001235], [71.8942306003037, 50.46635419992299], [71.87562260016614, 50.46573039978157], [71.80863669997149, 50.46505090003329], [71.79967969978313, 50.424091799830315], [71.71022570004745, 50.429051000186504], [71.72095789969626, 50.44523809979212], [71.73992230013467, 50.452773899830134], [71.75356710024268, 50.46680369999231], [71.77302400023895, 50.49000469987415], [71.77982550008954, 50.505599499929865], [71.78695639957843, 50.55573729996955], [71.81643910001668, 50.589263300030616], [71.80658650015134, 50.59884709990918], [71.80147180014737, 50.61000199997974], [71.78774840014695, 50.615724699786426], [71.76915209966762, 50.61727170024395], [71.75909379997523, 50.62645829988489], [71.79262559996282, 50.65250219993284], [71.82103899978586, 50.663339100093204], [71.83661390035034, 50.682701199869314], [71.81774879968349, 50.7027094000713], [71.79512010023426, 50.693816599873124], [71.76252279967045, 50.724718100120334], [71.73567089998338, 50.75433950004028], [71.71358850019442, 50.746704999985255], [71.67611330002713, 50.75014560024198], [71.65851180018156, 50.754899700152265], [71.65336909969027, 50.785229899787595], [71.55537129964407, 50.77332440015237], [71.54110509981977, 50.79183729996449], [71.52679530026306, 50.79361910004396], [71.5116215001679, 50.782916200191735], [71.50081599978843, 50.777878299958786], [71.49320269960214, 50.76921669994018], [71.47951739984785, 50.76445800026011], [71.46226950025435, 50.75636300003988], [71.45034729965373, 50.75465869998462], [71.43963700003317, 50.751742299774875], [71.41400180012651, 50.74561460002275], [71.40574789963294, 50.747420400177944], [71.33541999978166, 50.72176010002517], [71.34018520034289, 50.701438300236155], [71.32809130025038, 50.67521509989707], [71.33143480009345, 50.6515522998114], [71.22879140028475, 50.651701800261506], [71.21161389986345, 50.60632599979302], [71.12739940037915, 50.60922379973142], [71.05838310013155, 50.556790200181865], [71.06390430037797, 50.507481999902446], [70.95173879988006, 50.477213000177414], [70.94867769981958, 50.47163120006855], [70.92057570009156, 50.46859110022094], [70.85371080027069, 50.47700940018157], [70.84257210037937, 50.46059030018792], [70.82369560009158, 50.45094010008909], [70.7956453999177, 50.44049630004817], [70.78282689985244, 50.43876620026691], [70.76948830039044, 50.44133240015428], [70.77032150039291, 50.41669940011771], [70.76999249960662, 50.39220840011032], [70.75192339970624, 50.28716069983532], [70.75056909958391, 50.25024979987713], [70.72999979960169, 50.2311596997669], [70.69152569978792, 50.26965230018324], [70.67208210024774, 50.28504180024699], [70.64876970022226, 50.29277360020068], [70.62676570000143, 50.287861200091704], [70.48648400010576, 50.23925629972815], [70.47529319972465, 50.23473609978755], [70.49974760012294, 50.207812899765315], [70.54831730037465, 50.14898100020548], [70.52783339963321, 50.133191099932944], [70.50024110040408, 50.12310570015221], [70.43843060027542, 50.09678040003205], [70.40342439990357, 50.09285680009888], [70.39643790010506, 50.09065130002525], [70.38803749966003, 50.09282010009266], [70.37814269963759, 50.08581090027511], [70.3608531999616, 50.08296050013715], [70.35020819977738, 50.08423020005134], [70.34573870035322, 50.07295519998289], [70.33753799988747, 50.069613699942266], [70.32573389989889, 50.07178549991572], [70.30827200004515, 50.06956549992592], [70.29892119999583, 50.060125400136315], [70.28859979992642, 50.05858590009303], [70.27941609999463, 50.06263290016615], [70.27162700040556, 50.059664099723776], [70.26349389996152, 50.05860750005681], [70.2529232003328, 50.055031299894026], [70.23809190000763, 50.05480869991937], [70.23243549971764, 50.050101300201256], [70.22522570029905, 50.04734559972207], [70.2168142999834, 50.04988089986961], [70.20737290034609, 50.053077399849506], [70.20033480041931, 50.05054219992495], [70.19363999976322, 50.04492040007964], [70.18385529995693, 50.044369199994584], [70.17801880002891, 50.040951700000704], [70.16840579971449, 50.04073119995892], [70.16359920029343, 50.043928199716945], [70.154329500148, 50.04194390015599], [70.14814970005094, 50.03918770015634], [70.14008159990425, 50.04150290009712], [70.12840869976124, 50.04403850021202], [70.11948229978479, 50.04888879973943], [70.11519070002451, 50.05539189991424], [70.11089919997725, 50.066963099934625], [70.11759399973504, 50.07291290027618], [70.13064029997996, 50.07654850015201], [70.13716340024592, 50.07886190022041], [70.13476009963705, 50.08701309977848], [70.12875199993022, 50.09075779996626], [70.11931060029296, 50.09923730004211], [70.11759399973504, 50.10562350007458], [70.11484739985553, 50.111568500145594], [70.12154219961333, 50.118173200194924], [70.13081189975884, 50.123786400183064], [70.13476009963705, 50.132810299793775], [70.13664839968683, 50.13908200022774], [70.13321520036766, 50.144032699858826], [70.13664839968683, 50.150082900172656], [70.14917970027088, 50.154812600168945], [70.14969469993167, 50.16482020011085], [70.14471649983352, 50.17042800023748], [70.14935130004976, 50.17691459985651], [70.15587450002867, 50.18427970005873], [70.16462919961504, 50.18548880020459], [70.1675474998847, 50.190654599980036], [70.17132400027117, 50.19614940020753], [70.16583079961379, 50.201423900154715], [70.16102429990572, 50.2062582998446], [70.15535950036788, 50.2118612997704], [70.14814970005094, 50.214607599966996], [70.1411116001242, 50.21647489988692], [70.13407350019743, 50.21263020019699], [70.13046859958978, 50.20614850018363], [70.12240050034147, 50.20373129992448], [70.11656400041345, 50.20043500002675], [70.10506270004925, 50.20186340008302], [70.0927030998553, 50.20076459983664], [70.0837766998788, 50.202193099854064], [70.08497829987756, 50.20922469988024], [70.09132980036472, 50.21295979972645], [70.09785289973235, 50.216145399941254], [70.0963079995646, 50.22614020025491], [70.09064320002676, 50.23602320022439], [70.08617999958933, 50.24118349991642], [70.07794019995083, 50.243708499774314], [70.0729619998526, 50.252709799947915], [70.06455060043525, 50.257209699905985], [70.05253430041023, 50.253368299842364], [70.04412290009458, 50.24963640017326], [70.03021839973285, 50.24535519996939], [70.02300860031431, 50.24447700007397], [70.01545549982836, 50.24722140022161], [70.00567080002207, 50.24348900017629], [69.99708770021462, 50.24030520017369], [69.98438479985164, 50.23690160012057], [69.97647390038809, 50.23541349993786], [69.96609629991791, 50.23439319975627], [69.94857740016276, 50.23192350016428], [69.79609690030561, 50.20871119971626], [69.739244999934, 50.19559109975559], [69.73400359974569, 50.19836680018824], [69.72201819996985, 50.20132870023417], [69.71457540002447, 50.19985909996807], [69.70878230040282, 50.1975319998472], [69.70136250002358, 50.19589820005747], [69.69835550010278, 50.190142800282075], [69.69038750012653, 50.19105650000179], [69.68160970036263, 50.190386599954344], [69.6774541998595, 50.195929700066834], [69.6712743997625, 50.19340209983917], [69.66269129995497, 50.195709900002726], [69.65187669964179, 50.192852599746914], [69.64432360005421, 50.19505050006487], [69.63625549990748, 50.19779779989354], [69.62801570026899, 50.19746810024238], [69.62149260000301, 50.193951599933655], [69.61222289985757, 50.19845709978399], [69.60126120041657, 50.19757689973433], [69.60074450024491, 50.2823662002821], [69.58453609965716, 50.28898980012582], [69.51878459964725, 50.29516759996767], [69.48552650015705, 50.361512399904036], [69.44705680029155, 50.376981800021916], [69.42117829977497, 50.33360339985208], [69.37220249992937, 50.38762029982287], [69.26617490030698, 50.35826960003477], [69.24502419989304, 50.300019900197135], [69.29363689980242, 50.303365400272874], [69.30407009970052, 50.246029899755214], [69.25938109991668, 50.234825099778], [69.21419179960502, 50.23724650000671], [69.18453799974951, 50.259966700283506], [69.16457529973923, 50.23247830023505], [69.15284819974357, 50.17814930016591], [69.10903890035453, 50.196972599952915], [69.081328499615, 50.195019200178535], [69.08130159956386, 50.179209699823446], [69.05053949963327, 50.19059030007967], [68.96513109961053, 50.1762689001776], [68.85195330019535, 50.20532889977691], [68.82425240003832, 50.20232609978488], [68.78889189962682, 50.221340499773206], [68.75029750012513, 50.21404800008089], [68.75170669988775, 50.23924720004677], [68.71624309983113, 50.24410659981642], [68.67393340036669, 50.2440103998352], [68.69060930039794, 50.276648000217484], [68.7297835004318, 50.30194159993378], [68.7368455000367, 50.420031600248755], [68.76055970031902, 50.47096740017881], [68.74950359961973, 50.512441999980844], [68.77335079997147, 50.548060099816084], [68.79238670001827, 50.56014869978029], [68.80127710000978, 50.79953210022956], [68.51238969969167, 50.8040762998283], [68.47754560031284, 50.77752350005916], [68.4815398999349, 50.767003500107805], [68.46114610021642, 50.758305099723756], [68.4312733997908, 50.75570450000907], [68.40494920014599, 50.746440399792014], [68.37279789964602, 50.739071100146475], [68.36238599970163, 50.731286800120415], [68.33053730029836, 50.723292700018895], [68.32779929999109, 50.71159730018586], [68.25591170022777, 50.657065300208714], [68.21817529962026, 50.65005630028456], [68.21057779990146, 50.64183799981674], [68.17590560033877, 50.634396900088525], [68.14511809964529, 50.61889470010511], [68.11598970014495, 50.619028700165906], [68.08167369966036, 50.63035549986716], [68.04612010009036, 50.661070099732754], [68.0291049998011, 50.655397000142756], [67.98782830003135, 50.66049069999152], [67.94695769985535, 50.65319089976799], [67.9167567999407, 50.65695389973261], [67.89075750027288, 50.656383700243865], [67.90144499975322, 50.65466859972004], [67.90566500019206, 50.65087860011174], [67.90154500021067, 50.64496860016636], [67.9071049995925, 50.64083859993707], [67.9152449999962, 50.63861860007406], [67.91647500023275, 50.63093860017501], [67.92059500021413, 50.62470860026839], [67.91618499980451, 50.62003859995657], [67.92760499994047, 50.61525860018813], [67.93430500004544, 50.61065860020359], [67.93642499986147, 50.603578700048274], [67.94257500014554, 50.59872870014747], [67.93801499994807, 50.591628699747886], [67.93736499966971, 50.58392870002457], [67.93784500006873, 50.574338700028335], [67.93306499976322, 50.56991869974929], [67.93439499955882, 50.56308870002087], [67.93616499957048, 50.556238700208105], [67.92330289977288, 50.54592000007571], [67.92009550008524, 50.53782059988986], [67.89998410014934, 50.52754509981061], [67.86474860030968, 50.51683149995813], [67.83851289999174, 50.499136099770276], [67.78238910032756, 50.485160899864596], [67.74887520017033, 50.48840820005605], [67.72505499958275, 50.483826600097046], [67.68499399976841, 50.48683950003723], [67.65096440016276, 50.481178799926326], [67.60511219976527, 50.4841804997482], [67.5920669999566, 50.489931900210024], [67.56398380017082, 50.49232689994933], [67.5562732995758, 50.485890800276614], [67.49971479975571, 50.473559900082705], [67.31583770011994, 50.428768500252104], [67.13188940001474, 50.38392130010831], [67.10836630013944, 50.436385499814286], [67.06594929960922, 50.53084240006092], [67.09563190035104, 50.546103400179064], [67.11079770005036, 50.62215340002936], [66.99089579962947, 50.6581928999394], [66.8825645001053, 50.64978939992236], [66.85016040020969, 50.64503689975905], [66.77103559971665, 50.623923700237704], [66.72449360008046, 50.61150030014775], [66.66632410025743, 50.63585830027084], [66.64002529957892, 50.62704149981643], [66.49551420017167, 50.67309719998258], [66.4331356000674, 50.710652600215376], [66.31559709978538, 50.68543189976204], [66.24063610022877, 50.827371800137804], [66.21853569999814, 50.82251380006905], [66.20179610043006, 50.82513320010623], [66.17842680021626, 50.80014799988276], [66.1564966001892, 50.809856699731725], [66.13275179969506, 50.7881355002586], [66.10955269968483, 50.79819810007097], [66.11681130008125, 50.804811699719856], [66.0918475001196, 50.81484980022833], [66.10187780022284, 50.82326990019794], [66.0952194999133, 50.82663239974725], [66.08428290029971, 50.829398999885115], [66.08799739986354, 50.871740999737014], [66.06114920033716, 50.88368799972924], [66.07065900039511, 50.88760359984397], [66.0528116999283, 50.902319599893374], [66.02760710026648, 50.92062610001159], [66.00302390032098, 50.938714399958556], [65.98952750010129, 50.946594500161176], [65.97757049966484, 50.95468890009756], [65.94988880009868, 50.95941439989232], [65.94171659958361, 50.942554099924486], [65.86193500036221, 50.96437989974837], [65.82460519971012, 50.88524860000162], [65.81949630012797, 50.88234009994694], [65.81315539976123, 50.87999650024752], [65.80835279963983, 50.874811699798684], [65.79829729999615, 50.867211100232325], [65.79608359960781, 50.860556599810984], [65.79120590032868, 50.856719799994174], [65.77428699972482, 50.85201430010202], [65.76351539996762, 50.85211479985588], [65.7523194001376, 50.84786019984764], [65.7436171998931, 50.850741300167215], [65.73385389975351, 50.85191380013153], [65.72064140040122, 50.853655700156814], [65.70833949989631, 50.8486804997948], [65.7000535996157, 50.84510359978823], [65.68808460038198, 50.8453878998899], [65.67581550006302, 50.84754369992156], [65.6681690996534, 50.846375999772484], [65.66060870035582, 50.84440959995941], [65.64277589959605, 50.83888839995108], [65.63423289968452, 50.83480010009068], [65.62795599979012, 50.827349399739795], [65.60462910005766, 50.8308984001345], [65.58512159975811, 50.88862899986928], [65.57935609997523, 50.896373799910144], [65.61421020029812, 51.00611240023809], [65.61581310019218, 51.029715399863], [65.61004179998748, 51.05456299988048], [65.62611330002083, 51.068488000033966], [65.63295780042746, 51.08236560000772], [65.56065660013768, 51.136240099750005], [65.45040809996452, 51.185731100113316], [65.42605749989724, 51.20337320009565], [65.48158809975855, 51.24315040023299], [65.40317769976656, 51.3019390998604], [65.39603099981018, 51.31256599994685], [65.38800990041743, 51.32676219996611], [65.5466954996249, 51.403485900227416], [65.46151269980764, 51.44007779999323], [65.53716520001215, 51.514048800154825], [65.56916100033983, 51.58338159992326], [65.5773275998591, 51.62816129984115], [65.52091069968064, 51.684326700071665], [65.38314100013648, 51.68489949982738], [65.35241659980346, 51.79348919998325], [65.50583849994237, 51.79833160015664], [65.51776080025601, 51.79568460004121], [65.52848899970688, 51.80192520020909], [65.76047610022245, 51.8724365998016], [65.76850739998521, 51.92051190017573], [65.81656769977526, 51.993839399742335], [65.82751270043343, 52.016324200138506], [65.84969949972978, 52.080805899810926], [65.86101429995946, 52.08072069987862], [65.8681430003726, 52.08268279985352], [65.86579849988895, 52.08870069997153], [65.85459580042355, 52.09306089994187], [65.86895049957475, 52.14086809996488], [65.98531749970823, 52.196206600000075], [65.9986461000227, 52.20463699979088], [66.00679349984948, 52.43434700024616], [66.04223980015033, 52.44341130023317], [66.05991589969031, 52.44795720024247], [66.07819800002596, 52.45167549986035], [66.23998579991311, 52.33221919995677], [66.3153028997332, 52.35042260013429], [66.35487029955344, 52.3599826001744], [66.38846929981246, 52.36194440012433], [66.4423906998946, 52.36579549990298], [66.49064289959225, 52.37532950007365], [66.54120699991186, 52.36862210011538], [66.56543899990373, 52.30473699980976], [66.55550329958642, 52.301213400255314], [66.54919699962946, 52.296253399837866], [66.54218199988023, 52.290088699953166], [66.5420402996273, 52.28179829984838], [66.61780980000763, 52.27407600022871], [66.78097590030654, 52.28121050021329], [66.82861650000935, 52.2605123998845], [66.9123776000068, 52.24331770023033], [66.93136150017503, 52.244641200225075], [66.95554240040029, 52.24767059973046], [66.98544090044088, 52.25070270001486], [67.00393450012707, 52.24687529995038], [67.02470509998811, 52.24434689989245], [67.05723849979249, 52.24364960008445], [67.09997179982918, 52.256976900142405], [67.13818680036218, 52.247301500081605], [67.1743062999336, 52.23895090006146], [67.29718129965312, 52.20696040017514], [67.2968662002959, 52.315368799835824], [67.29654709984234, 52.423449500057295], [67.42247540044904, 52.42872729975493], [67.4737058997925, 52.42699600010215], [67.5379326003375, 52.42651619987695], [67.57160060019346, 52.39517990020015], [67.5957040000643, 52.37273200010178], [67.6950520003218, 52.359481799883184], [67.73336409975393, 52.34692559981554], [67.80590690014273, 52.305164299982096], [67.86010660009643, 52.27377520019188], [67.90332130010735, 52.32679130027447], [67.88070690004085, 52.336999800261324], [67.91389599993408, 52.37663819984647], [67.96954890003133, 52.35125350009005], [67.97901029976018, 52.35158769989295], [67.98456460022986, 52.35474490018807], [67.96887139962722, 52.36267639981594], [68.00032630006787, 52.37951700027193], [67.99528830001945, 52.401827500121165], [68.05103829991411, 52.46085959995707], [68.03912610025756, 52.48353650014658], [67.99604970037619, 52.483262999891735], [67.9936807998528, 52.506781899900055], [67.99169109977046, 52.52652540007377], [67.99011410010267, 52.53520940007144], [67.99038880042501, 52.54426259988584], [68.14000989985074, 52.54515740005507], [68.14971270025251, 52.5602388999025], [68.15296440035841, 52.56739159997859], [68.15695920034202, 52.57617729998921], [68.16048640027088, 52.59039990024773], [68.22810759981424, 52.60665390002566], [68.33812169988536, 52.60566000014419], [68.34107299976702, 52.615345900187855], [68.36104810012142, 52.65705219984745], [68.39326359962155, 52.656126800077494], [68.41488109969136, 52.70390220020555], [68.40581069977488, 52.712134799864856], [68.42013890042173, 52.72079190014816], [68.4559381002888, 52.73593749977676], [68.48397919963048, 52.750746100065456], [68.49528839976269, 52.755853299911976], [68.50357159970757, 52.73841329985683], [68.53906910038631, 52.73763449979479], [68.55556619974347, 52.76689879995282], [68.56131230040779, 52.77351149992985], [68.5629941002316, 52.78225509981598], [68.57373960033652, 52.782140900001316], [68.59495910002313, 52.78390129993377], [68.63172660022305, 52.80095920017936], [68.6577237996297, 52.791609799838184], [68.67689100013335, 52.79503309985842], [68.68163790021558, 52.81242650020648], [68.68784000009117, 52.827708299762605], [68.6504539002237, 52.85366560005489], [68.64031460034046, 52.86322129980689], [68.65516990005676, 52.86980630024427], [68.66597760041026, 52.870062799812864], [68.63963920019744, 52.938395500121295], [68.62101200036729, 52.97047420020669], [68.62848400005097, 52.98295170003394], [68.6646869998247, 52.99365100018183], [68.67144670016687, 52.996252900097836], [68.70119879996896, 53.0077031998459], [68.74321819986616, 53.033637700187], [68.77341509958285, 53.07723789973087], [68.78420360024387, 53.09121270023426], [68.74007240035249, 53.09487250001202], [68.7267920997559, 53.10010569982402], [68.71667400011337, 53.10757769978484], [68.70231249981715, 53.11487890008044], [68.74267169988158, 53.12549870020135], [68.75207880004474, 53.19553059980085], [68.72604700022828, 53.19658999979993], [68.72784080020507, 53.206880599993745], [68.69621080014927, 53.20967480008017], [68.70598239982382, 53.26654259987602], [68.69169219970998, 53.2686630999985], [68.67867010007888, 53.2705825999436], [68.66597510039885, 53.27353159992456], [68.64777620022812, 53.27510929979935], [68.63961730016916, 53.2753599000559], [68.63188579965768, 53.27432579991829], [68.62287600009023, 53.273004399906895], [68.61086449976385, 53.271262000034916], [68.60251330004694, 53.270062199836254], [68.59512490027848, 53.26934059974844], [68.58590550039901, 53.27098520023228], [68.57943690002303, 53.29969660000581], [68.55664470000559, 53.306867999930944], [68.55072050025139, 53.31403179991972], [68.54950869988255, 53.32735930010514], [68.52932240021494, 53.32665959979854], [68.51903410036878, 53.37960600002038], [68.50073440024006, 53.39334759973506], [68.50703540013686, 53.40815760017313], [68.48115159956008, 53.46052800014892], [68.5037933003264, 53.474440600123735], [68.53148610037456, 53.462255600003274], [68.5599455002283, 53.46395269987168], [68.56389780001754, 53.48496819977778], [68.58466349956869, 53.48151890004405], [68.5945512999184, 53.48908279974303], [68.60421359977566, 53.508803499990364], [68.62063819969946, 53.51231080001692], [68.65002559966591, 53.50431779982353], [68.65677879979859, 53.52899950004485], [68.65264490018477, 53.55247519984074], [68.74836009995859, 53.550642200156894], [68.76295790029369, 53.55391879981901], [68.76950319972694, 53.566297100045695], [68.75671089992521, 53.57110740019174], [68.74807849967665, 53.57855030020894], [68.75540740043051, 53.59590470017839], [68.73616380000861, 53.6092654999927], [68.73283769963425, 53.6327064000668], [68.72940939972665, 53.64174820018716], [68.8183758999273, 53.63445790017927], [68.81822759975199, 53.64788149991359], [68.89939079979555, 53.64403949992091], [68.89687640004395, 53.626283800001765], [68.89156030044823, 53.614742699878676], [69.02788019997217, 53.61484439990852], [69.02811289956341, 53.676499900191985], [69.05460020002617, 53.67667999982252], [69.13572990009614, 53.67723150016678], [69.13551659962354, 53.63138759981004], [69.13535400006549, 53.59640849975337], [69.20570650028077, 53.59629770020963], [69.24091100015832, 53.596242300062165], [69.24085159995845, 53.585698100216995], [69.24075809971045, 53.569370200084755], [69.27104670034964, 53.56923620018894], [69.27084399999737, 53.55569679980964], [69.305777099963, 53.557477699983686], [69.30541520017607, 53.50725649974092], [69.3443853999954, 53.511433600106976], [69.36807080028973, 53.51640590025421], [69.37424109980421, 53.51949539980218], [69.41838430028946, 53.52761699989907], [69.42785970026196, 53.5508306000832], [69.41084080009904, 53.55122889989727], [69.41014049955464, 53.57220549988443], [69.37985920042203, 53.572615300185525], [69.37951620029041, 53.59843460005188], [69.41868610008895, 53.60285539979771], [69.42764310027725, 53.60274540020202], [69.43930630041189, 53.634915700036885], [69.45684830034452, 53.63516010013594], [69.47888549960334, 53.635474900244], [69.48392689977501, 53.64940889983613], [69.54566489957202, 53.64921240006226], [69.54558800019046, 53.67926270004096], [69.59784890040248, 53.67960560012421], [69.63132959972512, 53.67984669994906], [69.63935570003906, 53.67965349989251], [69.64382469999994, 53.68330180010767], [69.64733699957308, 53.68003469976356]], [[71.35618239982078, 51.29619889991246], [71.35878819955929, 51.28918780012785], [71.36275379980464, 51.27938730019621], [71.3655043998821, 51.273109400165], [71.36045919983677, 51.27004529993339], [71.35107139997751, 51.26819170013784], [71.34212490019652, 51.26711260025834], [71.33425800021558, 51.26608639995215], [71.32976530000253, 51.26218510025781], [71.3243270995968, 51.25741899977833], [71.31993099971788, 51.2535472001813], [71.31561670042873, 51.24923349995368], [71.31145390021554, 51.24494369987924], [71.30548060034454, 51.23862170012533], [71.30158600024433, 51.23323259979269], [71.27046139955391, 51.243105699872515], [71.26031760000942, 51.246318000203885], [71.25567999974444, 51.2387971999345], [71.25204289992381, 51.23422930024158], [71.24738660032784, 51.22836759995638], [71.24617150044703, 51.22111450007839], [71.24109139995451, 51.21536470021704], [71.2385923003088, 51.20968250022934], [71.2430866004214, 51.204410699803276], [71.24544869979971, 51.19657110019605], [71.25072600026, 51.19350439988004], [71.25531259957303, 51.18993990027184], [71.26175219963672, 51.19177279975139], [71.2672379002597, 51.18870310006436], [71.27114670002963, 51.18418790007978], [71.2763023003285, 51.18111840017942], [71.26538960039296, 51.17431859975314], [71.25298169958282, 51.17595980004362], [71.25422889986201, 51.162875399869776], [71.24277319977831, 51.15763890008055], [71.23858089978957, 51.15231779987717], [71.23623129957011, 51.1345142998971], [71.22875059970282, 51.12312860018258], [71.22677119970355, 51.11654229990656], [71.21797349956117, 51.11078530006869], [71.22588340009813, 51.10017699973743], [71.23016950037221, 51.09329100005164], [71.23615310032629, 51.083517799739234], [71.24190239989136, 51.07411480024585], [71.24544959991164, 51.06831490011982], [71.25321970013253, 51.06588900024372], [71.25452659975056, 51.058403999896555], [71.2547465998586, 51.04978330009512], [71.25931979990088, 51.046203400038586], [71.2633001998905, 51.04171430004467], [71.26833470010251, 51.03669860013678], [71.2724410995905, 51.03259139989905], [71.2768748002523, 51.028801100182186], [71.28203270023826, 51.02470670017329], [71.28773620009687, 51.02194289992703], [71.29587690028819, 51.02230930023712], [71.30375589967772, 51.022788499932894], [71.31227999993398, 51.02349880015517], [71.3212063999105, 51.02345659999235], [71.33168580016361, 51.02163780003764], [71.33818069961791, 51.0188994999663], [71.34526309996289, 51.017929299939226], [71.35416000016377, 51.01670810001352], [71.36466219965884, 51.01526410017417], [71.38001770018995, 51.013135500041244], [71.39099749978558, 51.01172799996815], [71.40017999956814, 51.01031549978794], [71.40690029980185, 51.008573799763184], [71.41504479986689, 51.00727349978729], [71.42252820006989, 51.00618240006628], [71.43047559988004, 51.0050254002192], [71.43675869994651, 51.00311400016041], [71.44554019987105, 51.00233839971871], [71.45400519996475, 51.0008361001003], [71.45296449991147, 50.99209430019241], [71.45164219957618, 50.983312900013075], [71.4526480000807, 50.96878549984678], [71.45091270019185, 50.9604389002003], [71.46319179965822, 50.95845880017025], [71.46113990022563, 50.95052769995528], [71.46669479987165, 50.947688800114136], [71.47161389980725, 50.937654999770245], [71.48270219971955, 50.93962240012609], [71.48655649959957, 50.930819199924194], [71.51117649992892, 50.93073130014937], [71.52078420018321, 50.93069409982169], [71.53103289959667, 50.93074140008557], [71.54693039955278, 50.93089099993197], [71.54785570022803, 50.9380471002776], [71.54869789955299, 50.94651100013119], [71.55429840037775, 50.96829899997564], [71.55263010043605, 50.97560220017731], [71.54572070034341, 50.981107500150486], [71.5403992000762, 50.98534590025711], [71.53688420016732, 50.989837099745706], [71.53696599985871, 50.998274599819915], [71.53703299980587, 51.00686420014826], [71.5441189997002, 51.01176880010561], [71.55584639973323, 51.01537949979092], [71.55309680037897, 51.02249489993816], [71.55024279972073, 51.02959729978866], [71.53974850001026, 51.04816770020501], [71.54741410011246, 51.05111149996255], [71.5558867996665, 51.048874800268614], [71.55994979974648, 51.05305430011009], [71.56424969993996, 51.05744799993307], [71.57078430043819, 51.063028099920174], [71.57946880027839, 51.0704205999083], [71.58804889971283, 51.074702299873046], [71.60347770007617, 51.0858637000943], [71.60827020043888, 51.09138599979052], [71.6149137001057, 51.09950160006246], [71.63534699964553, 51.09468779995968], [71.65153299984334, 51.09102349995884], [71.65865659962228, 51.08941909980476], [71.67439289959555, 51.086309599786034], [71.68039139990528, 51.090581599791186], [71.68628449998437, 51.093055100046975], [71.69406460025098, 51.09373950012149], [71.69921720017675, 51.08946960019845], [71.70692570022365, 51.09256429983296], [71.709529299988, 51.09796709972547], [71.71632149958053, 51.09956180010827], [71.72270330024217, 51.102348000086906], [71.72906850003734, 51.100598899947244], [71.73404399979987, 51.097420500099155], [71.73946739956301, 51.10077320021447], [71.73518660024737, 51.10657850022385], [71.71873149982473, 51.110122300068184], [71.71049749970969, 51.111877999749304], [71.71060319997757, 51.12345150026823], [71.71466939985665, 51.13134519991432], [71.70627090024674, 51.13379030009912], [71.70042040007505, 51.1361252001351], [71.69180730013034, 51.139569500270625], [71.6845501999204, 51.14054070026757], [71.67304349978309, 51.1400867001911], [71.64520479985804, 51.13989899984612], [71.63889569985234, 51.15206419983348], [71.63610050021767, 51.15745950023749], [71.62809560014445, 51.17456709992816], [71.625384199851, 51.180144500161916], [71.62144900039156, 51.18817759974786], [71.6141793004115, 51.190438600061256], [71.60456690017163, 51.193416600003246], [71.58782020031957, 51.19855300010891], [71.58325670028574, 51.2026700997484], [71.57748019973393, 51.213823499837005], [71.57405300026255, 51.22038370012567], [71.58055949966203, 51.22448539978015], [71.59609449975656, 51.23429190023489], [71.60614280030155, 51.24062749975407], [71.61863409980435, 51.2485125002743], [71.61139720001023, 51.257331999741204], [71.6070359996801, 51.26265749976058], [71.60192240011241, 51.268516499969216], [71.59400450007783, 51.277498000140675], [71.58425200038288, 51.269483099772906], [71.5764722001536, 51.26308470025467], [71.56697990017564, 51.25747859987807], [71.56258369968543, 51.24874989996796], [71.55567570006633, 51.24701979981231], [71.55105559988137, 51.24314630006337], [71.5274467998296, 51.249140299831154], [71.50565649983169, 51.25467110026434], [71.4716702996341, 51.26328950024148], [71.47900069967622, 51.26885130024033], [71.48562140010115, 51.27396149994034], [71.49823069960478, 51.2836902000018], [71.49087880018293, 51.28862389990613], [71.4773475004144, 51.286628299860915], [71.46855219967215, 51.278461100132006], [71.45038160002622, 51.27158829999262], [71.42811920031218, 51.27467160005033], [71.41377480034572, 51.27094220013175], [71.4000458999608, 51.26734509995487], [71.39705390010865, 51.27417999976225], [71.39065550037714, 51.28880199992605], [71.38510879965474, 51.30234290021155], [71.35561380038193, 51.297721799909034], [71.35618239982078, 51.29619889991246]], [[71.76087919980581, 51.14572240002382], [71.78242400011808, 51.15045540028033], [71.78519129987669, 51.157303099761826], [71.7851102996858, 51.16556900010261], [71.74038800025268, 51.16606000017578], [71.74685759955524, 51.162145099854804], [71.76087919980581, 51.14572240002382]], [[71.30925160034651, 51.26384850021237], [71.33622480044475, 51.27170050005341], [71.32019519963285, 51.29539059999646], [71.30611890006628, 51.290962499867774], [71.30787829995758, 51.27770279995992], [71.29809360015133, 51.27276299980337], [71.30925160034651, 51.26384850021237]], [[71.36670470001863, 50.86690030017952], [71.43623560017679, 50.85760760028134], [71.44250659993634, 50.877076399879364], [71.37325130021242, 50.886331000223315], [71.36670470001863, 50.86690030017952]]]}, "properties": {"ADM0_EN": "KAZ", "ADM0_PCODE": "Kazakhstan", "ADM1_EN": "Akmola Region", "ADM1_PCODE": "KAZ002"}}, {"type": "Feature", "geometry": {"type": "Polygon", "coordinates": [[[62.04646300014655, 51.079729499987245], [62.073254100058534, 51.073054699931625], [62.08100459993827, 51.11134560012786], [62.10418749973062, 51.128891199907216], [62.1311625997657, 51.138758899967236], [62.18107759991889, 51.12943499990004], [62.28303130020196, 51.08016439979311], [62.27557799984914, 51.04115580012791], [62.208492799883004, 51.01304330012762], [62.22857829959256, 50.97841799972525], [62.25667299961059, 50.963807100067065], [62.430261299936966, 50.85283449977802], [62.31146519957973, 50.841436400069334], [62.27649240036676, 50.80155600022477], [62.22183670030344, 50.81361759994557], [62.23570910026678, 50.7855901002259], [62.263260100349015, 50.75612880023105], [62.27646069971874, 50.721844799883606], [62.22954180022696, 50.67602180028102], [62.266925300370104, 50.64150659977829], [62.28991829990466, 50.64910130012416], [62.35875969996307, 50.66419770019265], [62.43980260031871, 50.68870640013389], [62.49704199976796, 50.59070100004824], [62.494631599773456, 50.55622439972153], [62.52525990013401, 50.52009569988627], [62.52816959993309, 50.51435569995793], [62.52367210002152, 50.50950760017883], [62.516797000301324, 50.50586800018895], [62.50835129961316, 50.50432180018095], [62.50100419988992, 50.50079099992818], [62.50311560013372, 50.494467300139355], [62.504952399768186, 50.48746819992427], [62.50799939987201, 50.48025920006873], [62.510102199645225, 50.473977699896764], [62.515852899683836, 50.47165609999445], [62.52005859984164, 50.465537399826765], [62.52645300027354, 50.46286020000714], [62.531645700095254, 50.4596910998783], [62.53846930029849, 50.45764200002989], [62.540700899618855, 50.45182210025798], [62.54392809997202, 50.44683080017028], [62.54997059976434, 50.44477160002602], [62.549850399789435, 50.43617160003072], [62.55482000031544, 50.432444400223815], [62.55757519976712, 50.42504519989966], [62.55760950013963, 50.41631310008368], [62.564742000426335, 50.413041100017765], [62.571256599934806, 50.41073420025377], [62.57610599958758, 50.40737019995183], [62.58345310020914, 50.40661390018636], [62.58949560000148, 50.40868299971443], [62.594568199561294, 50.40314010008522], [62.602155600419664, 50.400696100273926], [62.608120899894814, 50.39765959995321], [62.61159700005704, 50.39278980001108], [62.61684130000695, 50.38943409971998], [62.62525270032266, 50.389516200115025], [62.63326930005414, 50.38674299999678], [62.637045800440546, 50.38148899988707], [62.6415947998691, 50.37743869997787], [62.64013569959074, 50.36895380003123], [62.64155189992436, 50.36172669989438], [62.64210980042818, 50.35400570003085], [62.64472769957526, 50.34740620011193], [62.65004919984248, 50.34464019996464], [62.65426349957251, 50.340212799775635], [62.661593400151304, 50.338203700072604], [62.66443440039082, 50.33281700014966], [62.66709509976957, 50.32610499992301], [62.66456310022495, 50.320597699985555], [62.670863100296806, 50.31828640011679], [62.669275199573015, 50.31121599972475], [62.67400449986221, 50.30747080021163], [62.68233010028851, 50.30566180013837], [62.68902490004632, 50.307196700119], [62.692578300238644, 50.301924300117754], [62.68858709980439, 50.297702699855485], [62.69404600008922, 50.295107899902796], [62.69919579996626, 50.29121469998937], [62.7067402999816, 50.29065669986143], [62.71141809985553, 50.285803399838045], [62.714259100095035, 50.27969770028109], [62.721245699606555, 50.27837170019649], [62.725331300400796, 50.27377359978786], [62.72781180042852, 50.26720830020328], [62.73459240007572, 50.264876499991665], [62.73490139987219, 50.25662800021889], [62.733133299797366, 50.25003289977394], [62.727940500262655, 50.24652020024787], [62.72412109993145, 50.241360500121274], [62.7259664003235, 50.23447090020622], [62.730129199638334, 50.22933729987793], [62.73108189982804, 50.22124740010942], [62.737424799844625, 50.21920579977287], [62.7376823001242, 50.211214500206395], [62.74497790033057, 50.209868700199536], [62.74965570020449, 50.20654529999592], [62.754771199709026, 50.20226990000373], [62.75798979959166, 50.19729779978717], [62.76506229960389, 50.19635409993902], [62.77274409992389, 50.19572220021617], [62.77939599973703, 50.1939364002185], [62.78583330011354, 50.191024100152156], [62.791712699986284, 50.18857870011529], [62.78566170033473, 50.18539119984919], [62.781284299786705, 50.18143410025194], [62.783687499784286, 50.17503059981452], [62.788888899789534, 50.1719893001876], [62.79411599969682, 50.16656450010666], [62.7986650000236, 50.163018200150624], [62.801463100318365, 50.17028510010116], [62.808406799885155, 50.16898349982629], [62.81445790014802, 50.16637200001742], [62.822053899680334, 50.16431019980542], [62.820594699688996, 50.15718950027025], [62.82325549967909, 50.15034269984889], [62.828199299691825, 50.14639229996458], [62.83497140037816, 50.14456760026529], [62.83398430010288, 50.137113900279516], [62.84038730010694, 50.13517050011645], [62.844241099625236, 50.13062180024456], [62.847846000232884, 50.12473420020761], [62.84192370041546, 50.121570000054106], [62.84604350007262, 50.11738749993035], [62.850000300421414, 50.112168400041995], [62.85716719989528, 50.10941619993272], [62.859441700058674, 50.103030499815226], [62.86673730026503, 50.10170930023825], [62.87432479993811, 50.09922210016082], [62.8793887999257, 50.094928900098026], [62.88522529985371, 50.09206560015092], [62.88244429988869, 50.08576850008898], [62.876865300240304, 50.08229880011493], [62.88196370031339, 50.07752620002861], [62.88290780003258, 50.06926319975825], [62.88076210031463, 50.063092500271864], [62.88702770030104, 50.058353800074414], [62.89209170028867, 50.055157700022164], [62.89154240025536, 50.0463204000761], [62.89428900013481, 50.040753200276775], [62.899902300155766, 50.03685850000505], [62.905996300363356, 50.03432249987593], [62.91054529979184, 50.030573399800176], [62.91440769978072, 50.02384640012318], [62.91879999978603, 50.017329999806265], [62.925879999832546, 50.01903000015439], [62.934729999890756, 50.01186000004497], [62.94029000017094, 50.00759000008052], [62.94645999964818, 50.004159999959356], [62.95019999968803, 49.998100000064234], [62.94636000008911, 49.99054999999763], [62.94043999995879, 49.98807000024661], [62.94282000006582, 49.97882000024311], [62.947992699796046, 49.969757499828106], [62.94696000013874, 49.95993000020977], [62.94262000004924, 49.955709999817266], [62.93903260042001, 49.94861830015614], [62.933202299765824, 49.94328109985359], [62.92315330033158, 49.94205819983496], [62.92529330023903, 49.93315829973064], [62.9204233004202, 49.92938830008708], [62.917323299714624, 49.92408830024672], [62.91052330005056, 49.916428400268835], [62.918413300209, 49.91348839986109], [62.92584330005993, 49.909468399876715], [62.93185329970362, 49.906118399736734], [62.92489330020601, 49.90479839975809], [62.93025329957127, 49.89823849992938], [62.93611330032546, 49.89255850008202], [62.93035330002869, 49.88493849999756], [62.92358329960353, 49.88134850020825], [62.91791329971856, 49.88552850011988], [62.90731329974016, 49.88579850013497], [62.89883329957779, 49.885818499861706], [62.790665300297576, 49.93688900021984], [62.739589100078945, 49.94018610009512], [62.658289799879945, 49.9084583000407], [62.63769260002158, 49.88542010008679], [62.59872719990083, 49.8625099001663], [62.5936890004264, 49.843613199882206], [62.596319800279325, 49.80651639999276], [62.57404269963565, 49.764620300173746], [62.55508860017865, 49.73530490015509], [62.52625050024555, 49.71945140014644], [62.4837542000353, 49.70047470008736], [62.437960199688426, 49.683663599835214], [62.45210399956376, 49.62497170029048], [62.45083569965515, 49.580202399798], [62.47317439957445, 49.56205299972974], [62.433657300020215, 49.557008699816436], [62.41894109993413, 49.560864599865546], [62.36733739999747, 49.577771799939846], [62.32119230030824, 49.52010859999996], [62.30484250040329, 49.49726709995331], [62.33861209971792, 49.47754290029175], [62.45074260005569, 49.372004399770546], [62.503638300153106, 49.30634520007019], [62.54745189977748, 49.25326899973734], [62.521272300147324, 49.237638499785064], [62.49632790020253, 49.24383230028329], [62.37609079972157, 49.23562960007675], [62.36143040028594, 49.20080060013107], [62.39647150020654, 49.19730340028597], [62.44575330037388, 49.19824690022751], [62.49061139992513, 49.12385929987999], [62.54879089979391, 49.01813110011713], [62.584232100358946, 48.99426860005585], [62.63469560014652, 48.97536569978761], [62.72783840044241, 48.92600469998225], [62.78456019960804, 48.892392300170854], [62.78977369992021, 48.885650500068834], [62.84544380006023, 48.848813199960034], [62.953199099824246, 48.88994260014133], [62.97139839974524, 48.90333320025305], [63.01105670008901, 48.92184550025316], [63.020384900322455, 48.92940320010261], [63.13017430029996, 48.86340990011103], [63.1254587999302, 48.835561500015345], [63.049269799786934, 48.75806640022508], [63.07602399960205, 48.69712210010254], [63.07870710026903, 48.68243759986491], [63.4167575003547, 48.60177190029672], [63.46459949964925, 48.56497429994245], [63.50834490007552, 48.554931499820064], [63.54192309984413, 48.54640070005985], [63.58574159977839, 48.534320399714034], [63.77080299965715, 48.45399820011832], [63.84448639994536, 48.38545840019563], [63.90298310033085, 48.297547099929986], [63.97219330013598, 48.22000260022104], [64.01607460039335, 48.1702789001808], [64.12010450043574, 48.002341799963496], [64.21544530036553, 47.92413999994336], [64.27717399990439, 47.89953790008713], [64.16323769989421, 47.81507879995272], [64.01467370016566, 47.703233499999456], [63.96589309973976, 47.69283089996623], [63.84455520011639, 47.63818360023714], [63.8334119996655, 47.62820540028431], [63.65320320013677, 47.51545179981972], [63.22546449992642, 47.36067299994462], [63.20373749971497, 47.333312200086546], [63.145694400038906, 47.29646940004677], [62.99928830004817, 47.21979180023363], [62.95008930029558, 47.19077049992635], [62.89007999956664, 47.17734870007992], [62.86015379997431, 47.21465319984305], [62.5870832003571, 47.24094119994174], [62.605725800006205, 47.3284453001206], [62.33261640035528, 47.53112850029294], [62.21252869958749, 47.5455563001492], [62.07583199992096, 47.72331120019219], [61.92486290025802, 47.8277265002569], [61.5620549372302, 47.82198574771243], [61.35979720015688, 47.818785399774136], [61.35159239978017, 47.815401600226515], [61.32101540040887, 47.79603209984773], [61.31422090023095, 47.790051199999965], [61.00101790000568, 47.234702500042516], [60.93695509977926, 47.13123690029363], [60.930960100204224, 47.1268497000644], [60.92349940042843, 47.11033740010094], [60.70245629984779, 47.10408479997827], [60.531331600442044, 47.116713399733946], [60.49500160044672, 47.12180870012475], [60.48443430004305, 47.00180160022041], [60.47442180005711, 46.9108108998974], [60.32726420004241, 46.91324780030244], [60.164199300350106, 46.89916100013863], [60.12960879986756, 46.89486709981759], [60.01321799976895, 46.815363700158954], [59.769255099773034, 46.66253220021481], [59.56138839974493, 46.499964100217156], [59.49979770029833, 46.44215429987502], [59.47382040037187, 46.41358169971877], [59.29396969985813, 46.23570010014323], [59.111812900042565, 46.05298150025263], [59.03060230039306, 46.00704429976393], [59.0638221002111, 45.666601800229905], [59.09730209974618, 45.32184429990201], [58.99028410033646, 45.36941570006481], [58.58794140023218, 45.59067840021201], [58.57721319988302, 45.58843309989124], [58.44505720011006, 45.55993119979289], [58.30843549988832, 45.53034059980107], [58.17178200020376, 45.50052450005426], [58.035228299753996, 45.47056210000969], [57.997614399706855, 45.46222009981279], [57.68630809967755, 45.393114800101124], [57.4490498997722, 45.33954199974796], [57.22586539970881, 45.28885819972078], [57.018078799759714, 45.241155300082966], [56.74410580021882, 45.17741100030988], [56.65941880036985, 45.652936900273694], [56.64483299973034, 45.6668958000495], [56.60577769980922, 45.92613340017668], [56.55980399957457, 46.00008900012352], [56.55252609977265, 46.005867899922926], [56.516504699823436, 46.09735609980002], [56.50944050024442, 46.10203600015514], [56.490104800047995, 46.11604650023195], [56.46663009960356, 46.13218859992906], [56.4718237004355, 46.14913510004477], [56.46479320025602, 46.176330800273185], [56.442432000233836, 46.20295709985324], [56.44062660031179, 46.24032499977923], [56.410610700345046, 46.27829339976762], [56.3886762997958, 46.292534700191254], [56.3155636998189, 46.376051800095034], [56.28754219992009, 46.51338159988553], [56.12062939994597, 46.55310839975634], [55.95307400001478, 46.59295889994816], [55.73824710016474, 46.62890819971006], [55.64016768368347, 46.661999981835976], [55.59342399968954, 46.67777119996949], [55.45036930022486, 46.72599409982085], [55.3430721996463, 46.798968300110346], [55.23286010010675, 46.87382219991889], [55.194518500000704, 46.951629500105966], [55.12480280021899, 47.03042429977743], [55.11983559999146, 47.06434929988608], [55.00197760040388, 47.20235980013842], [55.01124469992661, 47.28109550030307], [55.02045890035718, 47.32360600015931], [55.02576969989272, 47.374448299746824], [55.04120260016702, 47.430713399866626], [55.06820560007819, 47.45392159973157], [55.07139340032295, 47.47582279997454], [55.06859740028934, 47.541777199956144], [55.07207369987756, 47.549470300057436], [55.06581330023829, 47.589329200129555], [55.091923900271475, 47.72679089971115], [55.11712799957166, 47.77056490010146], [55.12152470042355, 47.77887599983477], [55.11926610044067, 47.78649739997171], [55.11111850028959, 47.82476070003358], [55.105055200006866, 47.86472190004701], [55.10258800043526, 47.89681139974257], [55.09912450004328, 47.956272100199186], [55.08905819995498, 47.9698190999075], [55.06311970006222, 47.99998039973513], [55.02936549966817, 48.02991040015694], [54.99099569964879, 48.060408699820535], [54.94284950025634, 48.09275669994383], [54.938625399906556, 48.097214800027565], [54.94422450025776, 48.12634150002875], [54.95067527626185, 48.152042474904384], [54.95458950005947, 48.16763739993641], [54.9454878001435, 48.192529299887525], [54.96934730022811, 48.27042109983437], [54.919335999778134, 48.30645739997014], [54.91096019969716, 48.31709389981819], [54.89634599971831, 48.34044550028518], [54.88359060001349, 48.35802929978551], [54.879206499830154, 48.36531180010907], [54.884542100054034, 48.397205199993564], [54.886626999996935, 48.412746499943175], [54.89097450012067, 48.43596919999313], [54.89453580009767, 48.45086159973842], [54.89668709991312, 48.464390199704106], [54.88819690027904, 48.475028599999284], [54.89886219969376, 48.477932199712455], [54.904021699579204, 48.48340299985781], [54.911748700429406, 48.52579820025892], [54.91869369985844, 48.55456100009044], [54.93207349965256, 48.560325299909294], [54.92872559986123, 48.57480620004641], [54.91230880000899, 48.709443199734054], [54.84375729976751, 48.72435830022925], [54.82284760027631, 48.7276639998278], [54.77926100043272, 48.73754390028922], [54.7533161000436, 48.741507300188445], [54.74261819986893, 48.76736050025927], [54.739644199560075, 48.772689200082866], [54.69783300039959, 48.794368500176596], [54.683931900161255, 48.800388900073365], [54.65679819986785, 48.799861600077364], [54.63786179991687, 48.77156099999886], [54.621157199610614, 48.77215909988673], [54.59515710044218, 48.77714409989082], [54.57877110022786, 48.77934580012134], [54.58177849989899, 48.74533070028589], [54.581359000136, 48.72553730014163], [54.57795320033133, 48.71187899979385], [54.57273150019725, 48.706335500032], [54.542038799614005, 48.64009230012494], [54.460309500143005, 48.6418957997293], [54.455930099945235, 48.64721669988435], [54.450254599675716, 48.65247129997804], [54.35523459981202, 48.6790910002581], [54.33438109982329, 48.68847879997859], [54.31765740043579, 48.69708799987562], [54.3025707000922, 48.703063299919705], [54.284516799686436, 48.70711540016182], [54.20508490023209, 48.72049219998917], [54.1761217997272, 48.72431720025761], [54.15513299998197, 48.73547570026788], [54.02702109973547, 48.7628134999332], [54.029076700227044, 48.77367900010349], [54.043451200043755, 48.807355700134146], [54.016859100323344, 48.86909569984735], [54.013280199654986, 48.879296099869094], [54.01800000026002, 48.91459619981296], [54.02712800015257, 48.945361299763796], [54.012887800267514, 48.97839239972817], [54.00432309975367, 49.00736780003939], [54.00719030025671, 49.02689339999686], [54.0118309997094, 49.04020020021975], [54.012546099998076, 49.05202719997748], [54.009265599904154, 49.060908000292855], [54.007378400290655, 49.069167899975874], [53.99891409998456, 49.07739940007165], [53.988160100020416, 49.0894670998041], [53.99032690026607, 49.12550350019354], [53.98960129957008, 49.13618469982113], [53.99172320022121, 49.17212219973606], [53.98075100037288, 49.1715082001132], [53.94763469995026, 49.16774049989313], [53.91317079993905, 49.164254000239566], [53.907928399925865, 49.14638309998995], [53.90252759997867, 49.123127700243586], [53.89631730028117, 49.11159519993095], [53.883310300431596, 49.09847919972499], [53.86566640010473, 49.101570200064415], [53.83881840000424, 49.1130815998438], [53.8203493000708, 49.123353399935546], [53.826361099938275, 49.13130999971997], [53.83221530027066, 49.140237799778326], [53.80743470003306, 49.148100500289814], [53.779622000047354, 49.15409570017578], [53.75138209993998, 49.16081999982861], [53.72838220044569, 49.16961080012314], [53.6920968000076, 49.18304160007853], [53.665516300232454, 49.19712410019012], [53.654945100242124, 49.205350300180896], [53.64310030028297, 49.2174548001696], [53.63729270005597, 49.22948010014681], [53.63053820006107, 49.24034919982357], [53.66385169955311, 49.27774039973352], [53.72983490022761, 49.424915599952186], [53.69500749963163, 49.47745420001574], [53.75694979968048, 49.457286100032164], [53.79783289991359, 49.525076700169585], [53.87518680028301, 49.570301600180485], [53.972870599611475, 49.570092000175485], [53.99132239978921, 49.618655799910904], [54.11468070031809, 49.62034689973798], [54.200592700380696, 49.61027080026917], [54.298907799758226, 49.647990500022274], [54.27538710018138, 49.67594640022281], [54.34532460029499, 49.73257380000195], [54.366367899930204, 49.768280999863386], [54.47708599980801, 49.768344900037185], [54.41858750009697, 49.81489160013027], [54.514915100264666, 49.92436989988541], [54.51112259998469, 49.9538960997229], [54.555976000448645, 50.012583899991654], [54.54335869965084, 50.06282509981477], [54.47542679980016, 50.08349919992365], [54.472349999883455, 50.108904700159634], [54.42518330012062, 50.11824000006946], [54.421447799741976, 50.20341590016274], [54.43066459989703, 50.22937309988627], [54.425846200206415, 50.243158599883365], [54.39992650025595, 50.308591300168366], [54.38033399956756, 50.32381510005446], [54.36364899960246, 50.331142699778106], [54.38426859985073, 50.352384899912295], [54.464745999955234, 50.40320380014783], [54.46383239983654, 50.415698499960854], [54.49992329974427, 50.46716799999278], [54.56523710012362, 50.51646019995417], [54.54482050026489, 50.527712300063506], [54.55853260035737, 50.53924839979798], [54.574515200415334, 50.5526494998258], [54.59273279991694, 50.56009280026004], [54.60332480039767, 50.544223200187055], [54.61398900027451, 50.538863799960886], [54.62203780011734, 50.544144799997625], [54.628310099739046, 50.550158600174214], [54.63652589998652, 50.55186970005106], [54.64652710006446, 50.56055189979963], [54.65342039965228, 50.56647529992742], [54.66123100041773, 50.57350760008127], [54.67574850034955, 50.5844690000254], [54.681015000365164, 50.58830479983601], [54.68552109984891, 50.592854700213095], [54.69203809965578, 50.595209900263995], [54.700230099938075, 50.59880630022139], [54.70829690022257, 50.60034029978467], [54.71291529989662, 50.604602000136346], [54.72044960044026, 50.60698639975], [54.72408070041314, 50.612235299911134], [54.72931630017959, 50.61727310011198], [54.72856640005517, 50.62512820004847], [54.72401739972833, 50.62997400022697], [54.72071290024328, 50.635118700186666], [54.72506760036406, 50.639119200217245], [54.72212909967859, 50.64483499986297], [54.72002620019231, 50.65142029990998], [54.71942539974381, 50.661568500108984], [54.71367480031656, 50.66641060016904], [54.709597799992785, 50.670599399877275], [54.71312110033493, 50.67701380001777], [54.71256579955558, 50.68448250004475], [54.71676040012973, 50.68973660009999], [54.69711359987567, 50.700393999845105], [54.68836689978694, 50.708653099797814], [54.67843199986854, 50.7177801999427], [54.68051849971094, 50.73690340019261], [54.682733100211216, 50.75743039976583], [54.683699499709036, 50.76757040002155], [54.684755400155275, 50.778647299898715], [54.675240200324126, 50.795738099792445], [54.67075289988425, 50.80257460010423], [54.66471660026404, 50.81176949995634], [54.6573171000136, 50.82299479984927], [54.6832117001367, 50.83408389989197], [54.688584799633816, 50.855962699779745], [54.691391399787825, 50.86738679999407], [54.69558739993722, 50.88446120011328], [54.69749449992919, 50.892219499759435], [54.69138900038765, 50.89423160025016], [54.6851670001336, 50.89709930008012], [54.68092759967786, 50.90090730021641], [54.67431090034922, 50.90367360006948], [54.67022929975293, 50.90764449974959], [54.67122230016296, 50.915229000074525], [54.66682169972442, 50.91903110020689], [54.66042230016806, 50.917148999818906], [54.65411980008473, 50.915190500011235], [54.647645400185226, 50.916775000098575], [54.64161409968954, 50.9191334002113], [54.634727400024154, 50.920991599909826], [54.62726520006188, 50.92217600018465], [54.62136219965, 50.924938500013226], [54.61532129975722, 50.9220007001037], [54.607482599689675, 50.921597300038236], [54.60005519956316, 50.92317229978297], [54.593690699555545, 50.92011599988758], [54.58593400040212, 50.91936220024754], [54.57892459985206, 50.91825080000709], [54.57189330017194, 50.91667300016798], [54.56380010019791, 50.91804680016245], [54.55741340012467, 50.922251399753335], [54.55194620030493, 50.92718130027624], [54.544601899732086, 50.92579160009531], [54.536811800318084, 50.9269841998751], [54.52998519974183, 50.928655299721726], [54.53218459984914, 50.93498429974449], [54.54098220027851, 50.934227100224795], [54.54791939963592, 50.935530799858526], [54.5539104996243, 50.931542699806286], [54.55877060000879, 50.92731640009491], [54.5628154002211, 50.92329249986272], [54.56837300020288, 50.92659279993311], [54.564754100249864, 50.93208270013802], [54.55882430039814, 50.93472059975923], [54.567774800377094, 50.93500320022123], [54.57366230035869, 50.93843250021067], [54.56888790015067, 50.94192769991576], [54.576827299564904, 50.94328819991261], [54.57984209955733, 50.93726289991928], [54.58713769976369, 50.93597149998692], [54.59188469955894, 50.93960589993866], [54.586096999710406, 50.945943200251264], [54.57934860017455, 50.94766010000603], [54.57464399996242, 50.95458130014623], [54.57231039963647, 50.96047430009098], [54.57454199985519, 50.967366600106544], [54.56775070037467, 50.96989350002776], [54.57409140041708, 50.9729201999521], [54.580904200175624, 50.97435919977522], [54.57727789990132, 50.97937830005545], [54.56995550025511, 50.98056040015502], [54.56227629965951, 50.98380090017133], [54.56178549971415, 50.991711099719105], [54.55231189996549, 50.99676209998346], [54.54780579958339, 51.00057029984661], [54.55285909973769, 51.00797639973395], [54.561152400339594, 51.0067613001019], [54.569757000425085, 51.004371399904095], [54.57884150029836, 51.00759740010642], [54.587144899760666, 51.01034390007079], [54.57761309996139, 51.014438799968424], [54.56996479961495, 51.01284380006278], [54.5655977000483, 51.01650199977271], [54.57452490042373, 51.020721500005266], [54.58377609976594, 51.02228300025132], [54.589309899782535, 51.02893750014925], [54.598243700080346, 51.02979450011764], [54.603996500380056, 51.025054900165344], [54.607710200443314, 51.01947820002855], [54.61585880041926, 51.020301600026364], [54.625745399721424, 51.02223509981565], [54.63419969998188, 51.02015309996449], [54.64198670020814, 51.01951140022901], [54.649429299829265, 51.02086510018662], [54.65170379999266, 51.02698930007697], [54.65914430025097, 51.023912099800725], [54.66629500040536, 51.025319100113734], [54.674449000154446, 51.02412130021865], [54.678466900315605, 51.01926219979818], [54.686424600208895, 51.01660030012521], [54.69520390015927, 51.01650849986339], [54.70198120029444, 51.017818399865696], [54.69659330015469, 51.02084489992197], [54.7032398001946, 51.02525499972928], [54.69904049963482, 51.03179239990753], [54.69267050014107, 51.034016299872], [54.68656409958937, 51.036875600130664], [54.692341099604505, 51.040079899874506], [54.696229000069295, 51.03566010023846], [54.7018885004453, 51.038281499741906], [54.708474100098876, 51.036728599819504], [54.713382200163856, 51.03342729974549], [54.71850979997532, 51.0284544001068], [54.72450509958767, 51.031082100217674], [54.726306800247364, 51.03798039987507], [54.73950859976626, 51.03861450024963], [54.735270700395354, 51.03275169990122], [54.733264400344865, 51.0255991998087], [54.740163099705825, 51.02241389994262], [54.74748550025039, 51.02337899984712], [54.74374650003546, 51.01816210022601], [54.75132639996125, 51.009874999836796], [54.759694900332164, 51.00478490001356], [54.78200550005108, 50.99109230014673], [54.7898416003942, 50.986321800111945], [54.806381499983026, 50.98331619988882], [54.81678710004236, 50.98192909977081], [54.83854519992887, 50.97903889973431], [54.87604109997526, 50.96607520019902], [54.89803250042591, 50.957757699790875], [54.88881649977155, 50.94211279992174], [54.903238700129805, 50.937578900007956], [54.89818139977754, 50.92815830010744], [54.893939500208674, 50.92013409999426], [54.90413190040671, 50.91801540020078], [54.92603750006966, 50.91343009989605], [54.95544469980323, 50.907632500014095], [54.9901658000567, 50.906128999991274], [55.00991819996735, 50.90530870006734], [55.01566880029296, 50.90822879997213], [55.02279279982215, 50.90954129990641], [55.028843900085, 50.91150310000512], [55.033028099964845, 50.91650869985914], [55.03940100011867, 50.91901130016179], [55.047297499588176, 50.9244490002828], [55.053305600193355, 50.927749200193226], [55.05557350043438, 50.920129899741724], [55.05952830023502, 50.92454370009955], [55.066630800384495, 50.92266360021192], [55.07487060002305, 50.92317760001116], [55.081822900060416, 50.92143269999648], [55.087187300272305, 50.91729330000636], [55.0948477000273, 50.91460120006039], [55.09853839962601, 50.90832349994869], [55.10617730000134, 50.90706520026381], [55.10046959962047, 50.90427780007587], [55.107915399938925, 50.902708100107006], [55.1128936000371, 50.89933850017494], [55.12158390029911, 50.8991490000189], [55.128235800112165, 50.897051299878754], [55.12690539966797, 50.88932300020095], [55.12535060006575, 50.882180999783465], [55.11672470002655, 50.869105800139636], [55.10256199959766, 50.85748800008186], [55.092426999949716, 50.84917240026035], [55.08031230026517, 50.83921559972875], [55.070345299948386, 50.83102230006925], [55.05623330043414, 50.81941920023807], [55.081006900100746, 50.81321330005234], [55.10576850007174, 50.80700970025094], [55.13293769998859, 50.800201800201215], [55.143914400396476, 50.797446199941454], [55.15028830037518, 50.794476299828105], [55.16511690036464, 50.78554219985675], [55.17767970037416, 50.7779925000429], [55.21105839958959, 50.757923199889724], [55.22851150044508, 50.747386000017684], [55.25130090041378, 50.73363199993331], [55.26896799973292, 50.72295860018062], [55.29481840004911, 50.7074564001], [55.313525499633904, 50.69611020009654], [55.36085910008839, 50.66744479982194], [55.38373499973405, 50.65356410017384], [55.39669010031636, 50.66799260004602], [55.402884600444644, 50.68143190001162], [55.4277608002931, 50.678567300164765], [55.446311799631, 50.67641779980487], [55.467124199898834, 50.67401469984824], [55.50261590015584, 50.669916200068556], [55.51013540005689, 50.664246499741886], [55.53148310011431, 50.64838989981127], [55.533563200358635, 50.62094660013449], [55.563024599944875, 50.60397990008541], [55.581698099843145, 50.60514339984638], [55.59907259990793, 50.60128420027881], [55.61142370024269, 50.59854059989286], [55.61791329963673, 50.58432829996881], [55.6238007996184, 50.579659099899736], [55.63874880008208, 50.57193010024071], [55.66144150000375, 50.56019419991155], [55.677777100239034, 50.55857269983052], [55.7105514003549, 50.55531940015374], [55.708030200356575, 50.549630400227635], [55.73624570042413, 50.5503002002669], [55.73572669966708, 50.567054500250364], [55.74626770009417, 50.57925800000949], [55.77740419986884, 50.58736810024479], [55.79512279960323, 50.606740199920424], [55.81473380019661, 50.61062279991608], [55.82997949965053, 50.62278950018244], [55.86630659988412, 50.625799899988486], [55.901173399690194, 50.62070999986041], [55.915894700410455, 50.64143680019835], [55.9277712998324, 50.64599960020712], [55.94920910001449, 50.65423459989528], [55.98232360021325, 50.66695219999225], [56.000356100054, 50.6703488001722], [56.01589450027186, 50.676434500234926], [56.03073479991958, 50.682246000036685], [56.054472299805425, 50.6948358997917], [56.0608053003876, 50.699668899951554], [56.06672549994386, 50.704186300096744], [56.08360059959276, 50.71706059987388], [56.08870670002451, 50.72095540022731], [56.09579440042969, 50.7260098998358], [56.11583809973251, 50.739359899748024], [56.13240849982012, 50.75039369978048], [56.13105419969779, 50.7696275998765], [56.12451149998901, 50.786782199948014], [56.12800110003321, 50.80493970013435], [56.13041509957713, 50.817411099937786], [56.13298860038959, 50.83058400023354], [56.14156769999917, 50.84681429991211], [56.14533080021653, 50.85445400020654], [56.14897590043307, 50.860812200031184], [56.15263939994332, 50.870369799756624], [56.157155300046824, 50.879794399830196], [56.16318339984518, 50.88756459977216], [56.17521870013674, 50.90307429988366], [56.18128309995735, 50.93812570022276], [56.19811529966151, 50.931253600252504], [56.20986209971138, 50.92645499995672], [56.216839300150106, 50.924010399922985], [56.23089190036278, 50.91908660009107], [56.2472600995615, 50.913709199793075], [56.25446579996743, 50.91186489989691], [56.27552390024529, 50.906474900146414], [56.29315029959379, 50.90285820025505], [56.32608019959495, 50.90115900012923], [56.35067809957173, 50.900563999897955], [56.36125799974565, 50.901249999747535], [56.366371699924635, 50.907028800112556], [56.37018710005782, 50.91331090005867], [56.37464429974915, 50.920649400201896], [56.386230700215144, 50.937336799801834], [56.39245549961962, 50.945548600125036], [56.371706600360966, 50.94867399995599], [56.37689400012248, 50.96537930027067], [56.40735449967958, 50.96604190008345], [56.422786599554954, 50.9663775998653], [56.43505500008635, 50.96397039995145], [56.46038379992101, 50.965119099866556], [56.4584545995764, 50.977828000236286], [56.45777210004775, 50.989975600208105], [56.45710410022602, 51.001863200195096], [56.45324300009938, 51.025681800011895], [56.44816159974474, 51.0568503002148], [56.47125940033361, 51.0670673999774], [56.48767400021163, 51.07433700013093], [56.49478060027212, 51.07748139995485], [56.511646800311475, 51.08494319975719], [56.51304840032675, 51.07655209983384], [56.51796440017639, 51.072844500096075], [56.52586079993296, 51.071927699757666], [56.52500250010318, 51.06434969977696], [56.53135399969198, 51.061436900251344], [56.53457259957457, 51.05488229992112], [56.53759600003751, 51.04909569990418], [56.54182529983619, 51.045089100256526], [56.547468699707366, 51.04208129979759], [56.55328370025566, 51.03966629985555], [56.55875539973668, 51.03653600002719], [56.56532139994733, 51.034984200218524], [56.57353970020616, 51.034943800122136], [56.57710169997078, 51.0305041997842], [56.581564900408225, 51.02582119977469], [56.58671470028527, 51.02231270018045], [56.591047099729046, 51.018059499886846], [56.596304199773506, 51.01442830000494], [56.6005527998761, 51.00975720020894], [56.60542580006801, 51.0063291999411], [56.60778619983381, 51.000171899908366], [56.614244899877036, 50.99818689995029], [56.61969519969141, 50.99451350006296], [56.61626200037221, 50.98966490008298], [56.62252659963539, 50.987929200218964], [56.62918269997078, 50.986284299876495], [56.64013030035336, 50.98706029987321], [56.65051680043308, 50.98703989996938], [56.6583469997431, 50.985532699737945], [56.666884100418166, 50.98691350009922], [56.67568899965923, 50.98768180020555], [56.683113400310965, 50.98547819978631], [56.69022889998093, 50.98402339998365], [56.697344399650895, 50.98241020015382], [56.70340010018632, 50.979715799825236], [56.70173759976807, 50.97303510022603], [56.70861479974944, 50.97142720024432], [56.7161357001239, 50.97229869997639], [56.72168790033248, 50.97519350012571], [56.7275298000337, 50.97748020013347], [56.735286299761114, 50.97857640001635], [56.743402999663026, 50.97946520011086], [56.7501730000882, 50.98104000015376], [56.742532199776065, 50.99649700006529], [56.736528599730455, 51.00698239996761], [56.72934360010191, 51.01627060001978], [56.72609479975779, 51.024040300239605], [56.7201376003916, 51.03438669978074], [56.71604870008526, 51.04148700022203], [56.71284469962267, 51.047049899888144], [56.70328919957125, 51.067278399993334], [56.70006130032883, 51.07421769981573], [56.708842200178694, 51.077572100250684], [56.716777300256034, 51.07628209987731], [56.723126699583744, 51.07868399985236], [56.732815300315856, 51.07822670022365], [56.74187690033582, 51.08186990026789], [56.7561153997101, 51.087028200054306], [56.77541519963454, 51.09245510001217], [56.7854895998317, 51.09360089992126], [56.80049520027145, 51.089135000067245], [56.819273399714376, 51.08542819985717], [56.839377700264585, 51.07929159989837], [56.85899020014615, 51.07330429974282], [56.887473900326626, 51.06025820022097], [56.89678530026755, 51.06485160011505], [56.91519530003849, 51.07393210015785], [56.932150600377646, 51.082293600115456], [56.94278640001668, 51.08753779982196], [56.95788350015635, 51.07849660022665], [56.97019590017028, 51.07112169978032], [56.97793450006745, 51.066519899968846], [56.9844264000469, 51.06263680016408], [57.003689999662036, 51.06484169981849], [57.02570559982819, 51.067361500009525], [57.04220379962152, 51.068495900116055], [57.05772040042241, 51.0696217002361], [57.07098440018989, 51.07230039978958], [57.08030349959114, 51.074206300156085], [57.09670900043368, 51.07757970022384], [57.1192904997029, 51.082169800060605], [57.12757989981986, 51.08385890011556], [57.14633259968515, 51.08767010018367], [57.1440901999201, 51.09913270016882], [57.1680423998538, 51.10850190017675], [57.184771299588554, 51.11496129996592], [57.1876197998623, 51.10193030022407], [57.19555380040169, 51.09231060004519], [57.199968700222904, 51.08363060007206], [57.205496699817694, 51.07308769976005], [57.22586009964867, 51.05542310019498], [57.23253340002675, 51.04696100007845], [57.219272099696695, 51.041049700169495], [57.22460739988327, 51.036954300093655], [57.2299502998172, 51.033931700035666], [57.236666599852946, 51.032002099758], [57.24050640002587, 51.027588499902514], [57.248789099609155, 51.02749399982472], [57.2565578002548, 51.02800749996225], [57.26372360019079, 51.02946440005177], [57.27039700028187, 51.031717999987166], [57.2796230000837, 51.03186750023381], [57.28520199973215, 51.035807699900104], [57.29189139971675, 51.03388749996767], [57.284361400306736, 51.032562299733094], [57.28777590029491, 51.02711960001196], [57.28545810043654, 51.02124089990198], [57.2875646003704, 51.01482209985057], [57.29388410017217, 51.01126040010201], [57.2886836999918, 51.00529589998779], [57.29514349957296, 51.001302400258446], [57.2985938998332, 50.995228200168505], [57.307073999708514, 50.996656999727946], [57.312567200365834, 50.99098470025368], [57.3151802001014, 50.985045300259785], [57.31256239976897, 50.979236500045374], [57.31554499965004, 50.97391329984215], [57.32047909965437, 50.9695069002741], [57.32377929980238, 50.9642014999277], [57.326058100201095, 50.95772240024799], [57.32777469986066, 50.95036909986646], [57.32442730043094, 50.9429063999483], [57.33301040023847, 50.94041860009235], [57.33927600022481, 50.9362540000063], [57.345713299703036, 50.933928099843506], [57.35481130035671, 50.929925099737176], [57.361162799945525, 50.926625100061244], [57.36596929965359, 50.92283790003135], [57.37326489985988, 50.91861749990568], [57.38219129983639, 50.91986200020455], [57.385195399995425, 50.9129898001476], [57.391486600170815, 50.90973989990238], [57.39875669990119, 50.90654949981629], [57.40613809999696, 50.90525049976043], [57.410944599705005, 50.90016250001209], [57.41978519979206, 50.89529040011547], [57.42750990005681, 50.892745900030924], [57.4372945998631, 50.891500700125384], [57.444332800401185, 50.88808969996117], [57.45265830021612, 50.88684430020389], [57.45999259984483, 50.88488689985094], [57.46836529983978, 50.883649500215306], [57.472656899600054, 50.878342499899695], [57.48226989991453, 50.878342499899695], [57.49299449981604, 50.87844809973298], [57.50393789967637, 50.87735959988816], [57.512068599821944, 50.87845680023347], [57.51291689960601, 50.88609119995035], [57.51816269974255, 50.893502800144994], [57.52213820032058, 50.898094000041155], [57.520453300410814, 50.90453219978997], [57.52463530031649, 50.90869220000464], [57.526893000187435, 50.915483700145515], [57.53246590027512, 50.92030409975747], [57.537550799567796, 50.92331810000632], [57.54303280003018, 50.92588519982396], [57.547879800282864, 50.92919050000852], [57.5553552998029, 50.932341299896635], [57.573837700192435, 50.93497980022295], [57.584575799976044, 50.93428340003781], [57.60702740016027, 50.93282740009657], [57.62930299971905, 50.93135909995244], [57.65036920010583, 50.92998569980571], [57.67738289985027, 50.928224499953394], [57.68625590037302, 50.927646000174335], [57.686916799910705, 50.9176273998096], [57.698411800389806, 50.920452600011714], [57.716268100179114, 50.92688810023818], [57.728680400039245, 50.92769280017838], [57.73751109979353, 50.92701880027082], [57.743248599987396, 50.920983599926544], [57.751881499699266, 50.919775600253104], [57.76005150024023, 50.92022880009953], [57.751398700149814, 50.93965110010197], [57.75341530028338, 50.95583729984455], [57.75515379997127, 50.96978710005272], [57.75437060019751, 51.02656580015853], [57.7542195996865, 51.03852520014713], [57.754076499858385, 51.049857499900234], [57.758027300359366, 51.0743350997224], [57.7616202003731, 51.09089000006603], [57.76323479992544, 51.09832780027604], [57.765620499842896, 51.109315200173576], [57.76784730036304, 51.11956870007067], [57.771826500203495, 51.13788510014663], [57.77899709983805, 51.13914629985272], [57.786904600076554, 51.138466200172175], [57.79923730021934, 51.138718699756545], [57.80674349966423, 51.13929199993456], [57.81289650032137, 51.13647170015485], [57.82102480016854, 51.13022619987339], [57.82336779956727, 51.122603600249], [57.82722879998091, 51.116554299844765], [57.833384400362476, 51.112555600189054], [57.84146179986899, 51.11126009988543], [57.85020900031933, 51.11004749976605], [57.85449870014274, 51.10468789993706], [57.861536800069516, 51.1028555002233], [57.86693829980433, 51.099391899893604], [57.87636859985801, 51.09940100021575], [57.88345589961458, 51.10357639974993], [57.886964199888084, 51.11029919992098], [57.893558700049496, 51.11212229979185], [57.901218600341174, 51.112626999732484], [57.90915810036672, 51.11379220010242], [57.914882799567735, 51.116387300236475], [57.922053700137916, 51.11543080001066], [57.92500199964648, 51.10792909984783], [57.929686400341126, 51.10113080004248], [57.93483620021818, 51.09498620001975], [57.94170270036615, 51.08905630017766], [57.94874080029286, 51.08625279974478], [57.9571305997192, 51.087473900056715], [57.964267899704545, 51.089089699926326], [57.971804799972595, 51.09092829986551], [57.980713799582, 51.09210069982805], [57.988687800304405, 51.09258989981562], [57.996025500056504, 51.09401829985945], [58.002056699940894, 51.091613999762906], [58.00948400035441, 51.09224590006316], [58.02049530027378, 51.09498620001975], [58.027259699703144, 51.102078300164784], [58.03250010006647, 51.10637209972317], [58.03719310033334, 51.110059200222416], [58.046120299810426, 51.110107800003995], [58.054237700398254, 51.111001999905284], [58.05989599972673, 51.11374189996541], [58.064964399662635, 51.118645000152746], [58.07069550025832, 51.12196409985595], [58.080694800399456, 51.12242879985847], [58.087970500227286, 51.12121069982336], [58.09082280037473, 51.11408460007472], [58.09052230043743, 51.10491020003885], [58.08641279996511, 51.09626490013158], [58.08282619983644, 51.09091190025874], [58.0810157001785, 51.084437099963246], [58.09094129983881, 51.078801600065276], [58.09431560021803, 51.07360939984693], [58.10129540038117, 51.07057479977897], [58.109283500161894, 51.070830600063246], [58.11679730025249, 51.070183500030616], [58.12459880018575, 51.07090249982196], [58.13117999989105, 51.06847299975302], [58.14985610041203, 51.06514140005714], [58.15736479986834, 51.06626169979291], [58.1625967003725, 51.063156599766174], [58.17019369972967, 51.06262370000551], [58.176847200340575, 51.065662399948394], [58.17327389976977, 51.07395869989331], [58.17017079987648, 51.080537500201395], [58.173726300329974, 51.08586140008372], [58.18494689962574, 51.08700759978728], [58.19284330028061, 51.087223300062945], [58.20176970025712, 51.08776239992622], [58.209580999911886, 51.089654799998286], [58.21447259972173, 51.095417399900676], [58.21824919982115, 51.104795700226994], [58.21618920027966, 51.11266340017606], [58.21052439984346, 51.11589629994848], [58.20537459996641, 51.12225369997274], [58.20247779997473, 51.12757330003169], [58.208656000172255, 51.130005300111534], [58.21793719965164, 51.13134030000539], [58.226168600042264, 51.13220659999661], [58.23354590022707, 51.13386179986068], [58.23788650039113, 51.13818279975572], [58.24190399990368, 51.14251920003378], [58.247166099971025, 51.14539869985179], [58.255467499783535, 51.14478040013273], [58.26412569964709, 51.14298320009761], [58.267001000259036, 51.148966799762064], [58.271013600360064, 51.15367760024486], [58.27386489978422, 51.14783790017033], [58.27923689974342, 51.14516729977004], [58.28286889982824, 51.15009070000315], [58.28495749993178, 51.15731329972331], [58.29065240021822, 51.154916400037365], [58.296870100237015, 51.151766399849315], [58.303401400324915, 51.153578600213294], [58.30720269960308, 51.15786580027539], [58.31066029986029, 51.1521372997311], [58.31520069971655, 51.1562712998099], [58.31902579985825, 51.16067839991815], [58.32951200035803, 51.15504460014311], [58.34048420020644, 51.14572730009722], [58.33558110016428, 51.13603489988384], [58.34204790031642, 51.12816530000485], [58.34820900018412, 51.12624129997361], [58.358902900160835, 51.12290300022183], [58.36045790008729, 51.10983680024268], [58.37342839959026, 51.11062289972781], [58.37696220033973, 51.08905580025892], [58.37720629955191, 51.08056400020095], [58.38401910020882, 51.07486989993989], [58.416794400149556, 51.07709349978289], [58.44535450024828, 51.07901790015005], [58.462264500344304, 51.08016289974865], [58.48114460018144, 51.08359269996741], [58.486957000107026, 51.091338499725325], [58.515024500036596, 51.08595170024092], [58.54429190035238, 51.0727042997378], [58.56197399974016, 51.06346690026401], [58.57646489965808, 51.05589519983879], [58.59483960012987, 51.05175539994773], [58.61417350010246, 51.047402399765296], [58.61809549971721, 51.03149420010347], [58.61246689959036, 51.02675559999412], [58.63133100043229, 51.001910000111614], [58.64225419987683, 50.987517199952535], [58.59423990011755, 50.97144400025879], [58.6045309002994, 50.94694149978042], [58.5786110997377, 50.93983000004922], [58.59358549989093, 50.86933289984891], [58.63681899984419, 50.88005360024393], [58.688181600043414, 50.88563430022997], [58.69646429962663, 50.84818940009915], [58.68669029965374, 50.84736629982728], [58.66359650016111, 50.84156059990455], [58.65840110000363, 50.81822880010603], [58.65640010001327, 50.80863650024944], [58.751051300130314, 50.81350149971921], [58.77442810037847, 50.8146937997244], [58.77957519991979, 50.809085700117734], [58.78579229986395, 50.802313399720646], [58.801037199817316, 50.78570300021526], [58.80666019984666, 50.779574800228566], [58.8113654998464, 50.77474130014151], [58.81696770028371, 50.76898729989073], [58.824813400023935, 50.767692999866185], [58.83217329984168, 50.76605770015103], [58.83543490028029, 50.761293699729116], [58.840434500045184, 50.75781210017916], [58.84696839985749, 50.7556538002691], [58.84988660041418, 50.750501900263416], [58.85091659973577, 50.743292299943064], [58.84893710002349, 50.73713750005141], [58.84783740041896, 50.730041400167416], [58.8520217000118, 50.725677900114036], [58.855916300112014, 50.720692500044464], [58.86212819970906, 50.718770199820526], [58.8688444997448, 50.70800250001946], [58.877993499553774, 50.707659400103324], [58.874302700242076, 50.69981580004759], [58.91090150042491, 50.695478999788016], [58.9816382999188, 50.69232920001158], [59.01687430012008, 50.68932939971836], [59.03132999955363, 50.688104700134986], [59.04191000033878, 50.689829399768485], [59.05126330039952, 50.68728220009121], [59.07459939977882, 50.68092629997286], [59.08742039985548, 50.6774209000797], [59.11389379978752, 50.68305919972323], [59.12580630037974, 50.67933649980628], [59.140697099719425, 50.67468259974209], [59.1604640002354, 50.66850130008036], [59.17644820019286, 50.670294799817924], [59.189141999723645, 50.6721664001048], [59.20627440022611, 50.667453700222495], [59.234244500321026, 50.664167499816116], [59.24153979959171, 50.65913109981391], [59.26177710021127, 50.645157400029305], [59.278576099979155, 50.633554600216584], [59.28745640021191, 50.64225310009547], [59.29390619974736, 50.648569899855836], [59.29840100022147, 50.652971400057496], [59.337807700420534, 50.647676000098905], [59.35304270004112, 50.64562860001784], [59.3762058997793, 50.64251559982215], [59.38821939975555, 50.640901000101174], [59.39548010041314, 50.64013299998455], [59.40282940011049, 50.63922800009174], [59.41095110003523, 50.63833670000714], [59.418010700240025, 50.6367308002612], [59.423954500335455, 50.63923480018235], [59.43334219958341, 50.63996969981978], [59.43950060001369, 50.64186120007327], [59.44577689983342, 50.64459629987565], [59.45307590016306, 50.64530489975043], [59.460345999893434, 50.64428550022985], [59.4792951999389, 50.64147929989047], [59.48888750037429, 50.629432899937534], [59.49624450043025, 50.62019159981676], [59.502592800220036, 50.612215899740114], [59.51282820007573, 50.611253100125154], [59.5367716001129, 50.609000699817265], [59.54070519967284, 50.60456839994355], [59.54550960001809, 50.601133700139385], [59.55014660020844, 50.59715929997388], [59.55388019975188, 50.59171080026879], [59.55894210037672, 50.58756670002788], [59.56752730044535, 50.58639780022198], [59.56649730022539, 50.57751420014283], [59.54732530002323, 50.57568080024969], [59.528013200365905, 50.57764910016701], [59.51396409998958, 50.579080999752826], [59.493684099749586, 50.58114779981028], [59.480610300277206, 50.582480199731606], [59.466829799764035, 50.583884499899234], [59.461720000069946, 50.58059340020285], [59.46287870012404, 50.573494000285166], [59.4674062998858, 50.56961000017312], [59.46523900017683, 50.56287689973227], [59.462310099786876, 50.55745850027703], [59.460593500127246, 50.55041010005257], [59.45751429991214, 50.54517430017077], [59.47401760033966, 50.539163400011], [59.498037199970824, 50.533030300054314], [59.516678400044675, 50.52826979975507], [59.51223329976199, 50.50781629975051], [59.50951700005696, 50.495312900110285], [59.53178960014101, 50.50279350012286], [59.55093269974393, 50.50921659990467], [59.56978190023026, 50.51553969992144], [59.58482960021584, 50.52058610013403], [59.60090369997366, 50.52597019999357], [59.61525439982518, 50.530778100253364], [59.631401599989225, 50.531794600150924], [59.691774299793266, 50.53563670015678], [59.72923630011576, 50.537999900179166], [59.776141299975116, 50.54095050025927], [59.81317719971395, 50.535507999899714], [59.8620029997717, 50.598881000121736], [59.866842800027335, 50.60379460026139], [59.905364100021096, 50.6330133998317], [59.929285399705684, 50.64594269976839], [59.96091080038717, 50.66094419975565], [59.98003239971212, 50.66813670015097], [59.99331370013366, 50.67331679976813], [59.97274530026328, 50.768699500025434], [60.014902599641474, 50.82212380026], [60.0421887000212, 50.82212380026], [60.071548800186065, 50.82211680023661], [60.085643100194304, 50.82407390008553], [60.110836699985406, 50.82757140022086], [60.13643189970919, 50.83111749972834], [60.14596929960597, 50.8400093999545], [60.156464600039605, 50.84009549979001], [60.162795200323366, 50.83597080007133], [60.17450239994054, 50.840565400210664], [60.18596740028239, 50.838853799850135], [60.21655510038539, 50.81268380021737], [60.182778099851085, 50.77839070026172], [60.325208400124765, 50.67025430008079], [60.343746499655154, 50.66949900019823], [60.37226330005896, 50.66833709985139], [60.38034430001312, 50.668007899991984], [60.40213550012297, 50.66712000009575], [60.42619709958694, 50.66613959976817], [60.45988689975823, 50.66474740025082], [60.48077579965732, 50.66559779982477], [60.513461799872324, 50.664124700067504], [60.53074550002482, 50.66298649999301], [60.55743980017682, 50.66112949994577], [60.59200739990775, 50.66130870007951], [60.622297899585526, 50.662379399967016], [60.652954900221076, 50.663728699898996], [60.68038820033987, 50.66532430020737], [60.700074399803974, 50.66605689973168], [60.71224089994108, 50.665621700090206], [60.740774900387635, 50.66554259998723], [60.763149399967624, 50.66289940014476], [60.78544890010283, 50.66082930009353], [60.809000299604584, 50.65660539994169], [60.8331435002323, 50.66203649984029], [60.868512600215986, 50.67061440007436], [60.886577000130764, 50.6749818998057], [60.91134510031119, 50.68096629984652], [60.921544200144595, 50.683427299734525], [60.92869080038796, 50.685150999989894], [60.9436957001418, 50.68877000014565], [60.961813099760036, 50.693132199835496], [60.98709369958977, 50.69904749997887], [61.042609499706735, 50.71227629995605], [61.07024099961825, 50.71880350000145], [61.09691350035321, 50.72470199976919], [61.123561500437134, 50.73122569988724], [61.175641199676534, 50.743241699880365], [61.20093769968684, 50.74907090007032], [61.22764229992186, 50.7552238001841], [61.24785769961479, 50.759869000048106], [61.2553360997949, 50.76158730016791], [61.28114700028975, 50.76750270026632], [61.30744019997246, 50.773525299795416], [61.33450010007201, 50.77971500015184], [61.36353769966, 50.786347500080204], [61.38714600024845, 50.79243959986392], [61.40071519993883, 50.79547769985862], [61.41709930021635, 50.7991798998076], [61.449000599572734, 50.80612290010365], [61.45340849972127, 50.82437639982365], [61.45793629980741, 50.843118699783616], [61.461769400344956, 50.85897929984192], [61.466493500286944, 50.87851949990331], [61.470915399780836, 50.8968023999193], [61.47529370044073, 50.914898100001786], [61.47900370034328, 50.930225800041875], [61.48347770032705, 50.94870340008785], [61.48588679956104, 50.95865019996298], [61.48985579992977, 50.97022680003329], [61.503614599840574, 51.01028600016827], [61.508239099973736, 51.02749910001681], [61.51194749997686, 51.041421699919674], [61.51448930014129, 51.05088919986575], [61.51724390041665, 51.059269900200874], [61.52219819993841, 51.07658029981496], [61.524894399838956, 51.08604049980361], [61.52921840003488, 51.10144340013531], [61.539156100002046, 51.136337700193664], [61.54412289958096, 51.15381550023762], [61.54910630002633, 51.17128479974499], [61.552641500351044, 51.18368990013716], [61.55529899993082, 51.19306390019008], [61.5618028996059, 51.21584179983882], [61.56643989979624, 51.23211610016648], [61.596299800127426, 51.24195180008909], [61.62356149956899, 51.245978199788986], [61.64843090006908, 51.24965089982134], [61.67084460033145, 51.25295370012372], [61.689785199906396, 51.255963200272205], [61.787086800217445, 51.26913099993849], [61.85215169988939, 51.3170691997792], [61.87090369996707, 51.30302409997364], [61.9041497997617, 51.274366299990625], [61.91365769988286, 51.262458699883204], [61.92016980027815, 51.24202020002547], [61.924072199551674, 51.220595600054615], [61.93119589994185, 51.20154780017814], [61.934198899664715, 51.186687299730636], [61.94210359985448, 51.160917300055594], [61.95193989978898, 51.14120589977678], [61.997697800437855, 51.108393100086936], [61.994738200122974, 51.08933689986051], [62.04646300014655, 51.079729499987245]], [[57.230355540621574, 48.15224247486202], [57.23072737252051, 48.152092359867716], [57.16106680021292, 48.180218100276804], [57.230355540621574, 48.15224247486202]]]}, "properties": {"ADM0_EN": "KAZ", "ADM0_PCODE": "Kazakhstan", "ADM1_EN": "Aktobe Region", "ADM1_PCODE": "KAZ003"}}, {"type": "Feature", "geometry": {"type": "MultiPolygon", "coordinates": [[[[77.13401190044644, 43.36443369992646], [77.14181530031655, 43.363245800257886], [77.14841670043764, 43.3612742997626], [77.15331240015846, 43.35791219994625], [77.16056539955908, 43.35895879981339], [77.16370559987361, 43.35402300029079], [77.16652009981216, 43.34882119992644], [77.16406399982418, 43.342418500156185], [77.15836939957511, 43.3390699998189], [77.14945819999149, 43.334551700318826], [77.14103190021855, 43.336810100205454], [77.1382954000978, 43.34215000029073], [77.1416998003272, 43.34715909986928], [77.13776839984308, 43.35166890024621], [77.13388349975132, 43.3567571002878], [77.13160609982614, 43.36305859986322], [77.13401190044644, 43.36443369992646]]], [[[76.98664269957155, 43.4030615998441], [76.99230460024604, 43.39918659998178], [76.99944380016812, 43.39770360005124], [77.0032718997845, 43.392744700151], [77.00837200036842, 43.38831529974183], [77.01611109972885, 43.386065799777505], [77.01158190006754, 43.38105329994999], [77.01242470036541, 43.373773200160365], [77.01271949959386, 43.36374089973365], [77.02221310033234, 43.36247510013276], [77.04484029959502, 43.36294999988446], [77.0678526003318, 43.37443899980396], [77.0730297000103, 43.37151120024331], [77.08455469972834, 43.374781899978615], [77.10048279989627, 43.3826623000055], [77.09031729974944, 43.37708069971172], [77.08545940023748, 43.37381489982038], [77.07476979959775, 43.369404700104845], [77.06492219975532, 43.36195879975738], [77.05723920018434, 43.3595497000017], [77.05170730010455, 43.35659859999865], [77.04471700043239, 43.35314580006867], [77.03861360025371, 43.34615790018097], [77.04055010030831, 43.338703299976736], [77.03547559991328, 43.330936599753414], [77.02847889974468, 43.32265120032406], [77.04071850028808, 43.31019040010936], [77.03270270005724, 43.306227600192194], [77.02129059970582, 43.29914239967337], [77.01016810003233, 43.290487599919224], [77.01136109956057, 43.28360050025696], [77.01366629964883, 43.2775111998513], [77.01406869998037, 43.269045299894216], [77.00929660035774, 43.265725699879354], [77.01205489989552, 43.26043650031057], [77.02373580043447, 43.25144760015209], [77.03035379962532, 43.24765630027309], [77.03507700035375, 43.24405900022539], [77.03965729978171, 43.237235100009876], [77.04500729999957, 43.23116899984548], [77.049637100193, 43.22681220030272], [77.05912280024852, 43.21677279997482], [77.06880959985848, 43.196927199995706], [77.09685060038551, 43.183981000289805], [77.09860769969133, 43.1760534997611], [77.10662220005993, 43.17763730025204], [77.11301890017896, 43.1804039000567], [77.11440909967497, 43.189315800143284], [77.1133786997047, 43.19926130006546], [77.1184212003127, 43.20300340018972], [77.1382218002282, 43.198092499934184], [77.14423380041997, 43.19103359999333], [77.14701369994883, 43.17815820021895], [77.13489099986832, 43.166537399725044], [77.12828269978755, 43.168984300174344], [77.12221720042902, 43.16683960008095], [77.12098289995724, 43.15799729978619], [77.11680620011174, 43.15363569998228], [77.10936900026377, 43.1510144001105], [77.10496899989991, 43.15516009995459], [77.09981839962393, 43.15803559975933], [77.09360469980307, 43.16025510009208], [77.0863621001985, 43.15947139992227], [77.0793681003656, 43.161231200287475], [77.07275739998644, 43.16393029978654], [77.0631983003857, 43.16042110008931], [77.06525890000185, 43.153981799688836], [77.06293709994546, 43.14491109978418], [77.06807200036522, 43.14153740020663], [77.0755074997023, 43.13821119994446], [77.07834340020591, 43.132765500281586], [77.08463169972121, 43.12964600011188], [77.09075679960392, 43.127247499973606], [77.09716960022769, 43.124283899693694], [77.1073765001327, 43.117656200166905], [77.11323270011488, 43.11386089994415], [77.1202971997312, 43.1176594997839], [77.11360140014854, 43.11301860023572], [77.10183920027968, 43.112422299803804], [77.09178510021134, 43.112118899809], [77.08728580007596, 43.11649140000608], [77.08009090011464, 43.11539120000331], [77.08003490003811, 43.10114160008169], [77.08307889976886, 43.09136400020811], [77.08963200017207, 43.070937800142126], [77.07718440011452, 43.03406619972745], [77.05716120036656, 43.03285689986297], [77.03242790002196, 43.03816099979325], [76.99380339977166, 43.04733919972946], [76.9877483999222, 43.04360889982659], [76.97989230038591, 43.04459280031323], [76.97241439966912, 43.047335300239304], [76.96651499970488, 43.04961819987887], [76.95786779971199, 43.04341880030832], [76.9496133000421, 43.03953520022356], [76.94482019960485, 43.03379420009751], [76.94153769986113, 43.03870060015422], [76.93678049969586, 43.044328799674325], [76.94320370011565, 43.048839300089725], [76.95057499955436, 43.04999429975264], [76.95717069986493, 43.05301589991398], [76.96207509976932, 43.05734970032728], [76.96669899982788, 43.06508330012275], [76.96658030003952, 43.07367669996492], [76.96235290017769, 43.07781120020116], [76.95660139974022, 43.08206320020957], [76.94550119984531, 43.08427150004907], [76.93702589966851, 43.08503560004807], [76.92025990041088, 43.08259720029023], [76.9090024001199, 43.07978050003107], [76.90219400030956, 43.08222799989652], [76.89987260000348, 43.09425969995439], [76.89890119958447, 43.10171819968835], [76.89886259987506, 43.11360980017991], [76.89659399984643, 43.11937490011588], [76.89515479994655, 43.12609479990818], [76.87558770002114, 43.12711820030146], [76.86683270039748, 43.13137149988992], [76.85899190006884, 43.13157749974854], [76.85285900011452, 43.13483199971798], [76.85143469967201, 43.12764430001101], [76.8432547996966, 43.121477399986695], [76.83669700020613, 43.124091200205136], [76.83301330028013, 43.13013430019949], [76.82362409994732, 43.13641150019377], [76.80807009958626, 43.135737300059894], [76.80874000024309, 43.14453599996038], [76.7995768995791, 43.14636680009932], [76.7986612000976, 43.153738699849825], [76.79376629987738, 43.1575453999669], [76.78135240011774, 43.15777999988263], [76.78611289979504, 43.16264219971229], [76.79273610023147, 43.16728909997609], [76.78976230024686, 43.1749931997317], [76.7917346996752, 43.18217600028026], [76.79127739970345, 43.19004820026918], [76.78908889975371, 43.19727440019417], [76.78270219968051, 43.19985650028364], [76.77693870044577, 43.2043257997918], [76.77186760017415, 43.21513989975961], [76.77875239990267, 43.21808189972999], [76.77255740031109, 43.221484899682075], [76.76992540030906, 43.22887979972506], [76.77875910043643, 43.231571899876464], [76.78538449994858, 43.23299599974281], [76.78060699965454, 43.24029520016883], [76.77479329986679, 43.24372390004901], [76.77722749982648, 43.25013249985232], [76.78387920021353, 43.25158549972282], [76.79142710035228, 43.2525117000045], [76.78910650044504, 43.25941770006935], [76.7867985003081, 43.26587810006232], [76.79714449984326, 43.271641400126455], [76.79813900043976, 43.281956200230745], [76.79504119970835, 43.28735339980738], [76.78532169962544, 43.28160190015209], [76.78162989959046, 43.28806620020847], [76.77201660013701, 43.291990200023946], [76.76324189956084, 43.29461950020144], [76.75499899983632, 43.29703770017685], [76.75212599980978, 43.30315510023287], [76.74636320036267, 43.306224999763884], [76.73944100017555, 43.310732199967426], [76.75360049990704, 43.31796989977439], [76.76030770000905, 43.31400479980582], [76.772396099717, 43.31675190007398], [76.7826597003844, 43.31990190024405], [76.78671120023215, 43.325453200028775], [76.79081990030558, 43.32935660010378], [76.80101479961672, 43.329371800087095], [76.8037521001364, 43.33820349980095], [76.80531870000817, 43.34566280029971], [76.81125770040502, 43.350886600126564], [76.81890729971533, 43.354124100024656], [76.83013350000691, 43.352959899732035], [76.83735249997063, 43.35408940010204], [76.85052720001244, 43.35410139980834], [76.85180029961957, 43.34652229991471], [76.85313019970216, 43.339353199874], [76.85714460002698, 43.33323450020165], [76.86263059978903, 43.33641759986397], [76.86579040044472, 43.3468974998503], [76.87368719995152, 43.34647229999614], [76.87876809994461, 43.343549599990844], [76.88046029956442, 43.33713910028831], [76.87682999999052, 43.33258809986918], [76.88030800008954, 43.327810399973586], [76.88399410031396, 43.33310909986967], [76.89039129989624, 43.3362034000698], [76.89259280026471, 43.343549599990844], [76.90129529964823, 43.347728400081785], [76.90563580009928, 43.352024199691975], [76.91171309972736, 43.35505480027665], [76.91694169982114, 43.358514000129084], [76.92061080032717, 43.36318600014019], [76.92477460036523, 43.36783299990009], [76.92922589992175, 43.373153700114905], [76.93156249972242, 43.379493300194866], [76.9407846996506, 43.381128400056895], [76.94999679982003, 43.379465499763306], [76.95737359964322, 43.38116870007329], [76.96420830032845, 43.37992180026228], [76.96792009955651, 43.38429300028947], [76.97341330021389, 43.38728709980257], [76.97882260002031, 43.39006030026394], [76.98106670029614, 43.39599890022675], [76.98401339990524, 43.40184380012606], [76.98664269957155, 43.4030615998441]]]]}, "properties": {"ADM0_EN": "KAZ", "ADM0_PCODE": "Kazakhstan", "ADM1_EN": "Almaty", "ADM1_PCODE": "KAZ004"}}, {"type": "Feature", "geometry": {"type": "Polygon", "coordinates": [[[76.04909460034594, 46.738143899735526], [76.2252177999787, 46.638509599851574], [76.21703340034199, 46.562037899906386], [76.23028899996332, 46.51713609988628], [76.23380580009605, 46.478344700177566], [76.1807720999064, 46.45256449987401], [76.19624739976383, 45.73168510006715], [76.17169799982916, 45.68353140009125], [76.18345070001384, 45.622800100088966], [76.2653610001331, 45.45390890020373], [76.3963955996992, 45.385464300132135], [76.48388109959325, 45.29317910007043], [76.48202010024333, 45.26073709989677], [76.52603369988421, 45.19012869995605], [76.54557120032099, 45.08171320000352], [76.55711060003301, 45.07751789993554], [76.56837000026084, 45.034777699829455], [76.61000419986932, 45.038850100065545], [76.6465154996519, 45.022685700168225], [76.72922459968808, 45.027578399756116], [76.8201926002407, 44.95857949989434], [76.87817599967964, 44.880016099974895], [76.83760299967918, 44.847691699729864], [76.84656680011429, 44.75452549975407], [76.89576679969176, 44.6796988001524], [76.91426380039962, 44.66070669972868], [76.91481030038415, 44.63838930022537], [76.92684029971723, 44.62983759992976], [76.92095100041013, 44.61311099987897], [76.93570020010817, 44.60693920020892], [76.94206269956764, 44.58335810017075], [76.93319439992881, 44.571125200225104], [77.06442539996212, 44.4976081997973], [77.11125459997778, 44.46427950010216], [77.17805099966492, 44.44577400002242], [77.1751319996077, 44.39107440027464], [77.17976739989855, 44.37281760028461], [77.20918199995342, 44.34413060015675], [77.26806269958014, 44.350993000230396], [77.29225369956418, 44.35736699991814], [77.29450789959878, 44.34877659978947], [77.30526269996184, 44.3490589002664], [77.31848420043328, 44.3448253000738], [77.32835099996832, 44.34376680005089], [77.33555379971423, 44.344613600184886], [77.34798599995277, 44.34045029978592], [77.35449799973681, 44.33840379992844], [77.36418450020783, 44.3373361001751], [77.3785509996285, 44.33799360010714], [77.37067959998637, 44.304379300291416], [77.37620499985675, 44.29279799975167], [77.38778300017647, 44.28058879978326], [77.39070920023076, 44.274785999931105], [77.3882425001224, 44.265954499678735], [77.37166629961298, 44.25125600022526], [77.36051680017528, 44.24026509968424], [77.3384345000994, 44.21646010007422], [77.35785280038618, 44.211841800314545], [77.35926489991049, 44.203788200226946], [77.35276940038162, 44.16132559999118], [77.46481539979393, 44.12191880026932], [77.47665949996552, 44.115994200253205], [77.50440800005283, 44.1071967002439], [77.52717869979226, 44.10343340028572], [77.56328489980594, 44.0927698000182], [77.59829059981615, 44.07704470016119], [77.60788469957703, 44.072509300080235], [77.60974379988845, 44.06042179988905], [77.61311489957028, 44.047113600285186], [77.6158178000045, 44.036441100053935], [77.72746529957021, 44.06878020006136], [77.73608790009744, 44.06232960028817], [77.77922240031639, 44.04257109995408], [77.80950530024684, 44.025288899781245], [77.83721280032631, 44.015105799846275], [77.83228319998331, 44.00379149981523], [77.82377029992197, 43.985976499952486], [77.78836679985278, 43.95441059970366], [77.77827690012366, 43.93565860020837], [77.77794160035063, 43.92354199989703], [77.8285526996276, 43.91730619991964], [77.8292430001262, 43.90288019987627], [77.83836310023418, 43.879211399771734], [77.84552249967372, 43.8683872001044], [77.85078670000217, 43.85005800013541], [77.88694999963027, 43.85718870005356], [77.90665590004681, 43.87505359977114], [77.93125509988587, 43.88077049973244], [77.95819160021146, 43.871178800252025], [77.96699560023897, 43.87309570015751], [77.98785280038828, 43.86771059972018], [78.01422110012705, 43.86636289969785], [78.02396090033882, 43.867640900119696], [78.03933499958956, 43.870335199697685], [78.05315870008471, 43.86624529972116], [78.06202289981258, 43.86516349987734], [78.09922890004205, 43.87058100006616], [78.1400921996097, 43.87457119980872], [78.15564159969826, 43.87835520021631], [78.18812710043342, 43.881511300047904], [78.20094250041264, 43.89092329978597], [78.21545389988536, 43.89627640012962], [78.23372630021261, 43.89758810004376], [78.3206243001142, 43.89047069994416], [78.3372561000515, 43.89283370008584], [78.3406825000223, 43.88375230031001], [78.35014479986302, 43.87693230012716], [78.36310519960715, 43.87495249979112], [78.3708299995849, 43.875818699711864], [78.37889809973161, 43.87550930000937], [78.38624669964138, 43.876952200102025], [78.39486259963486, 43.87736540022266], [78.40069909956287, 43.8732819001995], [78.40799469976925, 43.869631200239276], [78.41417449986616, 43.86517599972723], [78.42327480020697, 43.86456559985181], [78.43134059976815, 43.864495300071724], [78.43528879964651, 43.8589875002653], [78.44181199962541, 43.85663560030162], [78.44996589966156, 43.855335999931214], [78.456411300147, 43.85734219977728], [78.46262930020315, 43.86042290021308], [78.46891889958069, 43.85829630011553], [78.47277630044496, 43.85323719971041], [78.48070460027556, 43.85151659995057], [78.48893960021553, 43.85024150010821], [78.49260320033707, 43.84549989992736], [78.49714320044308, 43.84118910032184], [78.50590440023879, 43.83941790006469], [78.51697659964631, 43.84257510019495], [78.52693290012972, 43.84845579975523], [78.53714679970733, 43.850003199964505], [78.54521489985407, 43.84455599988047], [78.55568619999826, 43.843256099989354], [78.56615750014254, 43.84034650019316], [78.5730240002905, 43.83842729992261], [78.5858818995658, 43.83562769999467], [78.59267919979244, 43.8331029000893], [78.60212169986596, 43.830599799781716], [78.60849619991936, 43.828606299907264], [78.61808480019404, 43.827270799992554], [78.62949929994554, 43.82374800026514], [78.6382288997046, 43.82511860014859], [78.64352590021899, 43.82804419984897], [78.65542149990748, 43.8349602999469], [78.66460529955222, 43.83607469993041], [78.6748192000282, 43.83700340003918], [78.68280150028546, 43.837374900139764], [78.68923879976369, 43.834093499848215], [78.71138309976389, 43.834155399839666], [78.72013780024861, 43.83619850027493], [78.72803420000517, 43.83867500009607], [78.73747559964242, 43.83923210029248], [78.74520039962016, 43.84344179976426], [78.75507090021416, 43.84721780002101], [78.76511310030003, 43.84690829979784], [78.7700053998975, 43.84307029985967], [78.77910350026413, 43.8450512997205], [78.78751489968153, 43.84597979985883], [78.79369469977847, 43.84368940007671], [78.80133360015382, 43.84567029969085], [78.80908780019413, 43.844324400146114], [78.82176129959612, 43.83904639972506], [78.8318894001827, 43.83873689987079], [78.83952829965969, 43.84282270021713], [78.84527889998529, 43.84517510022844], [78.8517162003618, 43.850745999684946], [78.86338920021784, 43.850126999912526], [78.87403219985391, 43.84913670002605], [78.88450359971111, 43.84901289996601], [78.89514660024555, 43.84839389969852], [78.90630460044072, 43.84678450029554], [78.91746259973759, 43.84604169982934], [78.93342709964082, 43.84727970000253], [78.94338340012428, 43.84827010004031], [78.96007699966155, 43.84888300025893], [78.9709774995772, 43.84814020001114], [78.97851969990543, 43.850519600063734], [78.99054690008808, 43.852906200001655], [79.0025632001131, 43.854082199821804], [79.00865720032063, 43.85049230028481], [79.01192219998427, 43.843848100192155], [79.02487919960514, 43.8332825000245], [79.03430110041089, 43.83116010017068], [79.04490780002466, 43.83271560010738], [79.05203470021388, 43.83684420027587], [79.05724740012704, 43.84373810030116], [79.06452450042846, 43.84447400031795], [79.07139719985022, 43.84212620003984], [79.07967050036059, 43.84239229970235], [79.08420240035767, 43.83541750025962], [79.09044689981636, 43.83271859975999], [79.1044441997402, 43.83414930023908], [79.1175762998745, 43.8329729002883], [79.12753270007092, 43.83334440020923], [79.14315380009222, 43.83130120011308], [79.14916200041036, 43.83402550017923], [79.15396850011848, 43.838730700306584], [79.16529819980545, 43.8444261001855], [79.17662779977948, 43.84492130003469], [79.18495340020574, 43.84727359979999], [79.19370809979208, 43.84894489980802], [79.20229119959961, 43.854886800017006], [79.20769849975616, 43.86361300011505], [79.21439330041233, 43.86936780025662], [79.22452130038754, 43.87134790010359], [79.23349109977211, 43.86392849984408], [79.24421999990882, 43.85978219995502], [79.25348970005432, 43.86207199991495], [79.25958370026193, 43.87135399978633], [79.27194329955755, 43.87933530030601], [79.27546240027574, 43.88737750025351], [79.28121299970299, 43.89436710005564], [79.29108350029703, 43.901170299969266], [79.31932179960651, 43.90444799986958], [79.33305470018938, 43.908653000006794], [79.34309690027527, 43.90698339982548], [79.35219499974352, 43.90642690025081], [79.36275220038847, 43.90692160001958], [79.37039109986547, 43.91211579967825], [79.38266490017007, 43.91576379990661], [79.39382290036524, 43.91662939991148], [79.39897270024227, 43.92194639988267], [79.40249180006215, 43.92744830003321], [79.41244809964726, 43.93152810013535], [79.41940039968458, 43.93288799999443], [79.43047259999041, 43.93684370002714], [79.44197390035454, 43.94401290010608], [79.44926949966256, 43.9514284000588], [79.46137159957696, 43.953838299997436], [79.47656370015119, 43.95062509970539], [79.48883739984444, 43.95056329995596], [79.50093960037006, 43.95266430017582], [79.50514529962963, 43.9644032999998], [79.51046679989686, 43.96971600001052], [79.51750489982358, 43.97508999980515], [79.53269689978649, 43.97854890020473], [79.54102250021275, 43.97824009968214], [79.5510197000928, 43.976599699832576], [79.55951690029785, 43.97802029984648], [79.56810000010537, 43.976599699832576], [79.57538180039231, 43.97500239983027], [79.58191869967935, 43.97233769974776], [79.5899009999366, 43.97091699999062], [79.59476259960927, 43.967712600114865], [79.6028613996808, 43.965604400290594], [79.61341860032577, 43.96208300019092], [79.62105749980277, 43.96022950016203], [79.63144300005756, 43.957016800000915], [79.63865280037452, 43.95547209994654], [79.64689250030005, 43.951146800155705], [79.65281489983049, 43.94898399987199], [79.66397290002564, 43.94626499971013], [79.66723439985296, 43.9411355999462], [79.67796329998981, 43.93211169984808], [79.68560220036508, 43.930875499851886], [79.69882010038879, 43.93031910012545], [79.70826150002611, 43.93174079978467], [79.71967699960256, 43.93044279987785], [79.72585679969956, 43.923086500201364], [79.72328190021021, 43.914987300209546], [79.7234581002616, 43.903551499987834], [79.72886610020576, 43.896533800267335], [79.74042619979689, 43.893738099778815], [79.75536080009152, 43.88718139986576], [79.76136889979836, 43.88074779998537], [79.76720539972635, 43.87678819994493], [79.77887839958238, 43.870600999949886], [79.78265489996879, 43.86577449983483], [79.79072300011552, 43.8625566002079], [79.80016439975284, 43.860699999910395], [79.8149271999443, 43.86206150014222], [79.82677190019044, 43.857358099987735], [79.82866020024018, 43.850921200321885], [79.83535499999796, 43.842502699889636], [79.84016149970601, 43.83693100010012], [79.85252109989997, 43.83470209985051], [79.86076079982551, 43.83210169978109], [79.86470899970378, 43.82677669989989], [79.87294880024062, 43.82355669978067], [79.89183149980224, 43.82665290010028], [79.9026461998285, 43.830987199682575], [79.9120876003641, 43.8304918997313], [79.92084229995044, 43.82665290010028], [79.92719380043756, 43.82058429993845], [79.92187230017034, 43.81476279997567], [79.9127741998037, 43.80906460009211], [79.91483420024356, 43.799525100273], [79.92393219999896, 43.79865779989612], [79.93955339973319, 43.80262250005214], [79.94744980038806, 43.80596749996185], [79.95053970043654, 43.814638900069795], [79.96392929995213, 43.819965000178975], [79.97800560041698, 43.81562979978117], [79.98504370034377, 43.810055600074605], [79.98573029978338, 43.801135800175445], [79.99122350044071, 43.79766659979649], [79.99671659958844, 43.79283410027529], [80.00341140024453, 43.795312399780535], [80.00220980024577, 43.80695859995158], [80.00444139956612, 43.815134400272015], [80.01594269993033, 43.8119137002518], [80.03070559983482, 43.8099317001266], [80.03911700015053, 43.8099317001266], [80.03997529998031, 43.800268499838225], [80.03585539971185, 43.79630360002775], [80.0444385004177, 43.79332980017212], [80.053193200004, 43.79717090021124], [80.05902969993203, 43.8007640998127], [80.06778450012968, 43.80361359978325], [80.07739750044414, 43.79989679991504], [80.07739750044414, 43.79072759993078], [80.08786879969006, 43.78106120002998], [80.09564839959505, 43.78427070031502], [80.09576530005792, 43.79258630001246], [80.10349000032267, 43.80138350015057], [80.11567799983949, 43.79803829997768], [80.12460439981595, 43.79097540011879], [80.12752260037263, 43.785770700114305], [80.1349041001814, 43.78391169987418], [80.14812200020512, 43.78713389990806], [80.15756339984242, 43.79494060029296], [80.16614639993688, 43.80125959971973], [80.17335620025385, 43.804233100243174], [80.1874324001074, 43.79667530025837], [80.18794739976819, 43.78676210012313], [80.19223900042677, 43.7795740000267], [80.1912090002068, 43.770153699906096], [80.19241060020556, 43.76308759973356], [80.19911359978526, 43.760113500132576], [80.20803179993987, 43.76655880005225], [80.21712990030649, 43.77350060031433], [80.22880279955118, 43.77201310003667], [80.22948949960214, 43.762963599799214], [80.23740190015059, 43.759086299954014], [80.24957389977384, 43.75912019972608], [80.26828489984364, 43.7576324002051], [80.27394979999276, 43.76011210002015], [80.27360640011078, 43.7696578999281], [80.2799578996996, 43.772880800055], [80.2893993002352, 43.774616100053976], [80.29626580038315, 43.770897499848424], [80.30227390008999, 43.76655880005225], [80.31652180033365, 43.761599900165436], [80.3220150000927, 43.76469919986437], [80.3187533996541, 43.774120300095866], [80.32400250020093, 43.777530800033716], [80.33162219998538, 43.77692070012599], [80.33921510032995, 43.77285560016166], [80.35033910018993, 43.77697109971925], [80.36287039987566, 43.777962700141416], [80.37419999984972, 43.77821059994766], [80.383984699656, 43.77771479995597], [80.38861959958527, 43.785770700114305], [80.39462770019038, 43.788001300099104], [80.40441239999667, 43.78700989989072], [80.4128238003124, 43.78515099979836], [80.40976110035234, 43.7930848998578], [80.4128238003124, 43.80039239973099], [80.42241190022544, 43.80403240006643], [80.43022030011845, 43.80378309998078], [80.43685640036229, 43.801631300241425], [80.43945129994316, 43.79498330023864], [80.44655880011551, 43.79344770017846], [80.45607249976013, 43.7966775002942], [80.46533580030757, 43.79659239976303], [80.47348970034362, 43.79431859974727], [80.47496520026581, 43.78614250022901], [80.4808477999376, 43.783242999860576], [80.48719970017495, 43.78542679989205], [80.4887443003054, 43.792376700277636], [80.49670420017277, 43.79294360000914], [80.49902329989344, 43.80113169997243], [80.50571480013916, 43.80495069990546], [80.50865450007555, 43.81001679980933], [80.50569600019689, 43.815157399841375], [80.51103610008207, 43.82108439990999], [80.52258269979107, 43.82269469996829], [80.54099109966238, 43.79544710026959], [80.54641029980156, 43.78752340023492], [80.55083759996695, 43.78104569976441], [80.55639110003779, 43.772791300135935], [80.56200139968563, 43.76451230019084], [80.56834350020165, 43.75511030006651], [80.57404329989963, 43.74669959992933], [80.57936910040205, 43.73881059969286], [80.58399560018506, 43.73195450022569], [80.58912620036955, 43.724380800008774], [80.60170579977323, 43.70579010023352], [80.60595319972653, 43.69955269990064], [80.60970789979767, 43.693964700010945], [80.61601240042917, 43.6845668998977], [80.6212818999195, 43.67642509979626], [80.62526620039407, 43.67235999997531], [80.63096799974186, 43.66248919989878], [80.63720849990088, 43.65324769999989], [80.6440425996132, 43.643160500324946], [80.64729489979366, 43.638303100040226], [80.65276440019886, 43.63024349981999], [80.67378090039418, 43.59745289977011], [80.6856382004105, 43.57973260020313], [80.71389929986022, 43.53296039996039], [80.7509764996443, 43.46903729989714], [80.7528562998348, 43.461867800242544], [80.75528299976015, 43.45468859992634], [80.75607889991532, 43.446754900274755], [80.75063059975083, 43.44389450018564], [80.74411639999275, 43.44060680029073], [80.73937790005671, 43.43709600023], [80.73508999955881, 43.4330298998351], [80.73494839991723, 43.42480379984852], [80.73293369972048, 43.418219199689865], [80.73550330004797, 43.41245580000946], [80.73357599964024, 43.40356840007848], [80.73456409974038, 43.395673200289906], [80.73119760033104, 43.39035510019959], [80.72741260008536, 43.38332020021957], [80.72342970008424, 43.37589449988521], [80.71761049991207, 43.37292849982684], [80.71229589960451, 43.36867690006028], [80.70750609957761, 43.36531750013024], [80.70587320044463, 43.35841980030498], [80.70386829996934, 43.35185729980548], [80.69952649965606, 43.347920400196585], [80.69524899985251, 43.34332870025226], [80.68998140029902, 43.33975309993635], [80.68526149998092, 43.33600039979806], [80.68316870025343, 43.32868419976953], [80.68715019978097, 43.32453240005199], [80.69148869968394, 43.32042930013334], [80.69694609978221, 43.317143200075556], [80.70359849995695, 43.31892169982079], [80.71165380000913, 43.31764319971471], [80.71999589979222, 43.31744030014877], [80.72795479983466, 43.31765590007313], [80.73566000036949, 43.317309199988465], [80.74344460029742, 43.31583260025147], [80.74987890030091, 43.317425299790344], [80.7570488001478, 43.316210900286315], [80.76491290008002, 43.31640910004921], [80.77277470032512, 43.31379630028519], [80.77853170024879, 43.31138199979874], [80.77830839973035, 43.30352740013268], [80.77434149962284, 43.29889559970742], [80.77220440037541, 43.292532500136694], [80.77242869982034, 43.2844023998135], [80.76979940015403, 43.27778009986767], [80.76554140008034, 43.27183540019946], [80.76689579991569, 43.26490440011053], [80.77043470040104, 43.259867600173955], [80.77397989987323, 43.25394079976032], [80.77856309996122, 43.24934610022282], [80.78394500025315, 43.2438052000989], [80.78792519991848, 43.23920720006623], [80.78493699993997, 43.232969100221865], [80.78264749970792, 43.22594799983656], [80.78301899979029, 43.21790889982813], [80.78550229986679, 43.212105900273606], [80.78837259955758, 43.20656470032712], [80.78902060018605, 43.19795019975699], [80.79303969959815, 43.193093400294174], [80.79576899972191, 43.18688879991313], [80.80074230040854, 43.181928999865086], [80.80581869984202, 43.178453099915764], [80.80141579971644, 43.17468939996306], [80.79535019974654, 43.17150970026714], [80.796797199718, 43.164882199672604], [80.79282989986018, 43.160822400144866], [80.7916636997718, 43.152838999939405], [80.78815700029608, 43.14695219985281], [80.78552810038, 43.14100500026783], [80.78070189971946, 43.1377607998106], [80.77400209993887, 43.13991339996288], [80.76732239996265, 43.143153499738396], [80.75781750021453, 43.146284299832175], [80.74803070014714, 43.14679570020184], [80.7387271999908, 43.144765300147604], [80.73270130016661, 43.141340600031675], [80.72718250021862, 43.13739930000963], [80.72019290033401, 43.13410799969074], [80.71379370020364, 43.13625250025388], [80.70919659958493, 43.14043539968892], [80.70418270043731, 43.145832799722655], [80.69866129986659, 43.1431034001331], [80.6906463997476, 43.143119800245195], [80.68231740009634, 43.14373680006016], [80.67395600000938, 43.14340040003518], [80.66874450024537, 43.14622349977608], [80.66072020015528, 43.1491031996995], [80.65265059982208, 43.14876559968765], [80.64590079981268, 43.14698989983661], [80.63809160041907, 43.14762710017181], [80.6307304995538, 43.14517299975106], [80.62691559978224, 43.140334299936264], [80.62015209956641, 43.14196089972236], [80.61192840043275, 43.1420664002001], [80.60557879988245, 43.13946879971523], [80.6006893003337, 43.13553140008797], [80.59365810036667, 43.13750369988442], [80.5865922002768, 43.13640559980637], [80.58112510016998, 43.13001120002961], [80.57656970024509, 43.12548940003873], [80.57372950040457, 43.11990759983992], [80.5679673001337, 43.117169300130605], [80.56098479963485, 43.11575870013648], [80.55901949959217, 43.109250300276734], [80.55674019973021, 43.10324040020525], [80.55189110011473, 43.099622600088885], [80.54544819964076, 43.097819900155116], [80.53830500041903, 43.09970630001204], [80.53393199981927, 43.09601080009188], [80.5273909997229, 43.09442970020379], [80.52353280025636, 43.08974770003685], [80.51741750009512, 43.08662799968025], [80.51035970011417, 43.085342900130335], [80.50728959983286, 43.08006020014705], [80.50046430001711, 43.078870499830565], [80.49544660009747, 43.0757716001012], [80.48964020001969, 43.0727112002337], [80.48338569961703, 43.06983720015018], [80.47548290026239, 43.070581999948324], [80.4691757999065, 43.07259659992708], [80.46266649955993, 43.07427879988292], [80.45486969961219, 43.074000799823715], [80.44895329992953, 43.071784400204365], [80.44330369988626, 43.0679451998787], [80.43687900017825, 43.06630309983159], [80.43020199963946, 43.06408860010106], [80.42335900031773, 43.06265710008534], [80.41680129964192, 43.05922800005272], [80.40990630044163, 43.05748719974198], [80.40292729977904, 43.05546809982803], [80.39743410002002, 43.05277129996816], [80.39052479964043, 43.05104639980011], [80.38417339976456, 43.045903200324666], [80.38146969982978, 43.03583490004894], [80.37640569984214, 43.03141179979027], [80.38022519988635, 43.0257649002949], [80.381253999957, 43.01799120007396], [80.38456850038611, 43.013009800288145], [80.38752390017868, 43.00776799996312], [80.38932300021565, 43.00114219968362], [80.39355280037594, 42.99689430010456], [80.3981990999261, 42.993426800049285], [80.40295940017745, 42.99016290025564], [80.40912790036644, 42.98818869991079], [80.41483619992363, 42.985727799861394], [80.41886310030564, 42.981464100008886], [80.42352729968621, 42.977817399985305], [80.42872410031717, 42.97475809968511], [80.43396919976779, 42.97197800018347], [80.43808020042668, 42.967520300134495], [80.44399569999744, 42.964691500062855], [80.45086769963154, 42.96277080014965], [80.45673990040555, 42.95993139978604], [80.46230779957197, 42.957271800252144], [80.4682226002534, 42.95485640030526], [80.47364299964353, 42.95214790031087], [80.4785379995767, 42.94880539986627], [80.48373070029679, 42.94589859982278], [80.49022450021315, 42.943861400015294], [80.49755580036718, 42.94315759992816], [80.50348169973395, 42.940678799945964], [80.51014039979374, 42.93889040027219], [80.51845149961466, 42.93905889971627], [80.52593290016785, 42.938425300244596], [80.53287909974611, 42.937178699967184], [80.53964329974949, 42.93593190016974], [80.54567520031979, 42.933298100258874], [80.55239039991937, 42.93186020023781], [80.55864240031066, 42.929650300243324], [80.56366320031627, 42.92662419988909], [80.56861779987533, 42.922741899732266], [80.57425149973804, 42.91928620014699], [80.57948160001835, 42.916502600217065], [80.58612099977424, 42.91504830025198], [80.59157839987259, 42.91250439984871], [80.59507279961542, 42.90791320011519], [80.59717280023827, 42.90182359998591], [80.59817359982156, 42.89468340001846], [80.59328450002312, 42.891437400143786], [80.5868076001122, 42.89532010025373], [80.58108489966266, 42.892982700026884], [80.57571400013971, 42.895972700133015], [80.57008410015064, 42.893593400255405], [80.57500139986253, 42.889718299855026], [80.56609680020132, 42.88979340029411], [80.56120349988059, 42.88668469970575], [80.55286830005724, 42.88639489968041], [80.55172369995985, 42.87905209996723], [80.54703580032717, 42.88322419997401], [80.53993589990213, 42.88141230009556], [80.53323860013292, 42.883008699874644], [80.52882120030029, 42.879334599986585], [80.51924389993357, 42.87819480012824], [80.5131926002447, 42.875566000111014], [80.50762069998194, 42.880035899799914], [80.49992930026478, 42.8796006998387], [80.49919229994778, 42.870422199909534], [80.49280980039687, 42.872322499901294], [80.48532629958257, 42.87101289987728], [80.48058010018623, 42.86763830026735], [80.47409339965562, 42.86452110030111], [80.46778019973891, 42.86251629988413], [80.46055480017712, 42.861033600154585], [80.45782600041497, 42.854990599741704], [80.45198610036363, 42.857272000194016], [80.44693310024668, 42.86082069990762], [80.44280470011898, 42.856476199827654], [80.43725090001092, 42.853984899822414], [80.42987699994944, 42.855273500311995], [80.42294539979119, 42.853306099786735], [80.42333270034112, 42.84519609975954], [80.4192782998333, 42.84074140032069], [80.41460049995938, 42.837120500020774], [80.40809530042206, 42.83535880004588], [80.40497880035973, 42.82958090011435], [80.40091830029114, 42.83382340031051], [80.39389270042155, 42.835048200170256], [80.38899099995464, 42.838265399890155], [80.38383520022978, 42.8349639002244], [80.37998660016031, 42.83037969997432], [80.37274910029164, 42.8292657998642], [80.36564470020531, 42.82811189978668], [80.36306680034289, 42.835527500191496], [80.35641030025725, 42.83412959991613], [80.354606999698, 42.82740620008255], [80.34902760029925, 42.83049069992823], [80.34280680019438, 42.82835160021776], [80.33706399994043, 42.83070370011825], [80.33308869968666, 42.82626019971235], [80.32643170013776, 42.8280187002334], [80.32998990002866, 42.83283830005193], [80.32666770013925, 42.83772849971325], [80.31873429967447, 42.837395600170964], [80.31198099982879, 42.835678299922094], [80.30602029972792, 42.83802130014036], [80.30173589996464, 42.83425829983218], [80.29453479983127, 42.83314889983541], [80.28916719982028, 42.83591350015477], [80.28138949985217, 42.83548029998006], [80.27460749973143, 42.834196200219395], [80.27019609974656, 42.83033529967346], [80.26477399984563, 42.82710439978824], [80.25777379984072, 42.8040344000333], [80.25594689964065, 42.794000400042634], [80.25481469988746, 42.783959300149256], [80.24210729986326, 42.756563699722356], [80.23563829973695, 42.741677500075525], [80.23294600032143, 42.735066300272294], [80.2269205002476, 42.722011699888604], [80.2229940997863, 42.713005800200975], [80.2255405002233, 42.702811599711794], [80.22820809956171, 42.69735489996035], [80.22456140034397, 42.69289870017381], [80.21793299956038, 42.691445900089974], [80.21105970006408, 42.68958639980064], [80.2043336003069, 42.6880887003001], [80.19904170042659, 42.685011400123464], [80.19281310025012, 42.6827086996928], [80.18792609981448, 42.679388499687015], [80.18359539998319, 42.675354500165916], [80.17840900004653, 42.67242840011358], [80.17455600002882, 42.668209599739924], [80.17360449998827, 42.66113949996585], [80.17339419988869, 42.65326510006454], [80.16909839960617, 42.64917480008697], [80.16774630035623, 42.64194770021468], [80.16518100026406, 42.63640510016845], [80.16205920014146, 42.631317599790634], [80.16317329974004, 42.62384949983284], [80.16651979995612, 42.6191069000018], [80.16996789963089, 42.614402999694875], [80.17261590042487, 42.6086874997436], [80.17700629959499, 42.604996600042135], [80.17811579981928, 42.59804049995062], [80.17850320008216, 42.59015270022561], [80.18132200025597, 42.58421549978666], [80.18474099990549, 42.57959789981886], [80.18792850011295, 42.5746290997922], [80.19084560023335, 42.56935780021018], [80.19491379976223, 42.565271000245275], [80.200001400289, 42.56225690005565], [80.20198120003863, 42.55601180004409], [80.20538150035716, 42.55136750012273], [80.20943330024221, 42.547410700204495], [80.21296499983222, 42.542798300310764], [80.21797079976922, 42.53657090016023], [80.2217896000258, 42.53233780016452], [80.22712430013776, 42.52945770006032], [80.23259510040513, 42.52691680019012], [80.24052660003484, 42.52640650004955], [80.24696449958766, 42.524663800301376], [80.2502345998855, 42.51756810003752], [80.25465479976691, 42.51323439975343], [80.26156419985954, 42.51124150000365], [80.27006149977761, 42.5119373998671], [80.26692860007144, 42.50557860018759], [80.26195039997327, 42.500611300072784], [80.25276660032847, 42.4977003000931], [80.24817460034396, 42.492637399981454], [80.24096480002706, 42.48988429973227], [80.23323879990014, 42.49029049968092], [80.2277604995984, 42.48723969977804], [80.22320400013557, 42.48321550023408], [80.21837850016097, 42.477681100070804], [80.21235219968815, 42.4713562997869], [80.20735449986006, 42.46771959976933], [80.20808370010539, 42.4585086997015], [80.21230359993298, 42.454020500285026], [80.21107130000934, 42.44608270002208], [80.21027120023021, 42.4365131000227], [80.20623570027598, 42.43043879970597], [80.21221129983415, 42.42533010011], [80.21445649964791, 42.418557100054116], [80.21734379995543, 42.411466600275], [80.22370769988842, 42.409549899898806], [80.2303162002935, 42.40536000013381], [80.22848180005913, 42.39795480011606], [80.23269120037763, 42.39222060008472], [80.2387710997302, 42.38836579998827], [80.23790129966818, 42.38072750019153], [80.23413089974082, 42.37601810006768], [80.23011250011626, 42.37048109984193], [80.22757289992606, 42.36452829973274], [80.22986700043062, 42.35693879991828], [80.23207099991221, 42.3488093001491], [80.23695029998925, 42.344826399992165], [80.24045990012497, 42.34027070024544], [80.24880220023238, 42.339799600039356], [80.25301099957795, 42.334506800251354], [80.26045219962384, 42.33091400012643], [80.26577209999151, 42.32751359984577], [80.27222929984819, 42.325440999840616], [80.2791484996623, 42.324253099791186], [80.2835528999745, 42.31997850013849], [80.27987890005686, 42.31526170013845], [80.27316040004693, 42.31395609982198], [80.26965940038173, 42.30849700027626], [80.26314639987453, 42.305821999669206], [80.26061940035274, 42.30023430003096], [80.25948469968976, 42.2928525002297], [80.26418790032672, 42.288620799867765], [80.26792510031783, 42.283924300014775], [80.27560110021602, 42.28325689971934], [80.28078069990599, 42.2795677998436], [80.28413620034299, 42.271991199668065], [80.2878205003436, 42.264476700065586], [80.28733630032063, 42.25656829999736], [80.28370859957278, 42.25194020028532], [80.2845059999145, 42.244640200121815], [80.28417329986593, 42.2367890999379], [80.27982239961877, 42.23265110018004], [80.27479399986582, 42.229198700045096], [80.26699460019367, 42.224875500234035], [80.26030840000811, 42.222657400147895], [80.2524390997287, 42.221659900022665], [80.24593439965473, 42.21855870012468], [80.23543410009648, 42.218594099695665], [80.2259383002822, 42.218764300103516], [80.22044069967662, 42.22289439984745], [80.21624559963914, 42.22692849967837], [80.2083595996786, 42.22942209981491], [80.19916559966379, 42.22900479980501], [80.19246619963349, 42.22660039998299], [80.18877969965868, 42.218093500283885], [80.18062579962262, 42.2152329998904], [80.17483610012428, 42.21288819975619], [80.11803730006743, 42.27625909978698], [80.12416700022264, 42.2786519998491], [80.13170699967849, 42.28177500029937], [80.13815999991121, 42.28345400007054], [80.13797999998617, 42.29169699987205], [80.13355100020823, 42.2963120002633], [80.12958000018976, 42.30043800007259], [80.12231000017239, 42.305289000265596], [80.11583100000037, 42.30800700018765], [80.11083499978476, 42.31118400013213], [80.10625600021905, 42.31568500027273], [80.092496000159, 42.31687400000092], [80.0857299999318, 42.31903699981257], [80.08077800009714, 42.323422000212446], [80.08316400005192, 42.33010599975713], [80.0823439998943, 42.33806100017933], [80.07620500037916, 42.34035399991962], [80.06664499976819, 42.34092300003605], [80.05641499968569, 42.34110200017952], [80.04796600038378, 42.34266599991593], [80.04093700039087, 42.344016000217884], [80.030269999567, 42.342921000319684], [80.02315100006068, 42.345980000294624], [80.01706500024906, 42.350420999844104], [80.01336500039223, 42.355203999856485], [80.00973400013233, 42.360484000070954], [80.00201700022625, 42.363373000139646], [80.00054299959226, 42.37792999968609], [79.99258499966174, 42.37776400017782], [79.98370600018958, 42.37717399993322], [79.97921299993921, 42.3819810001971], [79.97600799965169, 42.38994500001111], [79.97193899972389, 42.39602499988769], [79.96824399988989, 42.40205399996091], [79.97125900020663, 42.40892699967755], [79.96671800027575, 42.41627000029203], [79.96435499988718, 42.42292000007014], [79.96686100039086, 42.429069999742794], [79.964108000015, 42.436597999802274], [79.95720899971836, 42.43360000022013], [79.9466549997708, 42.43420200014833], [79.94261199978227, 42.43857099988327], [79.93434099985724, 42.43699099972683], [79.92657299989753, 42.436518999877556], [79.92179400031529, 42.44016200015847], [79.91246499968292, 42.43923000033045], [79.90395100008365, 42.438637999687955], [79.89389099988047, 42.44073099980081], [79.87999399955311, 42.440130999705694], [79.87279600040407, 42.437289999853974], [79.86378300013921, 42.43933699983866], [79.8573089999901, 42.44527399983101], [79.8482830002048, 42.444119999941144], [79.84128099997602, 42.44276899969756], [79.83112399968844, 42.44209700014097], [79.8231060003818, 42.44293900028778], [79.81605399992428, 42.44401200032969], [79.80918700031309, 42.44701900002634], [79.80057300025643, 42.447685999855175], [79.79043000021257, 42.446349000212734], [79.78453699984647, 42.44919999996525], [79.78062899957716, 42.453674999900024], [79.7732709996962, 42.45501799977325], [79.7646170003549, 42.45397299978687], [79.75785299977747, 42.45195700001903], [79.7493869998589, 42.45262300011326], [79.7488379998629, 42.46050799995627], [79.74151900034003, 42.46555599976571], [79.7328419996359, 42.466114999723466], [79.7257699999852, 42.46959700026635], [79.71436200044306, 42.46892800004078], [79.70664700018678, 42.469220000084555], [79.7010850002568, 42.4721930000434], [79.69653699975487, 42.47649100031193], [79.69006799962864, 42.47912199976474], [79.68225299981322, 42.47810999968019], [79.67332199956411, 42.48009800013807], [79.66629599994423, 42.47908200025016], [79.65820800031736, 42.47689599988771], [79.64789700004403, 42.47074399999965], [79.64268499991842, 42.46600700026406], [79.64340999964146, 42.45792600005018], [79.6371530001256, 42.45397399994424], [79.62646899958334, 42.45570399974036], [79.61884999958649, 42.45696600030016], [79.61156500039885, 42.45601299996245], [79.60313999958974, 42.45493200020771], [79.59524500030672, 42.45450000031043], [79.58894600005979, 42.456474000125795], [79.58186500018829, 42.45962199973826], [79.57195700032105, 42.45971499995061], [79.56361100005302, 42.457394000007426], [79.55695799980367, 42.4591060000699], [79.54879700038188, 42.45808500025328], [79.54029899977786, 42.45934499974111], [79.53038199968984, 42.45793699976045], [79.51757700040493, 42.45738200009889], [79.50846899970554, 42.45942299997429], [79.50130300034361, 42.463673000259504], [79.50082899979233, 42.47305500016617], [79.49463599985059, 42.47919199984755], [79.49150799955595, 42.484540000277434], [79.48591800003688, 42.489047000038184], [79.47734199961504, 42.49323300026042], [79.46866999983207, 42.49585599990062], [79.46043800026511, 42.498933000128424], [79.45263500014532, 42.50018499995478], [79.45172399975102, 42.508273999716295], [79.44520699994419, 42.51321199995402], [79.43554599994914, 42.51460500018374], [79.42877100039944, 42.51812700015647], [79.42584499977116, 42.52403599992763], [79.4247490003273, 42.532458000290795], [79.41961400019456, 42.54087100007841], [79.41099599993997, 42.543549999757], [79.4021890004378, 42.54841499987427], [79.39751299988932, 42.55239099974264], [79.39353199982507, 42.55765300029633], [79.38525400022743, 42.56168300010953], [79.38081899970344, 42.569259000254426], [79.37927700019573, 42.57774300024562], [79.37441999989734, 42.58197400030294], [79.36903600024257, 42.58607499994164], [79.36287199971478, 42.58843599987506], [79.35694400008686, 42.59504199971467], [79.35174100018213, 42.59798499969775], [79.3462649995675, 42.602276999864785], [79.33914889982292, 42.60446979990334], [79.33116709992726, 42.60324350018811], [79.32160099975547, 42.602811199716214], [79.31638959970448, 42.606903199819506], [79.30450490017367, 42.612453699980314], [79.30049220035971, 42.61659329977784], [79.29525510040664, 42.62027510002733], [79.28786109964246, 42.62159900028953], [79.2789746998489, 42.62316480003581], [79.27203709984288, 42.621604999688614], [79.26761310008783, 42.62538299982903], [79.25970140022535, 42.625901300126834], [79.25349099991655, 42.632462400118754], [79.24794390034215, 42.63593999981072], [79.24086599965842, 42.638299999737185], [79.23655689981813, 42.64224770025873], [79.23163569962128, 42.645424600024974], [79.2283105002572, 42.6501199001163], [79.22165120012279, 42.653345399927865], [79.21488230013385, 42.65876119977487], [79.21021499976894, 42.66415000029123], [79.20504429968848, 42.668128599760756], [79.20123099981647, 42.6740321001521], [79.19653060012661, 42.68012110015393], [79.1914835001444, 42.68558429970028], [79.1865165002411, 42.69038029997226], [79.18334170041514, 42.69676070001259], [79.18124910011363, 42.702871300151], [79.1795332999547, 42.71182119976287], [79.1746191003289, 42.71787750022143], [79.17333659985225, 42.724645599847776], [79.17071739994464, 42.73032770015954], [79.1723070002809, 42.737023000084925], [79.17005799969513, 42.7434310001037], [79.17120240036655, 42.75073270002984], [79.1739979997515, 42.75777879981958], [79.17641920019076, 42.76351479975476], [79.17918670027363, 42.769742900245326], [79.18277800038786, 42.77515999993582], [79.18785499989595, 42.78002200022378], [79.191953999961, 42.78619000012556], [79.19495199966096, 42.79252289975246], [79.19758200001321, 42.80074200013922], [79.16551799958918, 42.797028000015665], [79.15204999960719, 42.79442399988389], [79.10693759957542, 42.78106679967233], [79.06929479982725, 42.7766339999913], [79.05674310029966, 42.775476999927115], [79.04726110040477, 42.76673900001636], [79.03389099972074, 42.76002540011866], [79.0256230001688, 42.76899899991588], [79.02360799993481, 42.77684400028321], [79.01285300014572, 42.777249000200875], [78.99884100019061, 42.77724299999681], [78.99031900019546, 42.77601799999387], [78.98150900032017, 42.77698699975728], [78.97640199977658, 42.780494999676534], [78.96723899972395, 42.78185200020608], [78.96053899961896, 42.77983000002405], [78.948640999632, 42.77636999970659], [78.93903499988862, 42.77525399985499], [78.9304879997791, 42.77426800015394], [78.92507099961401, 42.778084000079716], [78.91850600012664, 42.78056099974226], [78.91286700020372, 42.78309000026802], [78.90564099966896, 42.787501999776644], [78.89717999977321, 42.78931000019233], [78.88907100022993, 42.79027299999281], [78.88140200000437, 42.79494299990112], [78.87223499975377, 42.79655199984066], [78.86588600017645, 42.79966399982249], [78.85839500022614, 42.79867399968082], [78.85346099993482, 42.795413000166896], [78.84464600003675, 42.79682699973062], [78.8375919999294, 42.79947899982432], [78.83132899966748, 42.80278299970481], [78.82268700002169, 42.8054299999299], [78.81325299980743, 42.80690500005616], [78.8046129998115, 42.80720999975347], [78.79767300040531, 42.808760000276806], [78.7941280003592, 42.80425799967265], [78.7881399995585, 42.80099199981894], [78.7793969996304, 42.809228999980164], [78.77435899958205, 42.81506900014154], [78.76377600022046, 42.8167320002601], [78.75336700003778, 42.81891399971537], [78.74482199957811, 42.81852599983895], [78.73688700011208, 42.817533000283355], [78.7303619999093, 42.81930199979286], [78.71924899991997, 42.82435100005697], [78.70954899956685, 42.82611400009921], [78.70346899960303, 42.8207840000301], [78.69659500031908, 42.81689800016873], [78.68698600020262, 42.81616300014904], [78.67764200040001, 42.81457300012488], [78.66415299960326, 42.81488099982754], [78.66035499983712, 42.81954099969696], [78.65223399969997, 42.82498300029404], [78.64658499973133, 42.82832499975017], [78.6443739996787, 42.83471400030692], [78.6418859996167, 42.842361999673415], [78.63535299991631, 42.844616999824076], [78.62511600016107, 42.84641100030192], [78.61759800044662, 42.853526999670805], [78.60886399984102, 42.85383100021036], [78.60198899983388, 42.85180400005649], [78.59565199995204, 42.84744300021695], [78.58779899960354, 42.84826600020278], [78.581964999687, 42.85181799990688], [78.57920200016365, 42.8599169997389], [78.57151600021966, 42.86274899986239], [78.56436500002798, 42.86409199999089], [78.55765400005235, 42.865433999729724], [78.54555299967588, 42.86883600011955], [78.54217699968416, 42.87427400021643], [78.53801300022009, 42.87828200007469], [78.53190899996679, 42.881830000254965], [78.52482300007246, 42.887708999748185], [78.51325700034654, 42.88845100021473], [78.50697900001597, 42.89083000026099], [78.50192400024915, 42.89587100029968], [78.4957170000637, 42.90034499994135], [78.48944399975602, 42.89839399980396], [78.48395999964382, 42.89403699978854], [78.47557300026622, 42.89364400001034], [78.4687829997495, 42.895915000094746], [78.4623320000649, 42.89279200016549], [78.45711300026655, 42.88804499997242], [78.44916899968145, 42.887518999688936], [78.44166500021065, 42.88640900029023], [78.43697899961646, 42.88166100001987], [78.430883999584, 42.878797000254295], [78.41817700020843, 42.87845999975494], [78.41067399966427, 42.87702299968463], [78.40070600042084, 42.8787019997392], [78.39373599997917, 42.87992799978612], [78.38579899996505, 42.8834930002271], [78.38077299961226, 42.88744999986202], [78.37247699957294, 42.88730899994709], [78.36973599979088, 42.88165199976461], [78.36664299965634, 42.876124000034466], [78.36416700018819, 42.8687120000478], [78.36107400005366, 42.8625989997253], [78.35507299973246, 42.858627000043825], [78.3503080003939, 42.855174999705504], [78.34183999992715, 42.85477200009413], [78.3344319998175, 42.8567739997539], [78.32640500028998, 42.85741000009723], [78.31696699987772, 42.857198000052065], [78.30699899973607, 42.8572440003287], [78.29764900008566, 42.8612540002752], [78.28970899969845, 42.86312199989211], [78.27903400027533, 42.86459299982734], [78.27091899998598, 42.8643149998892], [78.26817999985377, 42.869897000069166], [78.26059000016926, 42.87280399992452], [78.25273900036883, 42.87219999997413], [78.24516499967957, 42.8732760003011], [78.24060600020532, 42.87832200016589], [78.23502900020668, 42.87524200021853], [78.2272720001176, 42.87655400021168], [78.22082899993057, 42.87446800024604], [78.21571800008729, 42.87094500015095], [78.20812699967958, 42.87306900019958], [78.20309100017933, 42.87708299971931], [78.1987080004322, 42.88134199996985], [78.1877589995761, 42.879886000256185], [78.17952799983406, 42.87493899975509], [78.17992500039242, 42.865906999981036], [78.17312499983001, 42.86315300027151], [78.16695899965242, 42.8595599999937], [78.159544999695, 42.86148599979478], [78.15266800003802, 42.8600340000473], [78.14605800034475, 42.85806200009771], [78.13829399968469, 42.85888099981758], [78.12982500029132, 42.85943599972651], [78.12126499976299, 42.86083499995276], [78.11666699993066, 42.86458799969271], [78.10784000033702, 42.86335099975764], [78.10111699976748, 42.85794399973727], [78.09456700034863, 42.85157000029978], [78.0853940002503, 42.851390999749476], [78.07932500015707, 42.8492430000999], [78.06960800008557, 42.851609000210985], [78.06113499959588, 42.84975100006134], [78.05433800030484, 42.84763200007764], [78.05030100016414, 42.85185399988392], [78.04578399962433, 42.856317999700245], [78.04096700040725, 42.8600340000473], [78.03498399962942, 42.86523799997783], [78.02739399994493, 42.86462999975787], [78.01928200002861, 42.865863999988264], [78.01266999978719, 42.86799900023254], [78.00217799976389, 42.87065399972534], [78.00154500010228, 42.862720999846935], [77.99449900039087, 42.86102100032584], [77.98743199986481, 42.85896900012285], [77.98254000030465, 42.855336999850785], [77.97609899976742, 42.853691000199774], [77.97059999958664, 42.85088700031029], [77.96506600014403, 42.85380399977674], [77.95787499976939, 42.85492099983363], [77.9501179996803, 42.8558759998194], [77.9449299998441, 42.8594909998492], [77.94327399963528, 42.86629399988522], [77.94196099955813, 42.87346600011708], [77.93734799965722, 42.878105999760194], [77.92854000033012, 42.87643099981324], [77.92254400003186, 42.87441000030107], [77.91498899960914, 42.873797000183885], [77.90803400013434, 42.871615000233774], [77.90289099960567, 42.87456900002003], [77.89843699971345, 42.87875400002544], [77.88983000022779, 42.879585999961385], [77.88434500029068, 42.882377000252966], [77.87857099975027, 42.884714999870454], [77.87336899967033, 42.88766800003436], [77.86503499999615, 42.88796199986787], [77.85663500019982, 42.887390999824824], [77.84845399978815, 42.88632500015254], [77.84233000034168, 42.88281700024926], [77.83354399985764, 42.88294700011138], [77.82629700030473, 42.884673000308084], [77.81939200016038, 42.88676799969161], [77.8138229996594, 42.89256100021626], [77.81158599966749, 42.899035999949376], [77.80751799956461, 42.90317400005668], [77.80083699972623, 42.90534900010865], [77.79518299973472, 42.908753999794655], [77.78957499977389, 42.91129300009358], [77.78222600011385, 42.914458000191296], [77.77438299981105, 42.913548999817095], [77.76843900028967, 42.91110799997618], [77.76343600040137, 42.90684900008714], [77.75442700033456, 42.90759099990764], [77.74752800003795, 42.90912700007267], [77.73977799962152, 42.90696199973185], [77.73215600014998, 42.90523700029694], [77.72499999993539, 42.90723699995814], [77.71942700013477, 42.90999700003105], [77.71386400037986, 42.906668999806065], [77.7074010001013, 42.90431499986091], [77.69934799973622, 42.9046380002176], [77.69278999992154, 42.906668999806065], [77.68785099960733, 42.91223699977439], [77.68090700000324, 42.91420300019521], [77.67511599974439, 42.917213000113], [77.66792500026804, 42.915013000289264], [77.65944900030368, 42.91265000022804], [77.65284700010797, 42.91423599993682], [77.64615700004875, 42.91648499999573], [77.63767600006145, 42.9159499996808], [77.63013300023266, 42.91680599979717], [77.62425499993513, 42.91949800006322], [77.61873800021098, 42.91673299996051], [77.61317700010594, 42.91412499983863], [77.60580499998126, 42.91498000030588], [77.59856199972809, 42.91596200014581], [77.58973699978425, 42.91557999987563], [77.58146900023232, 42.915514999831615], [77.5783610000292, 42.9214660001858], [77.57256399992254, 42.924470000146535], [77.56437599983825, 42.92544599974361], [77.55951900043814, 42.92889599977643], [77.56464799982481, 42.93204099972658], [77.56047099994194, 42.93675600030901], [77.55377400021004, 42.93921900003362], [77.54520199998615, 42.93927700019167], [77.5385219999727, 42.93782799986586], [77.53068399969278, 42.93681499980182], [77.52538399970359, 42.933794000012064], [77.52081900038154, 42.92973499973118], [77.51250300025073, 42.93013799981698], [77.50604499999505, 42.92767899979562], [77.49864600010629, 42.92560000032718], [77.48964399971216, 42.925292999922924], [77.48150300038179, 42.92535599985644], [77.47796199963528, 42.93357000031336], [77.47305800037957, 42.93916000021362], [77.46685600021699, 42.93660300030188], [77.46149199975534, 42.93237600002987], [77.4560510001992, 42.928935000155406], [77.44743700014256, 42.92884099968912], [77.44029099997374, 42.925975000245], [77.43176700032876, 42.92625699986335], [77.42240900028239, 42.92848799989712], [77.41612900030202, 42.92639899998955], [77.40645200041345, 42.923110000199664], [77.39738600044517, 42.91689800027017], [77.39045899966118, 42.91418499996987], [77.3834117998006, 42.91284189990253], [77.37820099982423, 42.909562000270924], [77.37128999983203, 42.908289999971174], [77.36421900000629, 42.90381900032501], [77.35837099984602, 42.90166200019212], [77.35268800044048, 42.89874900012526], [77.34591100034262, 42.90202499982898], [77.33879199993797, 42.90545799991204], [77.33248199982036, 42.908509999721694], [77.32577599986763, 42.91056000008278], [77.31958499957568, 42.912731999964905], [77.31026300041272, 42.9145149999765], [77.3020130004041, 42.91654099990524], [77.29612199968787, 42.91416100031915], [77.2915280000535, 42.90841599967315], [77.28439500030346, 42.91074800007658], [77.27708299955498, 42.91232799978869], [77.27028399971584, 42.913685000161486], [77.26371599985534, 42.91221700020144], [77.25531600005893, 42.9119190000068], [77.24639700040376, 42.911829000097406], [77.23705699990076, 42.91184799974561], [77.23002799990785, 42.91360299971883], [77.22342800026028, 42.91501100029082], [77.22568500034367, 42.923462000032], [77.2216919996855, 42.92758599983891], [77.2139799998023, 42.92700600013686], [77.20870199955438, 42.93030700006543], [77.20068000004977, 42.934422999921686], [77.19651499986254, 42.938323999932024], [77.19024999995075, 42.94149600002808], [77.18377400015177, 42.943029000114905], [77.17913500031156, 42.947055000140814], [77.17326700005981, 42.944867999704925], [77.16499600013479, 42.94393800020768], [77.15676500039278, 42.94442500007394], [77.15160900034368, 42.94866899968048], [77.15476500022741, 42.954443999700445], [77.15363000042544, 42.96184899998253], [77.15597100017446, 42.968190000246175], [77.15252700041064, 42.972784999830886], [77.14429300029553, 42.972861999799335], [77.13507199961829, 42.97293500014988], [77.12862549959492, 42.970339800084844], [77.11989399989909, 42.971828000159505], [77.11473500037526, 42.97562899984871], [77.1069320002554, 42.974664000264454], [77.09986490001633, 42.97638369982088], [77.09349519966152, 42.978422800267424], [77.08482509981536, 42.98129280006295], [77.07626679979788, 42.97670080023328], [77.06380770040641, 42.977514400214], [77.0619254999175, 42.97087349976001], [77.05808699960676, 42.96359200026647], [77.05326000034391, 42.95935299985365], [77.05011000030797, 42.95411099984146], [77.0423740001353, 42.948917000271685], [77.0350940000722, 42.94719200030156], [77.03343399966536, 42.95371200027928], [77.02546200038948, 42.95305599977763], [77.02080199973456, 42.95899800021359], [77.01520800001755, 42.96304600026176], [77.01109999973166, 42.96977900018217], [77.00686599994746, 42.97578499979405], [77.00407330032418, 42.982228099698105], [76.99802750012151, 42.985406000121664], [76.99025589971414, 42.98445560015773], [76.98472090044662, 42.98164630016341], [76.97592999965259, 42.98639000031749], [76.9682849997165, 42.9850270000539], [76.95882200008819, 42.981319000099845], [76.95180610022709, 42.98027260005058], [76.94557300038934, 42.9822180002133], [76.93904200033876, 42.98066300018207], [76.93553800030047, 42.976098000133845], [76.93228500033239, 42.97037400022177], [76.92068500027132, 42.967198000178755], [76.91349600044484, 42.969869999981086], [76.90750699981928, 42.97238200020744], [76.90152800013776, 42.96941600007083], [76.89254099981214, 42.972965000169744], [76.88551299964413, 42.97413099994624], [76.87528900030773, 42.9711989998836], [76.8683930003842, 42.9728969997531], [76.86215949989783, 42.97482650028418], [76.85661069981258, 42.977686400115566], [76.85020100017313, 42.9804890002196], [76.84587160020408, 42.98416069968388], [76.83678900026769, 42.98341100023368], [76.83350199996438, 42.977904000273746], [76.83665000035052, 42.97248500006721], [76.83331700001642, 42.96594399970335], [76.82781299981275, 42.96284899988915], [76.82274399980223, 42.9550926000896], [76.81542000025654, 42.953400999831736], [76.80768719988286, 42.951135600056844], [76.80244400036914, 42.94705199973074], [76.79495500006864, 42.95062299972107], [76.78905300038001, 42.95441299983506], [76.78045060026862, 42.956504299902704], [76.77349140027157, 42.95341210013752], [76.76491009978959, 42.95110510020418], [76.75587590018233, 42.9497740999742], [76.75094400015223, 42.94505699974114], [76.75425800021969, 42.93791999985641], [76.75213699968047, 42.93190899999206], [76.75048600039278, 42.92539599967635], [76.74652000039718, 42.92026500005462], [76.7402229998, 42.91849599983038], [76.73268499999409, 42.916221000018666], [76.72802199986437, 42.911990000186094], [76.7216880003557, 42.90823200024112], [76.71363400016563, 42.90737500000181], [76.70802899967967, 42.90412100024697], [76.69945800017899, 42.90512500028179], [76.6908449999473, 42.90581299969861], [76.68436900014831, 42.90817399979854], [76.67605300001745, 42.909617999891886], [76.66782899994818, 42.90850599996053], [76.65960300022905, 42.90837100013811], [76.6531690002628, 42.91060499999347], [76.64468900010044, 42.9093639996992], [76.63543900000917, 42.90793200028979], [76.62902000011157, 42.90580999991095], [76.62270900016904, 42.909398000148315], [76.61146499976014, 42.913989999823194], [76.6051589998405, 42.91577900020166], [76.59921699996885, 42.91226699977947], [76.5943880001579, 42.909007999869324], [76.58732400000483, 42.90748199992792], [76.5805610001507, 42.905829000098656], [76.57142099966428, 42.90899999975339], [76.56341099985515, 42.90844799977578], [76.55539299965022, 42.9096949999456], [76.54681600030182, 42.91109800000734], [76.54161300039696, 42.91500000029792], [76.53585499975006, 42.918080999841614], [76.52693100007201, 42.92011199986578], [76.51891700006503, 42.91999999990808], [76.51090700025597, 42.919222999940885], [76.50496700003413, 42.916180000182464], [76.50247200029943, 42.91011400014136], [76.49997500001653, 42.90442800020259], [76.49277299977125, 42.903109000088904], [76.49025999959483, 42.89628300020325], [76.48650600020966, 42.89115300018225], [76.47917400026799, 42.884612999755326], [76.47169599983813, 42.88555200013697], [76.46277800000792, 42.88650700019665], [76.45554800017354, 42.88430699971437], [76.44797100000947, 42.88363900021563], [76.44250500033897, 42.88638499969841], [76.43629399995555, 42.88438699995765], [76.43349000042433, 42.87872699995821], [76.4268589999163, 42.876271000314226], [76.42062499996663, 42.87376099983304], [76.41267700008186, 42.87360099999475], [76.40385899981071, 42.87383899990828], [76.3940949998835, 42.87542600000864], [76.38731600013585, 42.87324100032316], [76.3820039995528, 42.87038399994951], [76.37465400006775, 42.868872000051276], [76.36931899991849, 42.86566800028476], [76.36236299972046, 42.866892999743975], [76.35489000021185, 42.86490499979228], [76.34836400018416, 42.861915999897086], [76.33972099981521, 42.86214999995935], [76.3321689997655, 42.86317100025103], [76.32574900004305, 42.86870000026122], [76.3201539996028, 42.87158600024424], [76.31183199962418, 42.87200099986436], [76.30504700002871, 42.87355200001481], [76.30313700027496, 42.88188299975818], [76.2998170003597, 42.888113000014464], [76.30370200016453, 42.89427200015918], [76.30828800030123, 42.89855399984032], [76.30568800008616, 42.905003999925164], [76.30261699969297, 42.910450000016425], [76.29342000020344, 42.91051600021138], [76.286479000074, 42.913013000297774], [76.27948900043916, 42.9146520001679], [76.27130600037769, 42.91636000031951], [76.26495899955187, 42.91914999967837], [76.25625900017982, 42.91892200026607], [76.24702400015714, 42.91881900021448], [76.24026799997569, 42.921082000027845], [76.23071999995857, 42.92031800007875], [76.22261800008795, 42.920866000038416], [76.21510600022125, 42.9190779999205], [76.20694999992402, 42.91758200002362], [76.19894599996272, 42.9179820001621], [76.19766700022078, 42.92531600001056], [76.19414800011388, 42.931117000247916], [76.18544700001854, 42.93173500023859], [76.17788599974806, 42.93063900003998], [76.1702759999721, 42.92903000024995], [76.16122599989733, 42.92899000015874], [76.15451099972375, 42.92738100004653], [76.14630599992104, 42.926755999805856], [76.13437100012422, 42.92492400014644], [76.12706099992383, 42.92422499995482], [76.11890600034987, 42.92246700026209], [76.11264200026295, 42.92501499984386], [76.10592899973919, 42.922819999693935], [76.0972279996439, 42.92339500002454], [76.09210599992994, 42.919741000130614], [76.08519499993774, 42.91856499978582], [76.07808499975398, 42.9217319998377], [76.06660000021897, 42.91996600004508], [76.06177899990564, 42.91612799986957], [76.05387399967854, 42.916482000069635], [76.04641700006339, 42.915850999867075], [76.03915899974163, 42.91463500007904], [76.03056099957846, 42.911739000056585], [76.02260500019608, 42.91344099987165], [76.01892100023275, 42.91894500010074], [76.01424399985939, 42.92243899971744], [76.00817399994129, 42.92523799990745], [76.0005139999366, 42.92723099983043], [75.99379299991521, 42.92872400027289], [75.98314199988323, 42.929973999860294], [75.9745510002911, 42.9297339999709], [75.96513600034338, 42.92994699985367], [75.95901899967129, 42.932420000077634], [75.95051000009498, 42.93260690012307], [75.95185140040981, 42.939672799913765], [75.94844670014302, 42.94637000002399], [75.94310790012005, 42.94914489984056], [75.93966999991707, 42.953897000015694], [75.93347299977738, 42.95603800028042], [75.9253879996252, 42.95550600029204], [75.91909799959905, 42.952075000215785], [75.91259599986083, 42.949467999896626], [75.90497600003904, 42.948962999889666], [75.89949699994973, 42.9462770000165], [75.8932339996878, 42.94420199977481], [75.88413799958228, 42.94410899977994], [75.87611899955235, 42.94440199988871], [75.86860599986076, 42.94373699971093], [75.85994900014639, 42.94274000021717], [75.85165099955893, 42.94220799970245], [75.84425699969296, 42.94074499990167], [75.83933699964544, 42.93755300001814], [75.82891099974434, 42.94010699984725], [75.8129783002021, 42.94253190030142], [75.80653909988875, 42.940761199697214], [75.80085250003557, 42.938197299828495], [75.79054070026163, 42.939291399768884], [75.78138180011996, 42.93793160013711], [75.7727828001319, 42.94068869975911], [75.77306279961607, 42.951816500220765], [75.7749719001562, 42.96398629998535], [75.77378669980128, 42.972761500196874], [75.76526420034284, 42.97144109988089], [75.7601167001529, 42.96677840026255], [75.75381329995766, 42.960288100021515], [75.74206779977001, 42.96032800023501], [75.72803639979799, 42.95719030028808], [75.71574390016252, 42.96059129970971], [75.70351139990318, 42.961073999886636], [75.6948907002111, 42.96157289979882], [75.65656009997576, 42.97526819990512], [75.54677229989773, 42.9815959001653], [75.57764839963109, 42.98895480024641], [75.60122230013404, 42.99916749990051], [75.65611060007558, 43.04365229970378], [75.65152320036357, 43.05033129995971], [75.64168920011618, 43.051207700054626], [75.63233490023057, 43.05611510016615], [75.61098799967372, 43.058919100075386], [75.59659680017593, 43.07065970027377], [75.58628309956683, 43.07258700023864], [75.57692879968116, 43.07749269979777], [75.56709480033213, 43.07924469989005], [75.56253760018336, 43.082923599834544], [75.5531834000107, 43.08555120030697], [75.53255599969084, 43.08257320006213], [75.511688800394, 43.09693639997204], [75.49969610000987, 43.10464210004818], [75.48496670007893, 43.10728270012044], [75.4783492003513, 43.11370380016345], [75.47055389969182, 43.118781300215986], [75.4621591002426, 43.12193260029515], [75.45388410011961, 43.12350820028729], [75.43481579963725, 43.12315810025893], [75.42318289967716, 43.120531999972904], [75.40519389985576, 43.12718449972331], [75.37317350006234, 43.13812439968653], [75.35974170038963, 43.14503739993684], [75.34942799978057, 43.145999900028634], [75.34391139980669, 43.14984979996861], [75.33803500030702, 43.16069809971608], [75.33719550041948, 43.170320099926926], [75.33055509994036, 43.195293699687156], [75.29454370003698, 43.21326589987337], [75.33062769998503, 43.252879599765876], [75.28111850028671, 43.263113699680254], [75.27867129990823, 43.28025220023599], [75.27771190008308, 43.315383400174646], [75.28184940014452, 43.33453339995191], [75.28500449991635, 43.34329439985907], [75.29223840023573, 43.36896350008711], [75.29414189978006, 43.37571629967608], [75.30757370035106, 43.38774469996302], [75.3497878002047, 43.40482430026993], [75.41895769978943, 43.471049600064816], [75.40483410032995, 43.50572229986353], [75.38869320005097, 43.53485959971305], [75.34319189956975, 43.53424609992639], [75.30544030036592, 43.528954700078344], [75.24238239963378, 43.536748199689434], [75.2387305997818, 43.59051390004678], [75.18092760001828, 43.59071670006981], [75.18406970026959, 43.543318199788615], [75.13295039978186, 43.566312899856385], [75.08539390035602, 43.569104799695296], [75.03126250021164, 43.59886519971491], [74.997185700426, 43.61029129978551], [74.99730669990149, 43.65097409967823], [75.19833710024318, 43.77345540001921], [75.24351789979733, 43.81092460000356], [75.26812619957012, 43.82458760010004], [75.26948739965214, 43.84372520009396], [75.28525230018752, 43.86127100009736], [75.28453279995058, 43.87735219971338], [75.27693579969507, 43.89181090008107], [75.27541829994013, 43.92919730001367], [75.27301979992812, 43.94871389993157], [75.27631210029159, 43.954317899816374], [75.30683910033254, 43.98729650029724], [75.31163620006944, 43.99652839971645], [75.30947749993271, 44.006794000170636], [75.31579389964838, 44.01840529994629], [75.31403470008145, 44.08334170012409], [75.3070796997083, 44.14803880024504], [75.26210649991803, 44.168651500022214], [75.21375570023645, 44.1942354999682], [75.12674829990628, 44.25997659972714], [75.11283420014749, 44.26043010014372], [75.09283010037902, 44.27734800028085], [75.04815699987739, 44.299798999832724], [75.03649710015317, 44.30848379988578], [75.0042342998618, 44.317014399862536], [74.9976383004122, 44.326623800018226], [74.98546580042735, 44.32655950009894], [74.97017509986925, 44.3335726000589], [74.94145629979909, 44.34360999992999], [74.75099500008503, 44.35781429998647], [74.51972899970586, 44.485819099880906], [74.51073760033034, 44.5228027001971], [74.49379480004843, 44.5261350001112], [74.52005729980627, 44.583129700118405], [74.51223399955762, 44.666919000002814], [74.52263549970594, 44.698726899786045], [74.4025796001976, 44.80121119968691], [74.38931950001671, 44.795263200195635], [74.30566780044789, 44.84897619993165], [74.23667870028875, 44.871963999856085], [74.19658249998999, 44.89494259993911], [74.13348999974633, 44.91331890006308], [74.13938649994878, 44.953392199965016], [74.11815909957927, 44.9679952998199], [74.08749730014344, 45.12713609968468], [73.89301389974591, 45.12515689975783], [73.75503580003897, 45.10435140018965], [73.72201529955153, 45.22076440023407], [73.75267719959866, 45.2888387001632], [74.03099200035113, 45.28800900022746], [73.98422999970867, 45.381617599755195], [73.90152149974703, 45.74652960007841], [74.01473430022065, 45.89036100031069], [74.06057280041175, 46.00104990022722], [74.0825191997582, 46.04037299983408], [74.1657195003884, 46.138325700038095], [74.74356489962274, 46.52638549989444], [75.0189389000027, 46.55729769985013], [75.32703549975885, 46.68205840014081], [75.52224540006607, 46.70749180008811], [75.60985760014438, 46.69352999973584], [75.88590690005601, 46.724738500116764], [76.04909460034594, 46.738143899735526]], [[76.98252769961306, 43.40072780014142], [76.98043299994868, 43.39466269983229], [76.97790559977828, 43.38901629990321], [76.97182629960203, 43.38703640013496], [76.96773990020553, 43.383107800090436], [76.96307620028827, 43.379379499789636], [76.95213200002902, 43.37984770022513], [76.94440560015173, 43.381217400216066], [76.93803279971097, 43.37857289993146], [76.9309482002901, 43.37714160004595], [76.92788749997993, 43.37144010026128], [76.9243343001119, 43.36690689981323], [76.91980999986205, 43.3630420002483], [76.91682959995514, 43.35765680024528], [76.90958809988851, 43.352096199691154], [76.90129529964823, 43.347728400081785], [76.89259280026471, 43.343549599990844], [76.89039129989624, 43.3362034000698], [76.88482700027907, 43.33357920014922], [76.88081549971596, 43.32900769994374], [76.87842650028647, 43.334629399716086], [76.87897810000695, 43.34213310031031], [76.87524719990093, 43.346464400007825], [76.86579040044472, 43.3468974998503], [76.86263059978903, 43.33641759986397], [76.8576730995699, 43.33321150009763], [76.8517250998505, 43.335395500152444], [76.85429630007754, 43.34136449967394], [76.8510427000348, 43.34744019985343], [76.84279950027296, 43.354688100316444], [76.83506570007437, 43.35407350020997], [76.82464079971118, 43.35299439976829], [76.81180009958031, 43.354766500281094], [76.80531870000817, 43.34566280029971], [76.8037521001364, 43.33820349980095], [76.80101479961672, 43.329371800087095], [76.79081990030558, 43.32935660010378], [76.78671120023215, 43.325453200028775], [76.78242509995808, 43.32082309979227], [76.77349319959706, 43.31864650024433], [76.76030770000905, 43.31400479980582], [76.75360049990704, 43.31796989977439], [76.74159340042722, 43.31541890000957], [76.74636320036267, 43.306224999763884], [76.75456000034347, 43.304279099719686], [76.75850280044855, 43.29600810029984], [76.77201660013701, 43.291990200023946], [76.78008479999676, 43.2893897002506], [76.78449960010495, 43.28373090016007], [76.79047440016251, 43.28601279992423], [76.79693660004207, 43.28396099983638], [76.79964360038726, 43.27435759995238], [76.78864640042457, 43.26763639990498], [76.79093480022037, 43.26187680007948], [76.78828740039937, 43.25617320004832], [76.79303929960612, 43.25267469985659], [76.78575019960921, 43.25162210002566], [76.77722749982648, 43.25013249985232], [76.77479329986679, 43.24372390004901], [76.7803905002812, 43.24062600011545], [76.78538449994858, 43.23299599974281], [76.77875910043643, 43.231571899876464], [76.77069459983905, 43.23062770014367], [76.77279799968692, 43.2229184002485], [76.78052540028739, 43.218460900058666], [76.77256750006987, 43.2180169997021], [76.77559809963151, 43.20769979999903], [76.77861830029542, 43.1997162997298], [76.78430879973524, 43.19647349977409], [76.7902763000828, 43.19396269987494], [76.79121609956677, 43.18649950020186], [76.7916350998664, 43.17839609985953], [76.79243280024542, 43.1697824996992], [76.78567469980281, 43.165318599829156], [76.7796197996663, 43.16159209983], [76.78916850036934, 43.1573496002041], [76.79689800033266, 43.15529349967346], [76.79878119974815, 43.148195199732896], [76.80556030010717, 43.14595179983125], [76.80877280042898, 43.1407079002391], [76.82362409994732, 43.13641150019377], [76.83568389999171, 43.13389050012793], [76.83278929997414, 43.12408310020818], [76.84085499982238, 43.12445610021569], [76.84837069984981, 43.122889799754205], [76.85358519998684, 43.129921500234985], [76.8591442004421, 43.13308579989018], [76.86683270039748, 43.13137149988992], [76.87047019996844, 43.1266732998448], [76.88995870000149, 43.12722019978573], [76.89440739983354, 43.121478300243325], [76.89886259987506, 43.11360980017991], [76.89885210036606, 43.10209530025061], [76.89987260000348, 43.09425969995439], [76.90037200041944, 43.086724099807554], [76.90486099957342, 43.08047150010703], [76.9156940000786, 43.08117910003885], [76.93079890028987, 43.08514420024861], [76.94550119984531, 43.08427150004907], [76.95660139974022, 43.08206320020957], [76.96235290017769, 43.07781120020116], [76.96658030003952, 43.07367669996492], [76.96669899982788, 43.06508330012275], [76.96371899967127, 43.05923429972412], [76.9577922999056, 43.0540308998061], [76.95057499955436, 43.04999429975264], [76.94320370011565, 43.048839300089725], [76.93678049969586, 43.044328799674325], [76.94153769986113, 43.03870060015422], [76.94482019960485, 43.03379420009751], [76.9496133000421, 43.03953520022356], [76.95786779971199, 43.04341880030832], [76.96350299976119, 43.046851600047646], [76.97241439966912, 43.047335300239304], [76.97989230038591, 43.04459280031323], [76.9877483999222, 43.04360889982659], [76.99349359957628, 43.04664790028671], [77.02991059961028, 43.04314349976737], [77.05694479980785, 43.032843799997934], [77.07718440011452, 43.03406619972745], [77.08963200017207, 43.070937800142126], [77.08307889976886, 43.09136400020811], [77.08003490003811, 43.10114160008169], [77.07992460039597, 43.1149820998327], [77.08644470028887, 43.11648960000178], [77.09178510021134, 43.112118899809], [77.09820870038149, 43.11521420008578], [77.10974960027998, 43.112847599729484], [77.12101709971843, 43.11700259972133], [77.11323270011488, 43.11386089994415], [77.1073765001327, 43.117656200166905], [77.09716960022769, 43.124283899693694], [77.09233449995763, 43.127999300007815], [77.08463169972121, 43.12964600011188], [77.07907860029907, 43.132156000278094], [77.07593930009645, 43.13787169976194], [77.0686308000826, 43.14077450021517], [77.0637320999888, 43.14440480001323], [77.0667538996539, 43.15141150010712], [77.06179140031023, 43.15713360008536], [77.06735410002784, 43.16220079988755], [77.07556120009171, 43.16302920028645], [77.08063010038919, 43.15954009993459], [77.08802839959203, 43.16054829998256], [77.09522449970257, 43.159321399941874], [77.10167860037159, 43.15724350028939], [77.10690880036483, 43.15417979971789], [77.11707260000081, 43.15164259968787], [77.12098289995724, 43.15799729978619], [77.12221720042902, 43.16683960008095], [77.12828269978755, 43.168984300174344], [77.13489099986832, 43.166537399725044], [77.14701369994883, 43.17815820021895], [77.14548580039782, 43.18785620021891], [77.1382218002282, 43.198092499934184], [77.12438450013799, 43.20100090029641], [77.11583060006879, 43.20187800012017], [77.11387259973615, 43.18969650002837], [77.11397549995532, 43.18159119998183], [77.108763700154, 43.17821639994404], [77.10335049986263, 43.17518480003423], [77.09685060038551, 43.183981000289805], [77.07175779965404, 43.19452209980914], [77.05912280024852, 43.21677279997482], [77.05359329956889, 43.22396019984106], [77.04753910011823, 43.2301771998361], [77.04209749958918, 43.23561869968077], [77.03706770026103, 43.23987589991582], [77.03348589983094, 43.244668400078055], [77.02913049992259, 43.24938110011219], [77.01677989994944, 43.25961420021566], [77.00988149972744, 43.2610502999243], [77.00640439974036, 43.26655620001114], [77.01357620042245, 43.26487319992436], [77.0143288996973, 43.27322910016045], [77.01212039965614, 43.2804691000719], [77.01016810003233, 43.290487599919224], [77.01956950038499, 43.2929629997817], [77.02888459958827, 43.304351300155304], [77.04071850028808, 43.31019040010936], [77.02598279957377, 43.3191963001407], [77.03547559991328, 43.330936599753414], [77.03984800043844, 43.33630240012351], [77.03422980010761, 43.34459300015079], [77.04735880015588, 43.34868160017447], [77.05170730010455, 43.35659859999865], [77.05723920018434, 43.3595497000017], [77.06492219975532, 43.36195879975738], [77.07476979959775, 43.369404700104845], [77.08490200009528, 43.37440510028576], [77.09031729974944, 43.37708069971172], [77.09624859978771, 43.380018599877594], [77.10265009960524, 43.3828668998078], [77.08670309978201, 43.37584500016984], [77.07757750018793, 43.3713476000276], [77.06921920018699, 43.37309879995335], [77.04484029959502, 43.36294999988446], [77.02221310033234, 43.36247510013276], [77.01154240024616, 43.359773300167014], [77.01288180001288, 43.36905789969238], [77.01199109974745, 43.376571800074345], [77.01537230008636, 43.38460029984218], [77.00868299981471, 43.3872148001353], [77.00466520026491, 43.3927256000602], [77.00273120022172, 43.39910090016247], [76.99427099982658, 43.39966639989728], [76.9882445996407, 43.40182760012071], [76.98252769961306, 43.40072780014142]]]}, "properties": {"ADM0_EN": "KAZ", "ADM0_PCODE": "Kazakhstan", "ADM1_EN": "Almaty Region", "ADM1_PCODE": "KAZ005"}}, {"type": "Feature", "geometry": {"type": "MultiPolygon", "coordinates": [[[[71.44250659993634, 50.877076399879364], [71.43623560017679, 50.85760760028134], [71.36670470001863, 50.86690030017952], [71.37325130021242, 50.886331000223315], [71.44250659993634, 50.877076399879364]]], [[[71.78242400011808, 51.15045540028033], [71.76613650017458, 51.14468539978429], [71.74685759955524, 51.162145099854804], [71.74038800025268, 51.16606000017578], [71.7851102996858, 51.16556900010261], [71.78519129987669, 51.157303099761826], [71.78242400011808, 51.15045540028033]]], [[[71.33622480044475, 51.27170050005341], [71.30925160034651, 51.26384850021237], [71.29809360015133, 51.27276299980337], [71.30787829995758, 51.27770279995992], [71.30611890006628, 51.290962499867774], [71.32019519963285, 51.29539059999646], [71.33622480044475, 51.27170050005341]]], [[[71.39705390010865, 51.27417999976225], [71.4000458999608, 51.26734509995487], [71.41377480034572, 51.27094220013175], [71.42811920031218, 51.27467160005033], [71.45038160002622, 51.27158829999262], [71.46855219967215, 51.278461100132006], [71.47590150026787, 51.2864099002579], [71.49087880018293, 51.28862389990613], [71.49838510023912, 51.29005339973384], [71.48881219982066, 51.27642890016397], [71.48093189967061, 51.27031709980342], [71.47385219966135, 51.26494509996131], [71.50313789955783, 51.25530810010752], [71.5274467998296, 51.249140299831154], [71.54582400031286, 51.24447529993547], [71.55361180003977, 51.245297999852006], [71.56258369968543, 51.24874989996796], [71.56697990017564, 51.25747859987807], [71.5764722001536, 51.26308470025467], [71.58425200038288, 51.269483099772906], [71.58968209978147, 51.27394249983343], [71.60192240011241, 51.268516499969216], [71.60619510021738, 51.263681400031075], [71.61139720001023, 51.257331999741204], [71.61638779955435, 51.251253600152744], [71.60614280030155, 51.24062749975407], [71.59609449975656, 51.23429190023489], [71.58055949966203, 51.22448539978015], [71.57405300026255, 51.22038370012567], [71.57748019973393, 51.213823499837005], [71.58294560022816, 51.20328950023294], [71.58782020031957, 51.19855300010891], [71.60456690017163, 51.193416600003246], [71.6141793004115, 51.190438600061256], [71.62144900039156, 51.18817759974786], [71.62422619958458, 51.182506100275056], [71.6268589999856, 51.17713000027088], [71.63508219965595, 51.159462800014396], [71.63889569985234, 51.15206419983348], [71.64431700025268, 51.14160580009035], [71.67303740022228, 51.141012500267216], [71.6845501999204, 51.14054070026757], [71.69180730013034, 51.139569500270625], [71.70042040007505, 51.1361252001351], [71.70627090024674, 51.13379030009912], [71.71348110031398, 51.13151700024677], [71.71060319997757, 51.12345150026823], [71.70511400041654, 51.11301120018887], [71.71873149982473, 51.110122300068184], [71.73518660024737, 51.10657850022385], [71.74125489965469, 51.10419230010164], [71.73916730027436, 51.097980999975675], [71.7311528996187, 51.098757999829935], [71.72739849958487, 51.10361219982447], [71.72223040012719, 51.10043109975267], [71.71421790030668, 51.09952130007862], [71.70734179986326, 51.097194599724155], [71.70376989976593, 51.09263229993203], [71.69723329961789, 51.089492099719216], [71.69231150024481, 51.09391430016267], [71.68463229964921, 51.09270140011701], [71.678830400131, 51.085439100180075], [71.65865659962228, 51.08941909980476], [71.65153299984334, 51.09102349995884], [71.63534699964553, 51.09468779995968], [71.6149137001057, 51.09950160006246], [71.60827020043888, 51.09138599979052], [71.60347770007617, 51.0858637000943], [71.58804889971283, 51.074702299873046], [71.57946880027839, 51.0704205999083], [71.57078430043819, 51.063028099920174], [71.56424969993996, 51.05744799993307], [71.55994979974648, 51.05305430011009], [71.5558867996665, 51.048874800268614], [71.54741410011246, 51.05111149996255], [71.53974850001026, 51.04816770020501], [71.55024279972073, 51.02959729978866], [71.55309680037897, 51.02249489993816], [71.55584639973323, 51.01537949979092], [71.54620030009382, 51.01240929974069], [71.5394604004172, 51.009299600036634], [71.53696599985871, 50.998274599819915], [71.53687480019617, 50.990034599816155], [71.5403992000762, 50.98534590025711], [71.54572070034341, 50.981107500150486], [71.55263010043605, 50.97560220017731], [71.55429840037775, 50.96829899997564], [71.54869789955299, 50.94651100013119], [71.54785570022803, 50.9380471002776], [71.54693039955278, 50.93089099993197], [71.53103289959667, 50.93074140008557], [71.52078420018321, 50.93069409982169], [71.51117649992892, 50.93073130014937], [71.48655649959957, 50.930819199924194], [71.48270219971955, 50.93962240012609], [71.47161389980725, 50.937654999770245], [71.46922139964312, 50.94582489986002], [71.46057120017542, 50.947200500252904], [71.46319179965822, 50.95845880017025], [71.45091270019185, 50.9604389002003], [71.4526480000807, 50.96878549984678], [71.45632799984608, 50.982563099951435], [71.45296449991147, 50.99209430019241], [71.45418760018826, 51.000858899932474], [71.44554019987105, 51.00233839971871], [71.43794950039893, 51.003682800134364], [71.43100929977014, 51.00494609998971], [71.42252820006989, 51.00618240006628], [71.41504479986689, 51.00727349978729], [71.40758959957729, 51.008464099896635], [71.40075670001421, 51.01007580021035], [71.39099749978558, 51.01172799996815], [71.38364820008823, 51.012862000280805], [71.36805689987986, 51.01479859988098], [71.36052489992164, 51.01583440023022], [71.34901960025782, 51.01741289987634], [71.34185670008362, 51.0183958001197], [71.33472739959595, 51.019737999777846], [71.3212063999105, 51.02345659999235], [71.31227999993398, 51.02349880015517], [71.30446400029369, 51.0227192998522], [71.29587690028819, 51.02230930023712], [71.28773620009687, 51.02194289992703], [71.28203270023826, 51.02470670017329], [71.2768748002523, 51.028801100182186], [71.2724410995905, 51.03259139989905], [71.26833470010251, 51.03669860013678], [71.2633001998905, 51.04171430004467], [71.25931979990088, 51.046203400038586], [71.2547465998586, 51.04978330009512], [71.25431939973701, 51.0574865001973], [71.25399159999829, 51.06557860025326], [71.24874720033529, 51.06853450014029], [71.24190239989136, 51.07411480024585], [71.23865129986007, 51.07947109978988], [71.23016950037221, 51.09329100005164], [71.22588340009813, 51.10017699973743], [71.22015950039774, 51.10785009973932], [71.2260361999347, 51.11409919983581], [71.22817929992824, 51.121226200056334], [71.23624210001478, 51.13296579992314], [71.23616160018551, 51.14964599979695], [71.24259490036407, 51.15239599989704], [71.25443280036353, 51.15822600009216], [71.25298169958282, 51.17595980004362], [71.26538960039296, 51.17431859975314], [71.27801809958915, 51.178197899867016], [71.27216980028986, 51.182421600058674], [71.2706813996619, 51.189096599935034], [71.26272219958219, 51.18983389987426], [71.25512340000115, 51.19034049978284], [71.24923999993045, 51.19365310009323], [71.24348800002967, 51.19692580025736], [71.24002930023451, 51.20196699992614], [71.23814399965957, 51.20857199974544], [71.24146199992502, 51.21415730007646], [71.24617150044703, 51.22111450007839], [71.24738660032784, 51.22836759995638], [71.25204289992381, 51.23422930024158], [71.25567999974444, 51.2387971999345], [71.25995279956243, 51.24571860022759], [71.27046139955391, 51.243105699872515], [71.30158600024433, 51.23323259979269], [71.30548060034454, 51.23862170012533], [71.31145390021554, 51.24494369987924], [71.31561670042873, 51.24923349995368], [71.31993099971788, 51.2535472001813], [71.3243270995968, 51.25741899977833], [71.32976530000253, 51.26218510025781], [71.33425800021558, 51.26608639995215], [71.34083209963687, 51.26873300006545], [71.35107139997751, 51.26819170013784], [71.36045919983677, 51.27004529993339], [71.3655043998821, 51.273109400165], [71.36275379980464, 51.27938730019621], [71.35905370023478, 51.28850600008264], [71.35618239982078, 51.29619889991246], [71.38510879965474, 51.30234290021155], [71.3888315996518, 51.29261890020861], [71.39705390010865, 51.27417999976225]]], [[[71.69271069987896, 51.34887869984515], [71.70113479967779, 51.34976599980286], [71.70391069990693, 51.34282850005989], [71.69904709968611, 51.33787109988504], [71.69417920012839, 51.333527899816346], [71.68660210025138, 51.328887600182995], [71.67876039981077, 51.32173589988997], [71.6724940003238, 51.31745349974516], [71.6742334001236, 51.311144800229314], [71.66654969986675, 51.31301840004152], [71.6580344004053, 51.317161399769724], [71.65131130012281, 51.32151710027037], [71.64452619991604, 51.3283708999383], [71.66781320007684, 51.339884200018], [71.68386819985504, 51.350942899835424], [71.69509789998297, 51.35111009998834], [71.69271069987896, 51.34887869984515]]]]}, "properties": {"ADM0_EN": "KAZ", "ADM0_PCODE": "Kazakhstan", "ADM1_EN": "Astana", "ADM1_PCODE": "KAZ006"}}, {"type": "Feature", "geometry": {"type": "MultiPolygon", "coordinates": [[[[52.82327409959113, 45.88382460025794], [52.81636470039679, 45.88492990030096], [52.811472399900964, 45.8896795997555], [52.822093900157384, 45.892442600233814], [52.83024789990647, 45.891800399731096], [52.83672810022771, 45.88902240015413], [52.82863849980302, 45.88603520023863], [52.82327409959113, 45.88382460025794]]], [[[52.776539299935415, 45.89283089994256], [52.76724810041026, 45.8927413000612], [52.75969499992433, 45.892278299700806], [52.763664700080625, 45.89665399989612], [52.772591100057134, 45.89596709981348], [52.776539299935415, 45.89283089994256]]], [[[52.7212643004169, 45.89726630007028], [52.71414039970235, 45.89592230023265], [52.70590060006386, 45.89632550016092], [52.70139449968176, 45.90046190009574], [52.71982670041656, 45.899909400168276], [52.7212643004169, 45.89726630007028]]], [[[52.86069630005498, 45.90177600016371], [52.86689760043, 45.89932709978379], [52.85709140034569, 45.89711690000813], [52.84754269964266, 45.89784870021325], [52.85043949963428, 45.903030300042495], [52.859580499945636, 45.90186559984606], [52.86069630005498, 45.90177600016371]]], [[[52.79632329988285, 45.90549399980095], [52.80417679969468, 45.90485190022295], [52.78907059962116, 45.90225379991092], [52.793619599948, 45.90600160019919], [52.79632329988285, 45.90549399980095]]], [[[52.73847339997663, 45.90898779997999], [52.746756099559846, 45.908763799862434], [52.736971399753614, 45.906076299891495], [52.73036239988523, 45.90840549980309], [52.73847339997663, 45.90898779997999]]], [[[52.88761280028913, 45.96508389973026], [52.88999459972159, 45.971690899978945], [52.88761280028913, 45.96508389973026]]], [[[52.88499789971848, 45.97360259982316], [52.88499789971848, 45.97360259982316]]], [[[52.87723619964381, 45.97927379978101], [52.87723619964381, 45.97927379978101]]], [[[52.795271800283174, 46.055304999727845], [52.78943530035516, 46.04768029973215], [52.78823370035646, 46.040680199758704], [52.79106610012537, 46.03469220000996], [52.78673170013338, 46.0238764000028], [52.78497209991778, 46.01684340017293], [52.7791785996475, 46.012551700140826], [52.77076720023009, 46.01225370024723], [52.76458740013315, 46.01541290003099], [52.761497500084644, 46.02140299977905], [52.76647559957152, 46.02518749994024], [52.766432699626854, 46.034811400058665], [52.766432699626854, 46.04693569987493], [52.76754849973621, 46.05414350004127], [52.77171129994933, 46.058908500274455], [52.77874939987612, 46.06280950025436], [52.78604500008241, 46.06590630028481], [52.795357699885585, 46.06129079976375], [52.795271800283174, 46.055304999727845]]], [[[53.023396299587276, 46.42576179976523], [53.01505810028914, 46.42149029991709], [53.01076470030508, 46.41726570001735], [53.00179100043557, 46.4155866002938], [52.99864070036234, 46.408404000116526], [52.98929639962408, 46.40148249981019], [52.98126530018563, 46.39693569979209], [52.97592069974092, 46.39413119994677], [52.971242500116674, 46.38928260019737], [52.96736389990998, 46.382645699768894], [52.962292199563734, 46.37798730009989], [52.95689060011592, 46.3732575000509], [52.94901610038769, 46.370871599785], [52.94349289959312, 46.378948400031625], [52.95151339980954, 46.38006130030417], [52.95293590002821, 46.38705270015279], [52.95731530022603, 46.391923300038506], [52.95941809999932, 46.39791319999567], [52.9638395997429, 46.402076099889406], [52.968989800268545, 46.40523919990266], [52.97611620009621, 46.406871899884315], [52.98246519967354, 46.40892639987093], [52.98573599975906, 46.41497819980309], [52.989045500165226, 46.41971889970276], [52.99481090023518, 46.42245609989636], [52.99999709984748, 46.428460600139175], [53.00751420034841, 46.43579879995839], [53.01387680041917, 46.44011489970934], [53.008843699782396, 46.443938600128895], [53.013777900397955, 46.44751219979505], [53.01943200010247, 46.44440549992349], [53.02390769969874, 46.43713810001951], [53.02600759971022, 46.42753630017474], [53.023396299587276, 46.42576179976523]]], [[[52.85534259967643, 46.526995999982006], [52.851458800020836, 46.52133410007357], [52.84756419992062, 46.52550489979995], [52.85401220013052, 46.527948200164786], [52.85534259967643, 46.526995999982006]]], [[[52.86296010038505, 46.527305999939365], [52.86296010038505, 46.527305999939365]]], [[[52.856404800007724, 46.52827299978594], [52.856404800007724, 46.52827299978594]]], [[[52.86159749982944, 46.53267220022017], [52.86159749982944, 46.53267220022017]]], [[[52.873045200415596, 46.5366429001862], [52.873045200415596, 46.5366429001862]]], [[[52.863657500269355, 46.54000080013319], [52.861812100164286, 46.533624300279506], [52.86314249971019, 46.54065020014167], [52.863657500269355, 46.54000080013319]]], [[[52.875105100244134, 46.540406699992324], [52.875105100244134, 46.540406699992324]]], [[[52.87947180006049, 46.5470850001105], [52.87947180006049, 46.5470850001105]]], [[[52.871682599860044, 46.55050860007159], [52.86990159997773, 46.544015299941464], [52.871682599860044, 46.55050860007159]]], [[[52.971525100223616, 46.580751599799534], [52.97328470043915, 46.58794840003987], [52.97972199991743, 46.58989490010083], [52.977833699867695, 46.58331780001115], [52.971525100223616, 46.580751599799534]]], [[[52.90410509994765, 46.60814740025562], [52.91140079986701, 46.60732190019186], [52.90946959987254, 46.60042260022516], [52.90586470016325, 46.59538010017497], [52.902688899614034, 46.589924400126016], [52.90213100000851, 46.58243289988338], [52.89629459979349, 46.57853920008653], [52.89037229997608, 46.580751599799534], [52.89101600036931, 46.58811060024442], [52.892754100306945, 46.59451020003582], [52.89410590041781, 46.60171990011431], [52.89706700002087, 46.607144999821486], [52.90410509994765, 46.60814740025562]]], [[[52.90974849981883, 46.60813270025527], [52.90974849981883, 46.60813270025527]]], [[[52.90584319988522, 46.61203889987991], [52.899148400127494, 46.61388140007398], [52.90286060000415, 46.61824410022261], [52.90895460021174, 46.61475099970288], [52.90584319988522, 46.61203889987991]]], [[[52.34811539986056, 46.71819550002937], [52.34811539986056, 46.71819550002937]]], [[[52.341506499705176, 46.73118380027637], [52.341506499705176, 46.73118380027637]]], [[[52.36002439971809, 46.73484589981209], [52.36740590042515, 46.73297810017257], [52.36727709997971, 46.72478569984056], [52.36062520016665, 46.7216084002084], [52.35386609989917, 46.72025500007923], [52.35049720019144, 46.7253151999759], [52.343137199762324, 46.72422669993815], [52.34624860008884, 46.730301399741435], [52.352964900124654, 46.73277220011954], [52.35893009988675, 46.73494889985038], [52.36002439971809, 46.73484589981209]]], [[[52.362427700326975, 46.7358900998107], [52.35877989977465, 46.7403605999126], [52.360110199607554, 46.748006699897005], [52.364401800266116, 46.7526231999868], [52.368350000144396, 46.74847720027736], [52.36573219981197, 46.74238990027529], [52.36320009965606, 46.73641950017682], [52.362427700326975, 46.7358900998107]]], [[[52.60309690038424, 46.77960879989204], [52.61039249969224, 46.77784550002846], [52.61449100029397, 46.773774800270225], [52.60728119997702, 46.774641899774316], [52.60002849971546, 46.77370139977086], [52.592990399788675, 46.77236399985688], [52.58981460013777, 46.77741929989057], [52.59633780011669, 46.77909449998991], [52.60309690038424, 46.77960879989204]]], [[[52.56949419996453, 46.83213020013306], [52.57854929977511, 46.83107319997527], [52.58464329998271, 46.828489400128674], [52.587561600252336, 46.82258729971954], [52.59056559980014, 46.81248469971138], [52.59236809996045, 46.8046715999456], [52.59387010018347, 46.796827799715594], [52.58970729997035, 46.78965880017799], [52.5858020000368, 46.78439899994163], [52.57756230011125, 46.785545000075906], [52.57052420018448, 46.78416389970817], [52.5671767998564, 46.77837450004944], [52.559280400099844, 46.77690499999189], [52.54953860023828, 46.780519900268736], [52.544860800364354, 46.784252000212106], [52.53619189976912, 46.78639720006324], [52.53087040040021, 46.78924749994285], [52.52979750023558, 46.796739700115054], [52.53271579960691, 46.80317340015628], [52.53271579960691, 46.811603600073575], [52.535977300332576, 46.82153019979551], [52.539710999588955, 46.826698300058716], [52.56285850036929, 46.83194660017877], [52.56949419996453, 46.83213020013306]]], [[[53.86566640010473, 49.101570200064415], [53.879094900265336, 49.09765790011436], [53.89631730028117, 49.11159519993095], [53.90252759997867, 49.123127700243586], [53.907928399925865, 49.14638309998995], [53.912908400247886, 49.160525999800775], [53.94763469995026, 49.16774049989313], [53.97812539996884, 49.17159019990272], [53.990377399958106, 49.17215709994504], [53.98960129957008, 49.13618469982113], [53.99032690026607, 49.12550350019354], [53.988160100020416, 49.0894670998041], [53.99891409998456, 49.07739940007165], [54.007378400290655, 49.069167899975874], [54.009265599904154, 49.060908000292855], [54.012546099998076, 49.05202719997748], [54.01428919995854, 49.045709500117304], [54.00719030025671, 49.02689339999686], [54.004012200020334, 49.01227959991093], [54.012887800267514, 48.97839239972817], [54.02669880038118, 48.9525712998325], [54.01800000026002, 48.91459619981296], [54.01183900010531, 48.88192819998652], [54.016859100323344, 48.86909569984735], [54.043451200043755, 48.807355700134146], [54.029076700227044, 48.77367900010349], [54.02702109973547, 48.7628134999332], [54.15513299998197, 48.73547570026788], [54.1761217997272, 48.72431720025761], [54.20508490023209, 48.72049219998917], [54.284516799686436, 48.70711540016182], [54.3025707000922, 48.703063299919705], [54.31765740043579, 48.69708799987562], [54.33438109982329, 48.68847879997859], [54.35523459981202, 48.6790910002581], [54.450254599675716, 48.65247129997804], [54.455930099945235, 48.64721669988435], [54.460309500143005, 48.6418957997293], [54.542038799614005, 48.64009230012494], [54.57273150019725, 48.706335500032], [54.57795320033133, 48.71187899979385], [54.581359000136, 48.72553730014163], [54.58177849989899, 48.74533070028589], [54.57877110022786, 48.77934580012134], [54.59515710044218, 48.77714409989082], [54.621157199610614, 48.77215909988673], [54.63498979971525, 48.770618200160875], [54.6527542997674, 48.797965599828764], [54.683931900161255, 48.800388900073365], [54.69783300039959, 48.794368500176596], [54.73820719963437, 48.774489999911545], [54.74261819986893, 48.76736050025927], [54.74905180008479, 48.74503349986297], [54.77926100043272, 48.73754390028922], [54.82284760027631, 48.7276639998278], [54.84375729976751, 48.72435830022925], [54.91230880000899, 48.709443199734054], [54.92872559986123, 48.57480620004641], [54.93207349965256, 48.560325299909294], [54.91869369985844, 48.55456100009044], [54.911748700429406, 48.52579820025892], [54.904021699579204, 48.48340299985781], [54.89886219969376, 48.477932199712455], [54.88819690027904, 48.475028599999284], [54.89668709991312, 48.464390199704106], [54.89453580009767, 48.45086159973842], [54.89097450012067, 48.43596919999313], [54.886626999996935, 48.412746499943175], [54.884542100054034, 48.397205199993564], [54.879206499830154, 48.36531180010907], [54.88359060001349, 48.35802929978551], [54.89634599971831, 48.34044550028518], [54.91096019969716, 48.31709389981819], [54.919335999778134, 48.30645739997014], [54.96934730022811, 48.27042109983437], [54.9454878001435, 48.192529299887525], [54.95458950005947, 48.16763739993641], [54.95072547501827, 48.15224247486202], [54.94422450025776, 48.12634150002875], [54.938625399906556, 48.097214800027565], [54.94284950025634, 48.09275669994383], [54.99099569964879, 48.060408699820535], [55.02936549966817, 48.02991040015694], [55.06311970006222, 47.99998039973513], [55.08905819995498, 47.9698190999075], [55.09912450004328, 47.956272100199186], [55.10258800043526, 47.89681139974257], [55.105055200006866, 47.86472190004701], [55.11111850028959, 47.82476070003358], [55.11926610044067, 47.78649739997171], [55.12152470042355, 47.77887599983477], [55.11712799957166, 47.77056490010146], [55.091923900271475, 47.72679089971115], [55.06581330023829, 47.589329200129555], [55.07433479987185, 47.55447339975912], [55.06859740028934, 47.541777199956144], [55.07139340032295, 47.47582279997454], [55.06820560007819, 47.45392159973157], [55.04120260016702, 47.430713399866626], [55.02576969989272, 47.374448299746824], [55.02045890035718, 47.32360600015931], [55.01124469992661, 47.28109550030307], [55.00197760040388, 47.20235980013842], [55.11983559999146, 47.06434929988608], [55.12480280021899, 47.03042429977743], [55.194518500000704, 46.951629500105966], [55.23286010010675, 46.87382219991889], [55.3430721996463, 46.798968300110346], [55.45036930022486, 46.72599409982085], [55.59342399968954, 46.67777119996949], [55.64036768370004, 46.66193250304118], [55.73824710016474, 46.62890819971006], [55.95307400001478, 46.59295889994816], [56.12062939994597, 46.55310839975634], [56.28754219992009, 46.51338159988553], [56.3155636998189, 46.376051800095034], [56.3886762997958, 46.292534700191254], [56.410610700345046, 46.27829339976762], [56.44062660031179, 46.24032499977923], [56.442432000233836, 46.20295709985324], [56.46479320025602, 46.176330800273185], [56.4718237004355, 46.14913510004477], [56.46663009960356, 46.13218859992906], [56.43671760021759, 46.13484160019823], [56.369884700183775, 46.13459899969058], [56.35093510038799, 46.145829299886124], [56.33343700022496, 46.14566410001494], [56.3245545000181, 46.14598140016173], [56.28616789970623, 46.151583200006854], [56.27129940014519, 46.151462299886724], [56.19713890011798, 46.138594500168765], [56.121737099946415, 46.15454470017098], [56.05696920037533, 46.201809800175404], [56.044759800293484, 46.2114759999912], [56.02221120002492, 46.215852700054434], [55.998068799796066, 46.21268240030754], [55.98817630035909, 46.21164840028512], [55.97771090034964, 46.22424789989471], [55.974525099754665, 46.232308499726436], [55.97309080016468, 46.248353799793705], [55.96684259964702, 46.253335699850254], [55.95764960035546, 46.259191700001466], [55.94641539966798, 46.25487630028542], [55.90394529972137, 46.24095890003792], [55.88488739993324, 46.240103099780555], [55.857053399993816, 46.24857479982999], [55.84378130011742, 46.25148740026], [55.836060099689014, 46.25024179990507], [55.82681409979565, 46.25398020004786], [55.81772209988813, 46.26286139993064], [55.81969580007696, 46.276160899874256], [55.837897699722426, 46.287986099777505], [55.8590197995743, 46.30340380014541], [55.857250099599995, 46.3132232000647], [55.8405840999015, 46.33298260028482], [55.832907799965916, 46.34143699977663], [55.82510099997242, 46.34845419986851], [55.83110619991758, 46.36461900015027], [55.830848800249306, 46.38051209980798], [55.825830099606506, 46.39427049970244], [55.817980399668336, 46.40119279971292], [55.80433980008253, 46.407759199920655], [55.79481710021708, 46.41050979987688], [55.77628649982269, 46.405186000210556], [55.76805070038209, 46.4064283002017], [55.74338569984684, 46.407670700119375], [55.71863580043241, 46.408646499770015], [55.707568900186835, 46.40172519997001], [55.69804620032133, 46.39968409987651], [55.66767660038959, 46.41707519999609], [55.65828309982154, 46.42154130022741], [55.64419159986208, 46.416735599799665], [55.628427799762974, 46.415567000089396], [55.603103799626886, 46.42082719989104], [55.523143699768646, 46.48797830027126], [55.4879188997623, 46.520131099873026], [55.380084700068615, 46.4444239997167], [55.27047520030312, 46.367362600125325], [55.08958629974758, 46.379528199717974], [54.99871750015175, 46.37425469974427], [54.97136219985082, 46.36833030007306], [54.83257819994292, 46.36354270017276], [54.79475369975884, 46.35113079980896], [54.69276430042638, 46.32305069986161], [54.53087900009328, 46.29576349969359], [54.50474559991991, 46.30104990004201], [54.473684299914254, 46.292352099856224], [54.307689800044386, 46.25703309973906], [54.245214299568765, 46.24918309992016], [54.10371760040354, 46.25293449988094], [54.077858199866576, 46.24104700018463], [54.049050199783665, 46.24255880026845], [53.99871829959196, 46.24661480025659], [53.97173480030901, 46.24613029997986], [53.96855679978563, 46.19243679998344], [53.89530290020449, 46.12734819998588], [53.68447180016298, 46.01885620006156], [53.673361300185114, 45.996493199963695], [53.77639159989509, 45.99002220025893], [53.65509120044326, 45.90534869995695], [53.474038699606446, 45.84418530029002], [53.31070429993913, 45.806610700241144], [53.18545890040799, 45.81786039993969], [53.15326099980265, 45.75001239971095], [53.05982609971572, 45.75808999969076], [52.94316490042833, 45.760678799998985], [52.87354619983267, 45.76717729988708], [52.84122846307008, 45.774372475266034], [52.89891170033831, 45.88492120024043], [52.90232579967788, 45.89157679982051], [52.91044600031443, 45.89673149987011], [52.92117470012691, 45.89948739972706], [52.9289467999976, 45.90261329989987], [52.939240499616936, 45.90497389977678], [52.94688050042845, 45.90608449969927], [52.95373020028391, 45.9131338997296], [52.95722580017598, 45.91866919998625], [52.96755459966839, 45.91964730006172], [52.975157899809, 45.92353319971179], [52.984110400336036, 45.925644799690794], [52.987612600150484, 45.932114600198915], [52.981163399791406, 45.93427090021976], [52.97219150014574, 45.93545720025271], [52.953953599616995, 45.93974880015424], [52.93477700004049, 45.94238729997161], [52.9230977002994, 45.94579499978403], [52.916710300438595, 45.95508060007635], [52.9121704000456, 45.96763520000206], [52.9165467001574, 45.981668300169986], [52.92190450044686, 45.989946299803655], [52.92541040042201, 45.995344300283904], [52.92676230024587, 46.002040499741625], [52.873931000371144, 46.04624239973084], [52.83867079955613, 46.05691459977116], [52.830078500101756, 46.063233099975506], [52.82714299978938, 46.07102890025387], [52.83263829980951, 46.07391339989079], [52.83817140003854, 46.076447299942835], [52.84555039983584, 46.07974770003345], [52.85616109964756, 46.08264170031028], [52.85917329991551, 46.088586100301086], [52.86142740023717, 46.09443430019157], [52.85471610022425, 46.09649639972763], [52.84932009997557, 46.103050699738915], [52.84788020028814, 46.11269930019712], [52.84034540028118, 46.115854999720895], [52.83079520028996, 46.1164099997812], [52.82744069967791, 46.121507800022805], [52.83315539973147, 46.124595300049286], [52.840603900385695, 46.12665119985379], [52.84715400041583, 46.133387500060834], [52.85291209987744, 46.137147099838515], [52.87816210039367, 46.147206999855214], [52.898045700149865, 46.14492209980662], [52.901441400195814, 46.13989980008274], [52.909040799851454, 46.13910149989472], [52.91279720043339, 46.143441900274034], [52.905852999606694, 46.16343549969373], [52.90451899961314, 46.170558299835854], [52.89536270009418, 46.17573989976784], [52.88720440010977, 46.187486999855764], [52.884733800414836, 46.1934116002258], [52.94778920023726, 46.22971690013397], [52.962219400093126, 46.30132939975776], [52.97100360035339, 46.30710869999007], [52.97959450023253, 46.314638599765956], [52.9850782003074, 46.317499900223], [52.989877400305474, 46.32207990015497], [52.98255040038669, 46.34140250024405], [52.98369390004783, 46.34989659971412], [52.9936888999537, 46.35697229999278], [53.0078695999259, 46.36669470008642], [53.02038260003103, 46.37647449981484], [53.02525539989869, 46.3819797000931], [53.03809110000671, 46.390592400006454], [53.046765800125385, 46.39795670015742], [53.0629077999423, 46.40046720030417], [53.07925720009701, 46.40541720020454], [53.09888430029691, 46.40515580017597], [53.11559229982821, 46.40162489986867], [53.12785070031383, 46.40290660012899], [53.08923599978506, 46.42709159984981], [53.07401769984561, 46.432872400045945], [53.04978620021531, 46.45158109995215], [53.03034250006383, 46.467998899698024], [53.01535990008863, 46.47969710012769], [53.0771018003706, 46.63321949974603], [53.08128600025043, 46.65421170014489], [53.082512400039256, 46.6623328999115], [53.08627259959654, 46.66880050015592], [53.04376540012699, 46.72842179998146], [53.03946510018321, 46.73270529981146], [53.03499020008757, 46.737317299733505], [52.88812569968877, 46.755180600063625], [52.80265869986508, 46.72172229991131], [52.76832640034809, 46.662849699927214], [52.750280200300914, 46.70676400005417], [52.74010949980698, 46.71430790020432], [52.690735500152165, 46.7358421999337], [52.68169032582712, 46.74367199620079], [52.67562930007872, 46.78429239998866], [52.65571660029713, 46.7979257999998], [52.624130899761305, 46.789464099744244], [52.61451779973382, 46.80027609972169], [52.63237059968685, 46.81343549979699], [52.662582999833745, 46.82800120000662], [52.65914979961632, 46.84397189993297], [52.67425599968977, 46.85571209981724], [52.6474767997603, 46.88200069973041], [52.652970000417625, 46.89091710014494], [52.63237059968685, 46.91484330022602], [52.64267030005223, 46.92609899971872], [52.618637700002274, 46.93078819983564], [52.59424040011661, 46.92104310023768], [52.57772269969513, 46.926525600125935], [52.570679400319456, 46.937013700099286], [52.563816199683586, 46.94539379984249], [52.55450690000375, 46.94756250017044], [52.54783000007634, 46.94364149978709], [52.5476334001831, 46.93553060022413], [52.56467170036294, 46.89550669998482], [52.58002569980922, 46.88306279971431], [52.57414819987332, 46.8775846998739], [52.56786560016847, 46.881965699803054], [52.55853559971125, 46.88220840000345], [52.54285909968809, 46.87910990005835], [52.52156320008323, 46.878847300244345], [52.5168319998572, 46.869544600003714], [52.49699109972137, 46.864310499876446], [52.47465670003734, 46.86232940018831], [52.46536680037442, 46.831683600005825], [52.477188599869, 46.8293957998053], [52.46520690025387, 46.817339500261305], [52.40097109977503, 46.78899399969354], [52.391357999747605, 46.80027609972169], [52.40509100004342, 46.818134600293355], [52.395477900016, 46.83833570008519], [52.36526549986905, 46.84350230012736], [52.36183229965161, 46.81437539971563], [52.33505309972213, 46.77676899996127], [52.33728469994086, 46.76042549986108], [52.317028699990296, 46.74807650007603], [52.29145110005959, 46.74595920028309], [52.22518979983771, 46.7563094998916], [52.20321720022759, 46.7636006000995], [52.18227450022613, 46.77629880011736], [52.13815750000454, 46.783116899759285], [52.14124740005304, 46.77347719982895], [52.10331029964134, 46.76595230027291], [52.06331319968814, 46.77594609970715], [51.98709550016817, 46.81226070001244], [51.922550799605844, 46.82482999989478], [51.871739100237704, 46.840331999882864], [51.82985370023478, 46.84573310011648], [51.77389210037828, 46.84162359993796], [51.74968779993815, 46.853716399793946], [51.718853099963034, 46.86037810015932], [51.710946000373085, 46.86117040021687], [51.70243799972334, 46.857810299771096], [51.69449870002211, 46.85484629976669], [51.68849049970392, 46.85038530020353], [51.680154200342635, 46.853063399760835], [51.6714852997474, 46.86339310015701], [51.66843829964358, 46.87084570015547], [51.664318499986486, 46.8830492999333], [51.65599289956024, 46.88422259977396], [51.648010600201275, 46.88234530009817], [51.64904060042116, 46.87231260018718], [51.64311829970544, 46.88375329974007], [51.639341699606035, 46.889267399807935], [51.628527100191086, 46.889795299883936], [51.62698210031039, 46.88275600012828], [51.627497099971194, 46.873574200194696], [51.63015789996124, 46.865212400105044], [51.63114489962523, 46.85726009973761], [51.62676749997549, 46.867999800283975], [51.61779820005431, 46.851507899901584], [51.61174720040281, 46.85447210013824], [51.614751299663546, 46.85949040023468], [51.60822809968455, 46.87395550010307], [51.59380859966208, 46.86714889978617], [51.58595509985026, 46.861896599787684], [51.58127729997628, 46.851361200248895], [51.560119999639966, 46.83715410028901], [51.55014749983703, 46.83522760011447], [51.543399100301116, 46.83364220005337], [51.53526400020728, 46.8308897002752], [51.539225499643365, 46.83870640012805], [51.543688700080736, 46.8431096999044], [51.54098509985896, 46.84950849993699], [51.5478944002386, 46.86142350013934], [51.551241799668375, 46.86758539995902], [51.5548896002207, 46.87383459972149], [51.55827989959509, 46.879995100070786], [51.565715934328125, 46.88303074578754], [51.57321449988974, 46.88207769973592], [51.57411569966424, 46.87365859987787], [51.578192699987966, 46.86749740030343], [51.586174899633924, 46.86828960020992], [51.598362900049054, 46.87694430016549], [51.60329809959126, 46.88052309999605], [51.597976600222395, 46.88480559984816], [51.591453499956415, 46.886888099961695], [51.58463000036448, 46.88917580007529], [51.57754889988173, 46.88809059977469], [51.56999580029415, 46.88721070026556], [51.570725400289795, 46.895393100164455], [51.57836429976678, 46.894953200142815], [51.58630370007937, 46.895481100115475], [51.59540169983469, 46.89392679978855], [51.60355559987083, 46.89348690001604], [51.611495000183425, 46.89395620022103], [51.60681720030944, 46.89858949994298], [51.59900660044229, 46.9022547998925], [51.59175390018066, 46.903545000199244], [51.58643239991351, 46.90659430025464], [51.59484380022916, 46.906565000036935], [51.60613059997147, 46.90530419972551], [51.60462850003545, 46.91222330024976], [51.60068030015718, 46.91706029986005], [51.606645499919274, 46.9213692003058], [51.59995070016153, 46.92277609998662], [51.58960809985141, 46.92476920024914], [51.58235550020109, 46.923391599770355], [51.57630439993823, 46.921134700140044], [51.571927000288554, 46.9171481998205], [51.56749609967552, 46.91352780023573], [51.563215199748655, 46.90978999976589], [51.55888620042815, 46.906101299957506], [51.561685100223485, 46.91135749983927], [51.56332249991601, 46.91774910002513], [51.56978129967225, 46.92135450024495], [51.56450270024812, 46.924681299907235], [51.57171249966672, 46.92793449990193], [51.57943719993146, 46.932271899708624], [51.57733440015818, 46.93912889970824], [51.568880000184784, 46.93930470005726], [51.56257150025372, 46.94194169981197], [51.55596250038533, 46.94349459998261], [51.54999729972488, 46.94668810012535], [51.54283040025095, 46.949529900018575], [51.53523439982042, 46.9515512999854], [51.52845380017321, 46.9552715999141], [51.52240269991035, 46.95820070002911], [51.51557909970711, 46.95998750007662], [51.50794020023007, 46.96262350000799], [51.49970050030453, 46.96695809975541], [51.492490699987634, 46.97029659993827], [51.485538399950265, 46.97357640017536], [51.47601120042355, 46.97679740029184], [51.46691310005693, 46.97662169979155], [51.45558350008294, 46.980603800147804], [51.44554129999707, 46.982828899969384], [51.434555000192006, 46.98341449970417], [51.42828929959431, 46.98522960019938], [51.41498559968119, 46.985405299990724], [51.40734659959284, 46.984936899934326], [51.40099519971703, 46.98318020015376], [51.39412869956913, 46.98634210004686], [51.38211240044248, 46.98517109986275], [51.37318599956766, 46.98517109986275], [51.36692029986825, 46.98224339984355], [51.32366160037469, 46.97521620004424], [51.267699999619914, 46.97263939971634], [51.25894530003357, 46.97240510014456], [51.24521240034899, 46.97193660028781], [51.229247900445756, 46.97299079995156], [51.221008099908914, 46.975567599896884], [51.208991799883904, 46.97884710017217], [51.20075209995836, 46.97990109987174], [51.187534199934646, 46.978378599751565], [51.169681399981684, 46.976387499798186], [51.14788040015038, 46.96889100015507], [51.14118560039258, 46.96502520000849], [51.13225920041613, 46.95823010015444], [51.12693770014891, 46.95330900019829], [51.117153000342675, 46.947215499794865], [51.11217480024444, 46.94241059974242], [51.10822660036616, 46.936784799824466], [51.11062990007669, 46.92822769985607], [51.10582329975733, 46.92377270018611], [51.097583599831786, 46.92213140020362], [51.08831389968629, 46.92072440014873], [51.08170500042926, 46.91890700014887], [51.072092000114786, 46.91843799994028], [51.05947489964127, 46.920841600025824], [51.051406800392904, 46.92160370005868], [51.04419700007595, 46.92242440000392], [51.03544229959131, 46.92254159984347], [51.027803300401324, 46.921720899852964], [51.01733200025706, 46.92090020017505], [51.00900639983082, 46.91884840027392], [51.00136750035383, 46.920841600025824], [50.99252690026679, 46.922131300196305], [50.985746299721235, 46.92043120023369], [50.97948069973482, 46.925765700180804], [50.98368639989268, 46.93033769971252], [50.97690569963419, 46.93168580011325], [50.96703519993842, 46.9349092997976], [50.95896709979174, 46.93684329972814], [50.95467559974448, 46.94205899985052], [50.946178400437724, 46.94053529983178], [50.94068519978039, 46.94305510022293], [50.931158000253674, 46.94481310030464], [50.91939919960994, 46.94539899980446], [50.910301100141616, 46.947860000074584], [50.90008730027693, 46.948680300178246], [50.890388400360045, 46.94780139998328], [50.879402099656694, 46.94604359984048], [50.868244100359824, 46.94375829994645], [50.859145999993196, 46.94117990016651], [50.85399620011615, 46.93783960018335], [50.844383199801726, 46.93060140006552], [50.83919040026695, 46.92655699984103], [50.83498470010909, 46.922688200055575], [50.82395539974806, 46.92389000014774], [50.81708889960009, 46.93022049975237], [50.819835500377906, 46.93701920020053], [50.8160589002785, 46.94241059974242], [50.80610259979509, 46.94334820022691], [50.79923609964713, 46.94065259988506], [50.78979479972282, 46.93772240007915], [50.78447319974266, 46.929751599807766], [50.78069670025449, 46.91826219981172], [50.776405200207236, 46.90583210028529], [50.77074030005809, 46.895393200221676], [50.76507549962189, 46.88800270004606], [50.749797600056624, 46.87204510024496], [50.74516279984037, 46.864886100267896], [50.74052789991112, 46.86089540012152], [50.732974800323554, 46.857726099992924], [50.71889859957169, 46.853617500147784], [50.70259080039778, 46.85596529980014], [50.69847090012939, 46.86453400016193], [50.7037924003966, 46.87333590027029], [50.706710600054926, 46.881549799842546], [50.71117379959401, 46.89292979981467], [50.71151720037429, 46.902079000072646], [50.709285600155575, 46.90899849970918], [50.70156080017788, 46.91134389978844], [50.693149399862165, 46.91157839984777], [50.687999599985126, 46.91802770015979], [50.67941650017765, 46.91720689973059], [50.67255000002969, 46.91392369991797], [50.66207869988542, 46.90454199982473], [50.648517399979724, 46.89597969993736], [50.63581449961681, 46.8884719997406], [50.6227682002702, 46.87321860020002], [50.60817699985754, 46.85655230001853], [50.59942230027121, 46.84481229978379], [50.59822070027244, 46.83541849997387], [50.59907900010222, 46.82649290007309], [50.59564579988474, 46.818329200065214], [50.58860769995797, 46.81404140013117], [50.57942379970193, 46.805405999695296], [50.5738448000535, 46.79806180008862], [50.56732169978752, 46.80152839979547], [50.562429299578746, 46.80564090015737], [50.55333129982343, 46.809988200027874], [50.54921139955497, 46.81468749969322], [50.52947040016357, 46.8086958002977], [50.520801499568336, 46.8062283998432], [50.51033009971113, 46.80346719993941], [50.50191870029372, 46.80528850019675], [50.49685470030614, 46.81169180014112], [50.49436559980784, 46.81885779976913], [50.492649000148276, 46.826551500077805], [50.48458080028854, 46.839880800301145], [50.477199400192845, 46.85173919979135], [50.473937799754175, 46.857726099992924], [50.46775799965723, 46.86148229976318], [50.4533384996347, 46.85702179986731], [50.44527040038633, 46.84892160027975], [50.43891889989921, 46.84082010028799], [50.430335800091676, 46.82097230029379], [50.41883449972753, 46.81204430017143], [50.40836319958327, 46.8035847999551], [50.40115340016468, 46.79676919990938], [50.400295100334894, 46.788777399845586], [50.39703349989622, 46.78137220010507], [50.39720520028639, 46.772437600290836], [50.38673380042919, 46.76726420023186], [50.3754041995568, 46.76644120027252], [50.3676793995791, 46.76996859986036], [50.365791100427664, 46.78113710018681], [50.365276199581515, 46.79688670018052], [50.3681944001382, 46.80640470002361], [50.358924699992755, 46.8025271997815], [50.34622179962978, 46.79806189971231], [50.33145889972531, 46.79970699991174], [50.32613740035646, 46.79453629976239], [50.3187558996494, 46.78736699987879], [50.30776959984434, 46.78101949970753], [50.295581600327566, 46.76197280025932], [50.28390870018454, 46.74880069976008], [50.27395229998808, 46.73291940008479], [50.263137599961894, 46.72021100004562], [50.24768820033076, 46.71991669970724], [50.24022089973429, 46.71432639990909], [50.24135820012167, 46.706697599718325], [50.23815659995748, 46.697962700086315], [50.23069379992057, 46.70808799985894], [50.22911030004336, 46.71839630027007], [50.22833349986772, 46.72621250026238], [50.23035049975154, 46.73223540001802], [50.233290199687936, 46.73763270018675], [50.236846799679306, 46.74216929993274], [50.24052139967154, 46.74655110015576], [50.24230239955386, 46.75363759999316], [50.23541449973917, 46.75735700015394], [50.23199200025344, 46.76322210005121], [50.22854799959127, 46.76842519999064], [50.21894570000847, 46.767741799890544], [50.21137119985588, 46.76586780026755], [50.207734100035246, 46.76146560017169], [50.20131829993668, 46.75743049985523], [50.19742369983646, 46.75296130015646], [50.190181700306525, 46.748741800231734], [50.17928120039087, 46.743183899768184], [50.17419570012522, 46.73739010029274], [50.16960379985377, 46.727256800301866], [50.16522640020403, 46.72263810015891], [50.156965200000535, 46.718283800198435], [50.15170809995607, 46.71311989989029], [50.14357559958659, 46.70390909996086], [50.134069900337884, 46.70064230000815], [50.11995069992835, 46.69802279980045], [50.108299200350345, 46.6890816998388], [50.098149799810116, 46.67725370007102], [50.09115459982801, 46.674353300237186], [50.08812900028926, 46.667727500124755], [50.08332249968289, 46.66403149973856], [50.07336610038479, 46.65317739975153], [50.06152149985165, 46.64083329979541], [50.03585810003147, 46.622916000259906], [50.02924910016314, 46.612245299910406], [50.03233900021164, 46.607292499739145], [50.043067799737116, 46.61631340017723], [50.0531959003237, 46.62851580018557], [50.06100650019079, 46.63287730025044], [50.056800800033, 46.626393800051524], [50.04796019994589, 46.6121864000468], [50.041265400188095, 46.59131049984328], [50.03062239965372, 46.585352999871894], [50.01860609962877, 46.58387820029076], [49.99397270002861, 46.58906910030476], [49.96212950011149, 46.59178240018531], [49.94882580019831, 46.58871520015807], [49.94003433616062, 46.5822140952113], [49.929599699856404, 46.574497899872604], [49.90642539963622, 46.54475319983551], [49.898528999879666, 46.53548419976553], [49.90256299964735, 46.52893000029592], [49.9066828999158, 46.50766769970721], [49.898165299868886, 46.511473699746084], [49.893131999806116, 46.50833299983137], [49.89154590020448, 46.50125299976505], [49.887113500303265, 46.496206200060506], [49.879922499928625, 46.49879720000222], [49.87590399969279, 46.49457039983089], [49.870805700230996, 46.491242200079306], [49.86634249979362, 46.48518550016265], [49.85853189992646, 46.4863082997949], [49.85213750039298, 46.48273290011531], [49.86059179975501, 46.480841600149546], [49.86559039969503, 46.47644330014382], [49.86031280009577, 46.4731390997223], [49.856446300195934, 46.46873970008679], [49.865055000192385, 46.47227109982563], [49.87501140038885, 46.47303950015789], [49.88157739970121, 46.471561699877704], [49.88522529996654, 46.46526579979558], [49.89204879955841, 46.46062469995054], [49.89475250039155, 46.45151870018497], [49.88986010018273, 46.44530929973702], [49.88119119958749, 46.43217829993263], [49.86951819973152, 46.42590749994465], [49.850635399558605, 46.439394899864425], [49.8439405998008, 46.4584370998919], [49.84119399992129, 46.44885770030053], [49.83158089989381, 46.44542759990342], [49.81312740010365, 46.439276499931], [49.849605400236946, 46.42460589981621], [49.83535749999328, 46.40034339994885], [49.85149370028668, 46.38566219974341], [49.844455499748605, 46.366594499871155], [49.835958400154844, 46.36463989998621], [49.824414199845954, 46.36570610025742], [49.812397899820944, 46.36908189977594], [49.78291499995668, 46.384418799809175], [49.755020099630855, 46.39537109999839], [49.74351869955369, 46.393713700026005], [49.738197200184835, 46.38625430010389], [49.73545060030531, 46.379267600300615], [49.739742100352586, 46.37275379981822], [49.75965480013409, 46.362093099862946], [49.779052599967805, 46.35616960001514], [49.83527170010387, 46.34621669987165], [49.8439405998008, 46.342543099811316], [49.85415450027679, 46.328794800247714], [49.859475999645646, 46.32079299996255], [49.86574159963205, 46.31421299994557], [49.87149229967066, 46.308491800181756], [49.875182899556364, 46.28918959988602], [49.8611066997028, 46.26391750014184], [49.83604410033125, 46.23602160012583], [49.837589100212, 46.216901700247476], [49.83501419982429, 46.20252770019301], [49.830465200395814, 46.19842859989558], [49.803085200017776, 46.19480460020126], [49.79149809976421, 46.19724039981372], [49.784288300345615, 46.21054659994563], [49.761028200236034, 46.21987100004661], [49.77656360008088, 46.21820820003216], [49.74918329966558, 46.25822090001364], [49.76566280012798, 46.275783900276274], [49.75021329988548, 46.298085600197176], [49.74231690012892, 46.285275099913044], [49.734420399761056, 46.289071099919155], [49.74437679995747, 46.31611020025937], [49.72755400022445, 46.32867640025977], [49.71848043105161, 46.32636797109398], [49.70798459971356, 46.3236976998516], [49.69219169958915, 46.33578809999706], [49.69653496235975, 46.3430025312991], [49.70317810000551, 46.35403720014662], [49.68292200034201, 46.359013100244916], [49.67880210007362, 46.37038499978777], [49.64378320021859, 46.37156950003979], [49.63520020012407, 46.35048260022654], [49.63711998432789, 46.3430025312991], [49.644813200438485, 46.313027399701575], [49.71848043105161, 46.24810542799976], [49.73502150024692, 46.23352799970543], [49.74223129966552, 46.23020310015278], [49.734249100019554, 46.223938699872434], [49.72373480021763, 46.22284010012245], [49.71848043105161, 46.22820670998414], [49.71373550007648, 46.23305299984502], [49.687471299807804, 46.24065199977342], [49.675540799672255, 46.23008439992837], [49.66223709975907, 46.23127180012924], [49.63176690019359, 46.25062430002455], [49.61975060016857, 46.26961380025224], [49.51641050026319, 46.32796519970849], [49.48945989998085, 46.33229139970126], [49.47971819983229, 46.341387700105365], [49.47285169968432, 46.34257270007929], [49.46452610015637, 46.34680910019664], [49.45371149984318, 46.34769790009723], [49.44491379970081, 46.34559449979545], [49.44269299992678, 46.339572999715266], [49.43671699972, 46.33721009986905], [49.43032260018646, 46.3340989000689], [49.42264079986644, 46.335343399741156], [49.43336960029023, 46.327905699857396], [49.45173739990405, 46.31148580027143], [49.460577900278096, 46.30958859973451], [49.466843599977494, 46.30113930003919], [49.479289000060895, 46.294290000258755], [49.490919099972196, 46.28782539988299], [49.519801099674886, 46.27136379974908], [49.48823690031537, 46.28805519972434], [49.46722980009121, 46.29855989972639], [49.45306769973695, 46.30099110014746], [49.44911949985867, 46.29529820006086], [49.447316999698344, 46.2866985003007], [49.457788399555604, 46.277266899826216], [49.46551309982029, 46.279995699845664], [49.47049129991852, 46.28438519988356], [49.477357800066436, 46.28130070014118], [49.495811399569654, 46.27465660024883], [49.51023070016619, 46.2639176001291], [49.519843699582324, 46.23542800028767], [49.53838309987325, 46.2290157998756], [49.53838309987325, 46.24587590013306], [49.553489500271, 46.24290780004263], [49.578552200253924, 46.2522265999822], [49.59065430016828, 46.24326389999059], [49.59511749970741, 46.23340919979358], [49.58739269972966, 46.21773309991475], [49.58035459980289, 46.211675099950206], [49.57168570010601, 46.2164859002814], [49.573316499876164, 46.19640859976121], [49.55760920021515, 46.212388100096305], [49.54868280023864, 46.21262559981825], [49.53083019971168, 46.1951610999284], [49.512119099928924, 46.20288410007739], [49.507140899830695, 46.2158326999841], [49.47564120040687, 46.246053799741176], [49.45169440024631, 46.251158300024514], [49.44465630031959, 46.249377699808626], [49.43392749989575, 46.25596560025371], [49.42628849980747, 46.250683499989954], [49.418992899601115, 46.24884349983694], [49.40749160013526, 46.246706700107055], [49.400539300097876, 46.24890289989017], [49.40629000013649, 46.25430379985616], [49.40680499979729, 46.262315300175096], [49.39538950022084, 46.269198300244284], [49.38217149958583, 46.26759629994877], [49.3787383002667, 46.2723428000553], [49.367151200013076, 46.27376669973933], [49.37290180033868, 46.27987699994096], [49.36260209997324, 46.28794409994869], [49.34517849979166, 46.29191779989003], [49.34268940019173, 46.29903430003564], [49.33659539998413, 46.30152480009235], [49.341745299574185, 46.30869930014178], [49.3341064000972, 46.31290870002069], [49.32629580023005, 46.314153699819656], [49.320373399801326, 46.31824410004936], [49.31342120037531, 46.315872900255684], [49.305696400397565, 46.31154510018563], [49.312562899647176, 46.30846210017695], [49.315051900432465, 46.30122830021359], [49.318399299862186, 46.29292599991388], [49.319429300082135, 46.28361409976485], [49.32715410005983, 46.2759320001197], [49.31732650030886, 46.27489380013157], [49.32728289960697, 46.26884219976162], [49.34161659974004, 46.262404300091625], [49.26690470031678, 46.29227460019114], [49.24021991332368, 46.317851948246435], [49.220616799938526, 46.338632300296496], [49.216578973347694, 46.3430025312991], [49.19267889995495, 46.3688635000633], [49.17980289962668, 46.37714400008782], [49.162657699928026, 46.38361640023157], [49.15462439961711, 46.38378129978023], [49.144967799570345, 46.382257700059775], [49.138185800347955, 46.383806199752236], [49.13226610025496, 46.387131799972856], [49.12394649967646, 46.389909500129406], [49.11279959996329, 46.38793809989762], [49.1045088999841, 46.384998600272766], [49.09495689976903, 46.387007300147864], [49.083928600131166, 46.39014610030108], [49.07554340007904, 46.39100130024168], [49.06756389987056, 46.39086080003205], [49.05806240024576, 46.39204040008646], [49.0449155003671, 46.396592699952116], [49.037115499722034, 46.402921099892254], [49.03228219967576, 46.40975300023506], [49.02612669990556, 46.41478319980536], [49.00461860026427, 46.426059999787554], [48.997895599694736, 46.42889200010169], [48.985957899562194, 46.433005900016404], [48.971795899819234, 46.43566790020046], [48.956088900195525, 46.4353720997261], [48.948128100216266, 46.43730929970754], [48.942569600122624, 46.44239310001202], [48.93621440037317, 46.44580220023741], [48.91793510008617, 46.45023859980753], [48.9098121002992, 46.45293610023922], [48.903687799917115, 46.45972379970765], [48.898653199992104, 46.46353389986275], [48.89288990018337, 46.47120140010435], [48.88871149982703, 46.47506259992906], [48.88294910013017, 46.479786699765725], [48.87322349958808, 46.481327199709966], [48.858955600151226, 46.478667300224394], [48.838125800414694, 46.477440599855406], [48.82665619980027, 46.480168700192976], [48.819720400018085, 46.48538259990566], [48.81688490016308, 46.49182870016883], [48.8091623998725, 46.50058230010212], [48.80456400028992, 46.50546919977209], [48.79909150040998, 46.51177100028215], [48.79186549987521, 46.518380800077516], [48.788205299877, 46.52514779981008], [48.786932600020116, 46.53320379995978], [48.78800999984601, 46.54085480027347], [48.779349200258046, 46.5396869001017], [48.76897800028423, 46.53922180004229], [48.76273879998742, 46.540983699740195], [48.7547433995983, 46.54705519999209], [48.748238700422654, 46.55027589981881], [48.73264909982679, 46.55261389992729], [48.72347160006711, 46.555899200100896], [48.717519600149764, 46.55977260027363], [48.70752319977041, 46.56181059984381], [48.69900660044672, 46.562748999752664], [48.69033420001515, 46.560010799749385], [48.682866900316974, 46.56086649993364], [48.67694459960126, 46.55738450003725], [48.668232799959654, 46.55584990019087], [48.66132339986695, 46.557236900103184], [48.65175330039556, 46.55921399972597], [48.641410700085444, 46.559007500217106], [48.63424379971323, 46.560630399967415], [48.62583240029587, 46.560807499745096], [48.61531809959563, 46.55809270024461], [48.607250100060206, 46.55759100016349], [48.59918199991353, 46.55705979978969], [48.590899300330314, 46.55862389977222], [48.582959999730726, 46.56033540018777], [48.574162299588345, 46.559892699854], [48.56836880021637, 46.557089399836634], [48.55806909985092, 46.55576140004076], [48.54982930021244, 46.556174500194835], [48.54528029988558, 46.56024679987791], [48.547741499609444, 46.5663429001837], [48.54992570022216, 46.575372299834484], [48.55534389963812, 46.578229099926794], [48.55666789958596, 46.58534070026586], [48.562875599559035, 46.5872696002562], [48.56950599999239, 46.589171899999535], [48.57480609969459, 46.593462900137254], [48.57974130013508, 46.59744389990531], [48.58649409961921, 46.598818100221], [48.593060099829856, 46.597137300305704], [48.59881720036483, 46.59990609997129], [48.606750099569695, 46.6003956000871], [48.61525379998419, 46.60014199996235], [48.62195880011205, 46.602209799833446], [48.61401339995164, 46.60189320017672], [48.60645389986771, 46.60622180016339], [48.596682399906214, 46.60891970007845], [48.58542650041307, 46.608419300172315], [48.57657349998179, 46.606074499756055], [48.566269299955124, 46.6092403001647], [48.556841299588626, 46.61514139980441], [48.55068579981837, 46.619503200047845], [48.550812100252394, 46.62792520019214], [48.56059319961098, 46.63411700025971], [48.5602840003885, 46.6418741998121], [48.554744600274454, 46.64473779978038], [48.546763699592375, 46.64733269994843], [48.53931450004888, 46.64932290025676], [48.52756369980106, 46.649092200189976], [48.51834020001063, 46.649598599827804], [48.511739700001456, 46.651384299978915], [48.50339410038203, 46.655813800047724], [48.496479400229205, 46.6587870002213], [48.477902400053736, 46.67062089986033], [48.48583069988439, 46.67265909972051], [48.499334600138376, 46.67507660005604], [48.50720550031726, 46.67584220001654], [48.5304119997505, 46.68228480026668], [48.54612979981884, 46.68632549987934], [48.55298909996982, 46.688453099837425], [48.543719399824326, 46.691895900099304], [48.53527219984798, 46.70628550025324], [48.54870470020654, 46.711133700189585], [48.600245999570326, 46.7144495001436], [48.61594499969643, 46.70498700030222], [48.628373000311065, 46.7080218001164], [48.64385140025451, 46.73101520029225], [48.6738351001099, 46.72084530011417], [48.67642610010407, 46.71335719987062], [48.71334399984215, 46.720911500139835], [48.75055159997115, 46.685468100181374], [48.91999479959048, 46.69341169970811], [48.99596710003604, 46.74308369977033], [48.919817400288146, 46.872981800182096], [48.91527550024529, 46.88060370026363], [48.71021390018475, 47.09575560002894], [48.519422999609716, 47.41175190000752], [48.45156309972903, 47.41165210015203], [48.39531180037998, 47.47603860014942], [48.31885279989995, 47.55140479980859], [48.20937040006904, 47.69162710001907], [48.11168430015511, 47.744927500022406], [48.02816570036858, 47.763032500257026], [47.96256149981075, 47.751452499825426], [47.86635070039298, 47.75547660001456], [47.80530659974557, 47.75619690025031], [47.73494230015904, 47.75702710029096], [47.65232650004657, 47.758001900071235], [47.4152595002612, 47.83825949997048], [47.4119093995974, 47.763301099976914], [47.38522140022882, 47.6812844999224], [47.214318500256546, 47.7529968001451], [47.19444389982289, 47.76083999992038], [47.14106570021333, 47.81293220017343], [47.122901999628674, 47.830646399728536], [47.18104359957561, 47.85385020001141], [47.14703050022517, 47.88466049991328], [47.10078660022775, 47.92778470009215], [47.049937200363836, 47.99775130010511], [47.14855399982785, 48.0363901997375], [47.158767900303836, 48.06110919970262], [47.200527200197094, 48.05492789974298], [47.211117200129735, 48.08221569986354], [47.090851700309365, 48.10324359971858], [47.12107094561878, 48.152042474904384], [47.12480040033548, 48.158064899922714], [47.113280300029025, 48.17559380002215], [47.10363150005392, 48.212003899787526], [47.111074699749594, 48.23375289993921], [47.16785009959164, 48.21822040028753], [47.28557660019465, 48.2223274002652], [47.46123819962031, 48.21200090012268], [47.6348173002999, 48.201794699933245], [47.84066259959746, 48.18968869987572], [48.00415500034695, 48.18007150027734], [48.22429639989316, 48.152591700101745], [48.34718639968127, 48.13724530022131], [48.498736400312595, 48.11831339998679], [48.65538209978299, 48.1056862002681], [48.754472700372276, 48.09769690016785], [48.88106850043904, 48.08748819995805], [49.08644279955846, 48.03234290015745], [49.29327119983171, 47.97674749986117], [49.44865270020274, 47.95281729978294], [49.417056699583824, 48.04867009992097], [49.602268899649374, 48.06482769983158], [49.71828043103504, 48.0646426079585], [49.732576300416596, 48.06461979996198], [49.788386400298684, 48.09101169979278], [49.95986370013156, 48.088565600291766], [50.00104200024179, 48.10887479982839], [50.0577104421745, 48.15224247486202], [50.11283599975896, 48.19442940024736], [50.225906299580764, 48.28081569983659], [50.333222999602185, 48.32283090011527], [50.46355779988388, 48.373811299918685], [50.57877350028462, 48.41883550018959], [50.7021070998381, 48.46698780004472], [50.73562239957056, 48.48460510002553], [50.781092499765364, 48.49484350021898], [50.86944510028397, 48.535704300168256], [50.91476369960608, 48.54388760004106], [50.990294699973454, 48.58705529978571], [50.99109979977548, 48.61195210018756], [50.99853449961199, 48.63427039974577], [51.04179310029085, 48.688241200281844], [51.107024500005785, 48.680987900109805], [51.26186339997889, 48.71860240028993], [51.3549038004173, 48.71950839973048], [51.43661459998331, 48.72698259972922], [51.56089749960316, 48.724944300214645], [51.645354899947044, 48.71611069988819], [51.78852050002687, 48.679400899726], [51.80465659970897, 48.6832544999334], [51.758994700217876, 48.600906399756], [51.76963769985395, 48.577288800209935], [51.84413879971437, 48.57229139981427], [51.88465079961542, 48.559568299733535], [52.05940210023108, 48.55116029983262], [52.06146209977264, 48.56115890026517], [52.0854946998226, 48.57229139981427], [52.126006699723646, 48.57978729971879], [52.152442600382436, 48.57797020028812], [52.19329800016542, 48.56502149971961], [52.26711239997487, 48.52342669996164], [52.380065599907795, 48.49408519971385], [52.4394603999817, 48.49272010008568], [52.55598890013529, 48.51394010009248], [52.55348599971764, 48.52326299999783], [52.55102750032956, 48.537317699726046], [52.53889019993071, 48.57935999970594], [52.536613799830526, 48.5918641001914], [52.553363100305305, 48.62344199996894], [52.55765240037841, 48.63314109979537], [52.56106670004229, 48.63839490001235], [52.564032699955284, 48.64553340025068], [52.56968410022232, 48.65261550021498], [52.573963599675714, 48.66064560011078], [52.577024900060515, 48.66977990028871], [52.57857409956522, 48.68018069998707], [52.580360599831984, 48.68860060010733], [52.583301599630566, 48.69789180020953], [52.58492110039107, 48.70732520020768], [52.59224479989945, 48.72257039996884], [52.595218699597, 48.730597900214185], [52.60100180007126, 48.74281080021958], [52.60407850027496, 48.747858000096286], [52.61262110043622, 48.76619109989666], [52.627569799789235, 48.76328549997484], [52.638216999947566, 48.759545199858046], [52.65464590010662, 48.75932030001102], [52.66813339981848, 48.760178399883614], [52.71446010023052, 48.7609807002533], [52.71490249984671, 48.77459429983014], [52.71555900033444, 48.79260950026079], [52.71323419990502, 48.803271699877016], [52.714335600020334, 48.837431399834536], [52.71244620043274, 48.86029470021743], [52.712699599903, 48.86896080004743], [52.711878599920446, 48.88403320002911], [52.7127625996522, 48.9111480998651], [52.71034760028341, 48.918706999919856], [52.71191499965575, 48.926696199788786], [52.7101305996501, 48.952731800208134], [52.70937490000217, 48.971620499945764], [52.70695040005093, 48.980857499845115], [52.7061488000853, 48.995957299780635], [52.77928360012781, 48.980627900206265], [52.79992480036704, 49.01902109993407], [52.82552299956555, 49.04808420014037], [52.84184299965769, 49.04602529975153], [52.878799599716494, 49.04001089987941], [52.89212250022059, 49.037143199732874], [52.91388870021601, 49.035148100025445], [52.926138899981424, 49.031294500228114], [52.943392500283665, 49.02928520013931], [52.96028679962512, 49.027908599766654], [52.97948949975221, 49.02846279975651], [52.99982939965531, 49.0272220997916], [53.042111200141974, 49.026481300248115], [53.05312650025934, 49.02450589986979], [53.06954649991056, 49.025260599747], [53.087469399896726, 49.02383020000871], [53.10676160007392, 49.02351900027281], [53.132174299861134, 49.02218189996915], [53.18553370042676, 49.02116339988155], [53.22090790014632, 49.01941980011792], [53.2412446002504, 49.01831439976348], [53.26325579956993, 49.01768679973431], [53.272899600420516, 49.01949459978875], [53.290079299917615, 49.02103350020261], [53.307383900273564, 49.02329899999709], [53.36734150026289, 49.038419200257515], [53.38049909997488, 49.04245960022891], [53.415389800357374, 49.05166189985855], [53.425441299803026, 49.06220940004812], [53.4061514999243, 49.08776880012789], [53.39660479976942, 49.092733600092686], [53.38623720024324, 49.100087700042266], [53.51831430008647, 49.16725610014679], [53.54109999989453, 49.17757430025084], [53.554861100390795, 49.185299700270704], [53.58814709975706, 49.20828099996502], [53.59954589965243, 49.217280199837184], [53.61408760019798, 49.22739369983295], [53.63053820006107, 49.24034919982357], [53.63729270005597, 49.22948010014681], [53.64310030028297, 49.2174548001696], [53.654945100242124, 49.205350300180896], [53.665516300232454, 49.19712410019012], [53.6920968000076, 49.18304160007853], [53.72693190006394, 49.17063279993496], [53.75138209993998, 49.16081999982861], [53.779622000047354, 49.15409570017578], [53.80743470003306, 49.148100500289814], [53.83236520034545, 49.143943300270124], [53.826361099938275, 49.13130999971997], [53.82052770009635, 49.127038099768434], [53.83881840000424, 49.1130815998438], [53.86566640010473, 49.101570200064415]], [[52.76720509985422, 48.18328689980926], [52.74266798024586, 48.15216222082524], [52.74273127698112, 48.15224247486202], [52.76720509985422, 48.18328689980926]], [[52.67925735066508, 47.9619141096445], [52.673886299831246, 47.93312099979409], [52.67922405780841, 47.96173538581097], [52.67925735066508, 47.9619141096445]], [[51.04426559992266, 47.89437570003476], [51.19875224532002, 47.83597871290708], [51.1989043484215, 47.835921227432706], [51.04426559992266, 47.89437570003476]], [[51.198952245336585, 47.46719708569661], [51.204272300214484, 47.45695939974947], [51.19894533706899, 47.467210415680114], [51.198952245336585, 47.46719708569661]], [[49.71848043105161, 47.37141160627517], [49.763541799588715, 47.27835500011474], [49.71828775520564, 47.3718095163223], [49.71848043105161, 47.37141160627517]]]]}, "properties": {"ADM0_EN": "KAZ", "ADM0_PCODE": "Kazakhstan", "ADM1_EN": "Atyrau Region", "ADM1_PCODE": "KAZ007"}}, {"type": "Feature", "geometry": {"type": "Polygon", "coordinates": [[[83.28443640042421, 51.015036399898996], [83.29155810026623, 51.008961999960164], [83.32011380041675, 51.010511000069435], [83.3298250000665, 51.00905469972715], [83.34592389961439, 51.00939760026767], [83.35820119975524, 51.007545500149206], [83.36629710006507, 50.99861470018371], [83.37467420000822, 51.00163279978758], [83.3871093997216, 51.003741599730354], [83.39520680021788, 51.00989350021466], [83.40430649958572, 51.013138399918475], [83.41238089961752, 51.01100079984196], [83.42490840032796, 51.01048519981063], [83.43244880043234, 51.009378900171534], [83.4398071003506, 51.00494940002335], [83.4368882997193, 50.995384599880815], [83.43022310034843, 50.98671390009012], [83.44748160006228, 50.97713690022041], [83.47820670018292, 50.97680580025581], [83.48881869985682, 50.979238899805836], [83.49950710034742, 50.97662919985992], [83.50131120040722, 50.968172399731074], [83.50439180019758, 50.95792559972102], [83.50107590019323, 50.952504999994225], [83.50691559992026, 50.949716100124725], [83.53759449968587, 50.96086829993075], [83.55170400008697, 50.959161599896206], [83.56046679978223, 50.95759019987207], [83.57227679990562, 50.95488109972512], [83.5791709996053, 50.9481973001557], [83.58900550021431, 50.947434700252835], [83.59431670039845, 50.95591379978001], [83.59769979977591, 50.960734899942665], [83.6056848003689, 50.959024999781654], [83.60987199972347, 50.954781900126115], [83.62157070037976, 50.95009709995782], [83.62670409971469, 50.946613800027464], [83.63381189992434, 50.943982600243004], [83.63797090026381, 50.949803199998314], [83.64405069990339, 50.95300680028094], [83.65117560044278, 50.952104799850574], [83.65620590013253, 50.94285360011386], [83.66292250020567, 50.93688719998535], [83.67108680003783, 50.931268000100076], [83.678607599801, 50.927962699760684], [83.68086760025741, 50.92183539986814], [83.67708139986253, 50.91715330001582], [83.68471949983898, 50.91340809990343], [83.69261920000584, 50.90896429996819], [83.69722930014497, 50.903549800171355], [83.7035679996393, 50.89621140024834], [83.7116037999617, 50.89335140002772], [83.72109239977893, 50.89254989979319], [83.73406079991905, 50.89232659976778], [83.74334559984612, 50.894185099759824], [83.75464459960833, 50.890074700108954], [83.76274010016782, 50.89038269988516], [83.77116780041437, 50.88974159989862], [83.78964589967028, 50.88763540000911], [83.80048809982229, 50.886375300080495], [83.8066075996075, 50.882834799945954], [83.81532160012156, 50.88251449978055], [83.8243532000044, 50.88356979998257], [83.83366600041889, 50.88002209983568], [83.8365995001831, 50.87373649983758], [83.84315009967656, 50.866996900142055], [83.84997360016679, 50.86474880001419], [83.84713570001337, 50.85818079996279], [83.85735120038889, 50.855460100230395], [83.86761179978491, 50.85163720007841], [83.87619489959243, 50.84849419998846], [83.87528480020845, 50.84046489996621], [83.88872740032579, 50.83269250002794], [83.89707200012029, 50.83211900015562], [83.90307099989326, 50.82456450002416], [83.91049020019787, 50.81626079981309], [83.9352666996262, 50.810268800195345], [83.9437916002814, 50.80780899996466], [83.95093460007713, 50.80430709975529], [83.96241190015185, 50.802476799941665], [83.96693079973015, 50.796685299979714], [83.9734816004462, 50.78982370015914], [83.97661079999175, 50.78291259983529], [83.96701540036861, 50.77356739985357], [83.96228189955718, 50.76899810019866], [83.95466460007123, 50.76567839993403], [83.9502601000461, 50.759262299918326], [83.9501373003467, 50.75072019993848], [83.95696809964862, 50.74202459995085], [83.96137780002094, 50.73809179994167], [83.9654687996901, 50.732866900160715], [83.97574799960239, 50.72116650004896], [83.98113239990575, 50.71692319994201], [83.98681220041055, 50.71184520009888], [83.99248090043339, 50.70787990025867], [84.0058707999863, 50.705418599756506], [84.0170216998975, 50.699637999789886], [84.02394969960805, 50.69677899982074], [84.0278112003833, 50.69090199989284], [84.03357410044178, 50.68534190016786], [84.03921590041342, 50.68035319997882], [84.04477540033194, 50.676248100282606], [84.05007330006003, 50.67199540026681], [84.05518409957901, 50.666416699970355], [84.06286140023774, 50.66145820022841], [84.0716485002598, 50.659119900018055], [84.0742063003177, 50.65178699975048], [84.07390460023119, 50.643921900007854], [84.0812551000778, 50.639999499873305], [84.08599630034959, 50.632675900048405], [84.09405779967553, 50.63111250000617], [84.09922610035586, 50.62596750007096], [84.10782499973263, 50.62309029989979], [84.1124654000463, 50.617340500059825], [84.11529429997897, 50.60919439974394], [84.12220919955773, 50.60794539979802], [84.13113339956007, 50.608404299839464], [84.13754800040769, 50.60523330004808], [84.14527399963633, 50.602839400069925], [84.15018859991079, 50.59846260023614], [84.15476480032609, 50.588837000081824], [84.15290919985101, 50.581742699953864], [84.15174869957308, 50.57394410021908], [84.15926779972382, 50.57146079972073], [84.16739039976049, 50.5699770997541], [84.17101619967315, 50.563745499978474], [84.16878449974145, 50.55445860014748], [84.17615080005561, 50.55161050022511], [84.19016749999632, 50.54549219977937], [84.19672570013535, 50.54162170012318], [84.20872029955804, 50.543551600060624], [84.2186574003489, 50.54157739978454], [84.2305773003641, 50.54024229976939], [84.23463010007411, 50.53222240022405], [84.24191359997351, 50.52374140027395], [84.24870690000222, 50.51556569971477], [84.24389980021954, 50.51067910010626], [84.23530629971769, 50.504214600029414], [84.23449860019117, 50.49339229974418], [84.2325711003574, 50.48306549998068], [84.21883080035155, 50.476288900027825], [84.21258759985679, 50.473573199970566], [84.20459089960549, 50.47035350026847], [84.20654350016491, 50.45414380003425], [84.21175529996624, 50.4456801001134], [84.21504629956918, 50.438725200177316], [84.22670930027782, 50.43076520011487], [84.23575569990486, 50.41451559990357], [84.23980649996498, 50.41015500008401], [84.24333089984508, 50.403080099887674], [84.24572800028177, 50.392750600180484], [84.23968620027706, 50.3875249001334], [84.24202650023847, 50.3768545997393], [84.24934090038704, 50.370877400277394], [84.26043260042266, 50.36611250011812], [84.26421509975859, 50.36136009990301], [84.26828969978385, 50.35658419994811], [84.26619710038065, 50.350625900215256], [84.26907330020622, 50.34135220026698], [84.26604790009341, 50.33525619971424], [84.26223800034472, 50.32802830025409], [84.26594580027317, 50.32272570007109], [84.2720293997864, 50.320659400202196], [84.26643489970776, 50.317348400176684], [84.26222969991153, 50.310154299720054], [84.25971180032357, 50.30105240017618], [84.25184659995513, 50.29717239976653], [84.25605179975138, 50.289311900206705], [84.25991949980038, 50.28251169997953], [84.26482549960426, 50.2761086001622], [84.27149669972123, 50.271297499854576], [84.27879150042696, 50.2669981002725], [84.28328569992814, 50.260568500147485], [84.28844799986237, 50.257353600022626], [84.29394480006903, 50.25228280010426], [84.30049800018527, 50.248451599997985], [84.31070960007578, 50.246805199804456], [84.32009029965106, 50.244313599769875], [84.32497929973648, 50.238902400243106], [84.32584849972397, 50.22858110009673], [84.33427409970928, 50.22560359998325], [84.33946319998172, 50.22048669974941], [84.34739830005906, 50.2183830001148], [84.35746039962504, 50.21380809974544], [84.36182650026505, 50.20866789994415], [84.37112000037568, 50.20929369985791], [84.37654970002389, 50.21446630014211], [84.3850832999643, 50.215260699732674], [84.39370609991748, 50.21551620006881], [84.40328910009472, 50.2096671002342], [84.41252160010599, 50.21203050027232], [84.41593010024634, 50.21705090009662], [84.42167210010136, 50.22484350013666], [84.43155819994034, 50.230015500225676], [84.43383839991424, 50.236084000034204], [84.44697010029824, 50.24635030001998], [84.4568008998483, 50.247256299850015], [84.47651979978536, 50.2406671998898], [84.48498000018056, 50.239259899841606], [84.49193820035268, 50.236324900167396], [84.49812579962298, 50.23246879989258], [84.50693129983696, 50.228412300222665], [84.51249009996792, 50.22071790011147], [84.51578460030551, 50.21506299983561], [84.52162969980567, 50.21108080011079], [84.52787850039799, 50.208451499955075], [84.53339529979785, 50.20536989988128], [84.54136019968806, 50.207396500166894], [84.5477988996398, 50.20479270014849], [84.56264700025743, 50.19839120027923], [84.56966380023049, 50.201253700061606], [84.581168799857, 50.20806879988529], [84.59867060018065, 50.210069600235975], [84.60555690009579, 50.21192779982142], [84.61587059980663, 50.2109803000121], [84.62818690030558, 50.21067890020168], [84.6339276002984, 50.20713850023143], [84.6498239001053, 50.20010860022211], [84.65849379962718, 50.19978409978656], [84.66269910003466, 50.19373730018078], [84.67142630039353, 50.193276099907926], [84.67857719997384, 50.19136089992983], [84.69201169998233, 50.188622700248864], [84.69466969992367, 50.18291849991002], [84.69947109989585, 50.17782790028043], [84.71052070038571, 50.17312350021953], [84.72718040019915, 50.16422779988091], [84.7323640998001, 50.15373139989859], [84.74410320038965, 50.144193699957896], [84.7492686004099, 50.14000289976981], [84.75771729967448, 50.136899799823595], [84.77479270027554, 50.13932269982906], [84.78118010013634, 50.14294970028494], [84.7916943999383, 50.14431599986802], [84.80522559999382, 50.14720040013786], [84.81753939958307, 50.14519849981843], [84.82537450010126, 50.14298460022113], [84.8134243996245, 50.136162100122256], [84.81427129983332, 50.12496820028018], [84.81661479959368, 50.1166971002651], [84.83258130004506, 50.11427540025822], [84.83349999989963, 50.10509999981158], [84.84125139989123, 50.09884720011451], [84.85070000042388, 50.09390000018331], [84.86035969965833, 50.09309840013544], [84.87277999991437, 50.09599100002481], [84.87684510025552, 50.102079900186126], [84.8865853002176, 50.10421510027833], [84.89635780000397, 50.10022580000405], [84.90528350019285, 50.09540810000284], [84.91838919973934, 50.0930631001651], [84.92873879972214, 50.092850699858], [84.9366772999228, 50.095882800181805], [84.94583110032859, 50.09660949979366], [84.95160000023482, 50.091199999727344], [84.96630000010315, 50.07250000008995], [84.97482739987146, 50.06695810005122], [84.98644520004987, 50.06447080016122], [85.00624549992813, 50.05816700028528], [85.02413909956465, 50.06021820028738], [85.02613499981913, 50.05407459976376], [85.03554349955749, 50.05249429977242], [85.03948230036289, 50.04842140018707], [85.03352239976266, 50.041826499844206], [85.03236369970854, 50.03335580021786], [85.03662759991705, 50.02685880001705], [85.03536510043024, 50.01887589976062], [85.04925820027266, 50.01039740007918], [85.03783049977805, 50.00907010025418], [85.0328985997479, 50.00357150012667], [85.02529160034494, 49.99992410008911], [85.0084593997424, 49.995344999750166], [84.99968919972588, 49.9905196000453], [84.98357599989704, 49.983967000017046], [84.9780462997914, 49.97629430018606], [84.98942789964389, 49.974109799719955], [84.99472610030759, 49.97012750008829], [84.97294650014307, 49.95427889978875], [84.98492659985872, 49.94991909974854], [84.9793020996428, 49.94564159979464], [84.98364730007941, 49.93455740003525], [84.98713789994859, 49.92341569984449], [84.98414289972334, 49.913317399720036], [84.99520889985705, 49.90559369989918], [85.0006322996202, 49.90089080009598], [85.01149729991239, 49.89829070024609], [85.01967490020067, 49.89463729977534], [85.03440729960633, 49.888885399875036], [85.0417281999643, 49.886280099747424], [85.05465879989556, 49.886331199987126], [85.06978099986253, 49.875922799840744], [85.0803856001135, 49.86857620006225], [85.08458269980083, 49.86017580028049], [85.10042659997882, 49.852115600092205], [85.1054987000754, 49.843115700243814], [85.1049324003237, 49.83441929972014], [85.10023710036972, 49.82785109972228], [85.10846609956351, 49.82277080003346], [85.1124648997451, 49.81831560012519], [85.12128019968056, 49.81796099987695], [85.12859160035444, 49.812861400211084], [85.13235080008684, 49.808108999951465], [85.13556030003564, 49.80034810003219], [85.14409660031178, 49.79665490023525], [85.13968150016622, 49.79064509978543], [85.14158489999758, 49.78315489971054], [85.14815310018236, 49.773765899966975], [85.15059019990377, 49.76725770021631], [85.15901540013884, 49.76781739993818], [85.16695900007541, 49.76539449985049], [85.1738618002456, 49.75961500004789], [85.18195530025702, 49.75452210006386], [85.19238570010636, 49.7505149002739], [85.19740039965288, 49.747263600059256], [85.20405040042746, 49.74176610000798], [85.19830690038589, 49.73793920024794], [85.20380420005583, 49.7308743999001], [85.20980280007853, 49.72610409987367], [85.21552599999133, 49.71852959986661], [85.21090950025406, 49.7150473000464], [85.20546140041388, 49.70986259976137], [85.20824400027844, 49.70405950009636], [85.20885229986294, 49.696446799709875], [85.21494090029732, 49.68906819986003], [85.2126257001633, 49.68018579987176], [85.20831329991266, 49.672757999937666], [85.2082978003808, 49.66404549975762], [85.2036298002283, 49.65744019998547], [85.20532789998286, 49.64807509989557], [85.20994520011911, 49.641710299948], [85.21571319991341, 49.63789460027543], [85.21322320020154, 49.630498599728256], [85.23452499994119, 49.62588780021468], [85.24980394963707, 49.62693547093169], [85.26467139996593, 49.61978760006963], [85.25919089969008, 49.612601100082045], [85.25498310016935, 49.60399770027756], [85.2586462996423, 49.59921690025657], [85.25751909991199, 49.58852349982431], [85.32126110007239, 49.59084680014094], [85.3884399997126, 49.63480270000978], [85.49020509960005, 49.59812919973838], [85.52387929962819, 49.595679699912324], [85.53254380027516, 49.59848700019435], [85.53944649983407, 49.597306600055326], [85.55328770040929, 49.59441360023744], [85.5667421996109, 49.603082499865415], [85.57395389986463, 49.6041235998272], [85.57962380003666, 49.61035929991882], [85.58991410043095, 49.61438060028678], [85.59912399972798, 49.61255839973507], [85.60722460002332, 49.60926990023107], [85.6216481002438, 49.600869000199815], [85.62284289999582, 49.585879300243406], [85.62723189959083, 49.57778679999779], [85.67867959989188, 49.55086660003774], [85.68187770021974, 49.55691629986285], [85.69392729989396, 49.56412070010983], [85.75688999986731, 49.577150400198214], [85.76178119992684, 49.57310870022018], [85.78060540029881, 49.57499959975009], [85.79001959984767, 49.57247770019009], [85.80145409969066, 49.567014200127666], [85.80991189978738, 49.565880699869844], [85.80564660000371, 49.561631100127634], [85.81600240015864, 49.54699450005511], [85.82622499991982, 49.54425369984493], [85.8410632002047, 49.547650300040694], [85.88373719975446, 49.566906799978334], [85.8887492995766, 49.5622090999922], [85.90044420035926, 49.562105400287095], [85.91726749955558, 49.56516860025871], [85.92792680002078, 49.5587964999602], [85.93821400032901, 49.56210009975291], [85.94975669955303, 49.55602680005597], [85.9468149002539, 49.55015940028756], [85.9413839995581, 49.544945899755106], [85.93250000006306, 49.53969999998985], [85.93782810025264, 49.5278999997828], [85.93934960020553, 49.52023669997485], [85.94443819965893, 49.513289400216294], [85.95025700008085, 49.51045560007149], [85.95347909979982, 49.505082600243455], [85.96018150020322, 49.49856000016018], [85.96315810023648, 49.49093969993062], [85.96899050025353, 49.4871161999947], [85.98646420037684, 49.48894550006303], [85.99902800021131, 49.492861900034924], [86.00909000006435, 49.497680700019075], [86.02450690044512, 49.5037268001845], [86.03283699963433, 49.50807399987145], [86.03326949981609, 49.51678199973853], [86.0371994001137, 49.52184580026885], [86.05796409983994, 49.52310119991111], [86.077293200114, 49.52167599992559], [86.08910589967475, 49.52438320009348], [86.11292249981467, 49.52438320009348], [86.14110340037075, 49.51279289974366], [86.15943939962348, 49.50772929984854], [86.16634469980517, 49.503303800046346], [86.17061469957447, 49.497644000082936], [86.17186830035004, 49.48327769974822], [86.20203749961667, 49.466112799718566], [86.20790179970777, 49.46992390016638], [86.21715850033277, 49.47776270022354], [86.22509479966095, 49.49021020006618], [86.22827019956155, 49.49518949993204], [86.23050100027963, 49.502248100062914], [86.23520720039133, 49.513651700183516], [86.23940520019052, 49.52544179977519], [86.25382919987435, 49.5338980997651], [86.26032399961557, 49.54346110011547], [86.26700419995339, 49.54653939980874], [86.2662445998205, 49.55565660027525], [86.26602100016311, 49.56606360012566], [86.26866170034874, 49.57181789993961], [86.27159999981156, 49.58269999992467], [86.28661190013638, 49.59184680022891], [86.29923160033428, 49.595955600226844], [86.31591480007557, 49.59927970020826], [86.3226746998437, 49.59761439992163], [86.33139979994141, 49.59320330012496], [86.34213509967633, 49.594119900029696], [86.35073339987675, 49.59190680001313], [86.36181829966569, 49.59240010017659], [86.37135080015089, 49.593621900111266], [86.3792064002239, 49.597379700093924], [86.3867759003536, 49.601372399958926], [86.394550800273, 49.60339249999317], [86.40783179975901, 49.60600109985015], [86.41944149982844, 49.60830710015849], [86.42564620032678, 49.62429379974374], [86.42861169987812, 49.6293521002465], [86.4477537996561, 49.637768900233965], [86.456268299617, 49.638315899894394], [86.46909959977674, 49.645526399792196], [86.48845080040336, 49.65790969995185], [86.49276449961796, 49.662006799862915], [86.50607800015085, 49.674649800008055], [86.50891079967009, 49.6842556000726], [86.51355309992064, 49.691055199950696], [86.52373899990923, 49.69745079988932], [86.53416510042166, 49.704533300114576], [86.5451167001039, 49.70850000015399], [86.55421620004576, 49.7125971002189], [86.56430919986086, 49.71458120004961], [86.57019209956994, 49.717614800021224], [86.57683039978794, 49.72208500022452], [86.58047989995278, 49.72733550021768], [86.57842340024756, 49.733919000142684], [86.58317429962939, 49.73764489989224], [86.58986609991248, 49.73974170010945], [86.59502260032323, 49.74268089991461], [86.60240970022952, 49.74404750020385], [86.60337549965267, 49.753376499781936], [86.6092491000019, 49.76376959971044], [86.61058390039437, 49.772040700070484], [86.60441040018249, 49.77823640022469], [86.59994710003213, 49.78482180022355], [86.59627669966385, 49.7893549001334], [86.59589050044846, 49.79762450004033], [86.5902031001964, 49.80096629994967], [86.59479619971879, 49.805948100182555], [86.60119050043761, 49.80312289975654], [86.61004180035805, 49.80462550024912], [86.61527749983752, 49.80070619980716], [86.61990369958323, 49.80434549994631], [86.62824240014127, 49.80548180006008], [86.6364170000565, 49.80796820019517], [86.64337749991573, 49.80627439987832], [86.64880869975049, 49.81003459981083], [86.6554447999944, 49.81268619971036], [86.66414300004095, 49.80867949994014], [86.67621479978082, 49.8075773000525], [86.6850650001633, 49.81092449980591], [86.69383300020574, 49.8097757002658], [86.69974930017536, 49.80643030002913], [86.70537679986604, 49.803950699956616], [86.71082899961714, 49.80121370027838], [86.71329999996075, 49.79548210009616], [86.72170219973131, 49.793642200205596], [86.7316970002112, 49.79040839985406], [86.73834999956212, 49.786933300012635], [86.74651099988223, 49.78659780016033], [86.75096659967407, 49.79065490013176], [86.75916890003938, 49.79060150013779], [86.76642250041294, 49.79145569986061], [86.77458479969694, 49.79357570005421], [86.78284270038844, 49.79379179984179], [86.7780252996244, 49.78247160024159], [86.77629499975843, 49.77421449992903], [86.7737872996422, 49.7678569998216], [86.76973179959649, 49.761938799858974], [86.76447459983903, 49.758140799801666], [86.76458449973093, 49.7502325997704], [86.75874540007844, 49.74641209992958], [86.75299750008861, 49.74239480021473], [86.75801860013152, 49.737125200248364], [86.76149480000666, 49.73037109985557], [86.76633629987485, 49.724935699999904], [86.76866029990535, 49.71798309984758], [86.77067930033738, 49.711077400137256], [86.77514650007441, 49.705638900146795], [86.77892359963714, 49.696016499848895], [86.77301870018678, 49.69321069979819], [86.76772259978424, 49.68913159999873], [86.75901080014262, 49.68831260010938], [86.7525392002919, 49.689999099740895], [86.7445212000869, 49.689370899995474], [86.73627900014993, 49.68695449997337], [86.7317221997515, 49.68197629974324], [86.726898800038, 49.67745439977243], [86.71639570043105, 49.682959099930024], [86.70947329991961, 49.68726059976901], [86.70199060040254, 49.68568180014951], [86.69720469996221, 49.67840720028337], [86.68423749997135, 49.67514819983812], [86.6819147998031, 49.66865910015156], [86.67335749961049, 49.66860210007222], [86.66573349959079, 49.66550239983839], [86.663225099687, 49.656808400289904], [86.6532606999929, 49.65248739979578], [86.65688790037916, 49.645464800080056], [86.635692799834, 49.63192619986818], [86.62170320026884, 49.63099179982198], [86.61554940011105, 49.62852359996736], [86.61135990017108, 49.62396529972161], [86.60857689965798, 49.617099199805025], [86.6007581996819, 49.610914499899856], [86.61023740042636, 49.58453170017272], [86.61824879981064, 49.57037749974024], [86.62955929980507, 49.56568149997862], [86.64389540023663, 49.56280830009368], [86.66590469961933, 49.560271699848904], [86.67554830014564, 49.561461200250946], [86.68239649981462, 49.56905920028683], [86.69661750000706, 49.57025679990374], [86.71043040005758, 49.56808510027957], [86.72138299956477, 49.568220899951356], [86.73389849968129, 49.57145699980063], [86.74240769958197, 49.570196299861344], [86.75227899967662, 49.56764010019055], [86.75935989983506, 49.56451809977115], [86.77718910014727, 49.56347610016115], [86.77471249970614, 49.557548999806244], [86.79023270005638, 49.55277219980421], [86.79837199977425, 49.554116200111146], [86.80443039974705, 49.54915870025865], [86.81299179985061, 49.5477212002432], [86.8238430002234, 49.547281200128545], [86.82736069956974, 49.53873810004595], [86.81484659992677, 49.53232190027831], [86.81860440008393, 49.52730459992242], [86.82481809990476, 49.52303449987286], [86.83438269989, 49.51834949987481], [86.84493220017637, 49.51464080014457], [86.8510494002744, 49.510624399965764], [86.8536391004064, 49.501383000045045], [86.8503834001026, 49.49540790027514], [86.84480860007805, 49.4898092998515], [86.8361266002494, 49.48624299976102], [86.82971960004737, 49.48173990002294], [86.83425779992952, 49.47713340027682], [86.83095280008291, 49.46975289974459], [86.83604580038288, 49.46626749999758], [86.83630739967506, 49.456509399776515], [86.84412069987793, 49.45274550015407], [86.84825430035279, 49.44740890017315], [86.85339209963591, 49.44412199972387], [86.8652646000452, 49.439568699904186], [86.88022439988013, 49.434101100153256], [86.89110010000573, 49.430244700199424], [86.90243189995387, 49.429247200229895], [86.91187849993837, 49.42119359979462], [86.9209213997291, 49.41686890028717], [86.92696419955874, 49.41927569974177], [86.93733779983096, 49.41693310004637], [86.9437998999976, 49.41089959972215], [86.94777219987832, 49.406417499901664], [86.93851819958904, 49.40335480009673], [86.9450731999291, 49.39147939996743], [86.94920009987017, 49.37994160003447], [86.93966670017139, 49.372718699728615], [86.93104300010631, 49.368650499994324], [86.92310049970763, 49.362329200176944], [86.92535300012973, 49.35567190000524], [86.92925279967885, 49.347353100264804], [86.93565349999575, 49.343796700009186], [86.94036769960505, 49.33971890022478], [86.9484331003143, 49.336986700057764], [86.95440300006196, 49.33456199980851], [86.95946100020184, 49.32981399971293], [86.96279799983556, 49.3250370000833], [86.95876800026583, 49.31859900000631], [86.96338199999161, 49.312775999770984], [86.96778800020329, 49.308615000132654], [86.97319500032259, 49.30475499985478], [86.97996900004743, 49.30328399973597], [86.99955700017625, 49.2975459998902], [87.01853319998588, 49.26901660024692], [87.02529089977988, 49.257282299933664], [87.03071570001656, 49.252880400249346], [87.03694009967072, 49.25084740019703], [87.0471750000631, 49.25048499979976], [87.05468799975473, 49.25236000028773], [87.06350000017808, 49.25478500020458], [87.0707769998682, 49.2535349998131], [87.08150200041833, 49.25310299984539], [87.08929899979208, 49.25218800006902], [87.09665500002316, 49.25297999987975], [87.10324100032527, 49.25497699971744], [87.1109609997061, 49.25381700022824], [87.12010000036764, 49.25420999981641], [87.12694299968946, 49.25597799986707], [87.13351599957278, 49.25190499998333], [87.1376690000645, 49.24755399995378], [87.14569700031524, 49.247400999843876], [87.15311999959515, 49.249238000163665], [87.16180099959892, 49.249864000162766], [87.16836500015977, 49.24815899983001], [87.17564299967478, 49.24674599992781], [87.18274399963776, 49.24836900014255], [87.19038600009908, 49.249658000098826], [87.19674700027035, 49.25176399979306], [87.205542000077, 49.251619000192], [87.21341200014395, 49.249551999776536], [87.21973899998004, 49.24704999993892], [87.22772100019998, 49.24602600012068], [87.23475400039094, 49.24364299970921], [87.23994899989977, 49.23916500021372], [87.24746300031461, 49.238103000139105], [87.2533139999496, 49.24026400025953], [87.26009600007035, 49.238179999714426], [87.26539299968645, 49.23479099976814], [87.2721680001345, 49.23254900011251], [87.27890699969927, 49.2342070001955], [87.28674400015427, 49.23374100027835], [87.29566700000738, 49.234111000030886], [87.303656999725, 49.235278999820615], [87.31019899964625, 49.233592000070836], [87.29159290034376, 49.20176900015655], [87.29269470020937, 49.190104200128154], [87.29973889969698, 49.184569100260155], [87.30256200010606, 49.17915399970751], [87.30381200043405, 49.17218099985519], [87.29942799996364, 49.16706199989217], [87.29397599963849, 49.16402100028385], [87.29103999986273, 49.15728600005971], [87.2954050000666, 49.15249800021857], [87.29933000005437, 49.14813500023953], [87.29518099976062, 49.14276299987711], [87.29689200022102, 49.13569400000123], [87.29513700027799, 49.12893900008385], [87.28825999972271, 49.12289000005464], [87.28554499987992, 49.11744899991879], [87.27749999991076, 49.1177319998038], [87.27268899964312, 49.11413899980535], [87.26469899992556, 49.11442199975955], [87.25526499971123, 49.112443000123626], [87.24746400013954, 49.11281099988228], [87.23913799996298, 49.112736000090614], [87.23195499998424, 49.11447500022182], [87.22737200022056, 49.11945800021315], [87.21970399981996, 49.12075800016983], [87.2135460000382, 49.12277699995755], [87.21564199956482, 49.12931599978074], [87.211796999943, 49.133580000214174], [87.20707000023924, 49.13712199975761], [87.2029639996032, 49.14156699995365], [87.19586799966316, 49.14257600009611], [87.1879449998927, 49.14138500028388], [87.18157899969862, 49.13907299988798], [87.17410700001486, 49.13981999979616], [87.16585700000631, 49.13992300028966], [87.15932500013079, 49.142371000131895], [87.1532629997103, 49.14520999973731], [87.15002800018384, 49.150753000040254], [87.14250899974616, 49.15227200018111], [87.13595199975634, 49.15080099971873], [87.12743300013419, 49.15201800015634], [87.1180569996462, 49.15258599972553], [87.10958800025283, 49.151617000063986], [87.10280699995701, 49.14954400010885], [87.10009499958903, 49.14333600008855], [87.095710000192, 49.13896400013159], [87.0882839996407, 49.13717100001603], [87.08385099966489, 49.13273799998594], [87.07690799988566, 49.131348999740105], [87.07171439995196, 49.13474989981086], [87.06223010036996, 49.13171730007546], [87.05633700029085, 49.129262999893655], [87.04861199998882, 49.13052000024246], [87.04134000032164, 49.13217599984722], [87.03550499968185, 49.13452699974389], [87.02926099968641, 49.136431000034996], [87.02266600006182, 49.1383149997302], [87.01405799985292, 49.14037299985522], [87.00652400024491, 49.14094799994926], [87.00005799959332, 49.142606000077045], [86.99189600034661, 49.14183699992445], [86.98535799972505, 49.140048999780646], [86.97976900003086, 49.137491000080715], [86.97363299999051, 49.13504899990239], [86.96568799958048, 49.13390200010489], [86.95830999960808, 49.13324999986448], [86.95246399999596, 49.13102299977344], [86.94455100027126, 49.13088399994352], [86.93633899989749, 49.130946000207615], [86.92838799963963, 49.13126400022945], [86.92215799988799, 49.133066000030134], [86.91541199975222, 49.13438100015933], [86.90751200044632, 49.1354269999095], [86.90011900040538, 49.13458999992298], [86.892548999914, 49.133724000234], [86.88570300021918, 49.131914999729034], [86.88005500007549, 49.1288949999246], [86.87540199999155, 49.12550199997125], [86.87192499971748, 49.120507999907566], [86.86546200033727, 49.1185189999141], [86.86058400012249, 49.11524300018745], [86.85554299970104, 49.111338000107644], [86.85052300009437, 49.10778400010411], [86.8460619996311, 49.10351400027987], [86.84432000010686, 49.097234999846556], [86.8429440002805, 49.09039100004987], [86.84378600017946, 49.08236999971476], [86.84602700036933, 49.07660200018666], [86.84695200010897, 49.06918299986154], [86.84495500031657, 49.06248800022503], [86.83907500036926, 49.059820000018995], [86.83566099984441, 49.05480999989789], [86.8313290001508, 49.05103300010016], [86.82509799967593, 49.049076000293944], [86.81936599986662, 49.046691999927134], [86.812654999891, 49.04378900018794], [86.80696900011245, 49.041276000071655], [86.80108800034021, 49.03903999985001], [86.79362400015407, 49.03835199985207], [86.78926099960007, 49.03379900024648], [86.78445400042874, 49.03052600003049], [86.77867599969034, 49.02753899989631], [86.77059499973618, 49.02700300001834], [86.76474800029912, 49.02441199984023], [86.7606290001426, 49.01993999981261], [86.75549999985765, 49.01677499992607], [86.74916399980076, 49.014536999890296], [86.74718100025206, 49.00834499971604], [86.74128799988597, 49.005785000108666], [86.73751799970894, 49.00101499985211], [86.73309499977881, 48.996501000190015], [86.72851600021309, 48.9926720000845], [86.72979999997793, 48.98537799984476], [86.72667900025432, 48.97964899990737], [86.73031899983668, 48.974948999959565], [86.7288359998802, 48.96812999991807], [86.72728199977863, 48.961473000129104], [86.72629900031271, 48.95431599970649], [86.73028100020188, 48.95025800000248], [86.73107700007007, 48.94193000024812], [86.73309599960376, 48.93495900013836], [86.73546200036533, 48.92785000023755], [86.73779999974126, 48.92135699989943], [86.74050899973624, 48.91595700019347], [86.74421299979105, 48.91109600012168], [86.74755600017085, 48.90640100011251], [86.75170600028949, 48.90149600006088], [86.75523600026702, 48.894907999766055], [86.76280000001222, 48.8927300002524], [86.76954000030021, 48.890405999973325], [86.77619100000135, 48.88762700025484], [86.78031400035583, 48.8832389999901], [86.78316399991782, 48.87720799995838], [86.78717199974622, 48.87310000023555], [86.79368600007835, 48.87110599981331], [86.79953199969046, 48.86839800011718], [86.80450799981452, 48.8641969997162], [86.80943299988502, 48.860312999913276], [86.81487900036234, 48.85728099997301], [86.81740599988419, 48.85138600000412], [86.81851800011982, 48.84378900003455], [86.81733399991415, 48.8366919999349], [86.81551100019902, 48.82987700017951], [86.80952699959633, 48.827736999781486], [86.80443099982165, 48.824741000276696], [86.79878000020317, 48.82186800012885], [86.79330899961148, 48.81819999980323], [86.78726299998281, 48.8150910000067], [86.78077299994017, 48.81218800027212], [86.77402599997949, 48.809913999994286], [86.76724399985874, 48.80828499976046], [86.76164099992087, 48.80468999976742], [86.75913100011753, 48.79905300016447], [86.75734799968707, 48.79253200011174], [86.75384000034917, 48.78783500023298], [86.7510760001026, 48.78208600015086], [86.75318300039812, 48.77586399997709], [86.75740899978648, 48.77166599987916], [86.76052200001249, 48.76606900024732], [86.76431700030389, 48.7611690002033], [86.76822899987286, 48.75633899995425], [86.77151199997819, 48.7515400002783], [86.77355599962623, 48.74555599981133], [86.7763130002001, 48.73829799998753], [86.77711499991607, 48.73095800018778], [86.77332200017283, 48.72604499975093], [86.7711429999073, 48.72012799977256], [86.76633400018775, 48.716326000000166], [86.761715000439, 48.712540000227946], [86.75637500026687, 48.70945900023843], [86.74891000025588, 48.704825000263675], [86.74485399984854, 48.700359999727155], [86.73973100030973, 48.697421000243956], [86.73537399960347, 48.693278000161456], [86.73169800003606, 48.68848199994292], [86.72633600012261, 48.685292000121976], [86.72217299958514, 48.68132099984895], [86.71701800025927, 48.67819800025563], [86.71039000012433, 48.67587399987058], [86.70540899997738, 48.67253000024518], [86.70047499968605, 48.66893700000683], [86.69873599963655, 48.662436000282774], [86.69837199958847, 48.65447000026765], [86.6941799996371, 48.6496619999167], [86.68877000004305, 48.64701099980987], [86.68753499978365, 48.63962400025069], [86.6809850003648, 48.637952000230165], [86.67700900032345, 48.633718999785174], [86.66934400029595, 48.633366999802774], [86.6639070000394, 48.63043599997353], [86.65611599961511, 48.62947899984542], [86.64756600003084, 48.629375000218374], [86.64008900032427, 48.62852800021844], [86.63450200027985, 48.62573400005826], [86.63311300003477, 48.61909799988552], [86.63387499956777, 48.61145900023888], [86.62942700042166, 48.60691400003245], [86.62500799979112, 48.602571999879046], [86.62054300002826, 48.59901699993916], [86.61352800027899, 48.59779499974088], [86.61057900008448, 48.59203200005896], [86.60810799974087, 48.586089999986285], [86.60137699967378, 48.58451799974783], [86.59836599955501, 48.57938199984121], [86.5942589999924, 48.57519000004311], [86.59648299956548, 48.56939600023817], [86.59676200012306, 48.56167500026396], [86.59569599991812, 48.55402499974571], [86.59364499969911, 48.547843999945066], [86.58913800010338, 48.54406099989618], [86.58457000040828, 48.540302000275155], [86.5359073002702, 48.52349329988166], [86.40697720008987, 48.47865399991204], [86.40078660044652, 48.480517299904726], [86.39519150029327, 48.48300290002678], [86.3911467997939, 48.48739759978547], [86.38658169986054, 48.49095650010873], [86.38002099971001, 48.49284779998988], [86.37801469965959, 48.4989160000559], [86.37234450034849, 48.50132949996684], [86.3682139002467, 48.49744789978225], [86.36454460031473, 48.49304689972979], [86.35759230027742, 48.49095650010873], [86.349534999677, 48.49141869991888], [86.34086070020686, 48.491223099771005], [86.3324279002245, 48.49078229982233], [86.32687570001598, 48.49385749982434], [86.32229449957781, 48.48942060011385], [86.31509539999253, 48.48848909987634], [86.30784269973091, 48.48951310024886], [86.30069729963671, 48.490544099748455], [86.29869099958621, 48.48404470018568], [86.29686709975924, 48.47701820016953], [86.29035470022494, 48.474528800242425], [86.28267289990494, 48.47229529995045], [86.28134250035903, 48.46560870002199], [86.27645010015027, 48.46048629987531], [86.27009870027445, 48.45573350025557], [86.26567839978175, 48.4514213997192], [86.25947710030505, 48.45409700028936], [86.25102280004464, 48.452574199917734], [86.24737500039068, 48.44789179973416], [86.24140979973022, 48.44305239978769], [86.23649590014175, 48.437742700062834], [86.23226880031716, 48.43221900007551], [86.22398609983559, 48.43194849978316], [86.1458585999879, 48.435578999939295], [86.0532743002704, 48.43886019983686], [85.96252409985172, 48.43694569988773], [85.93076690014837, 48.43660399974007], [85.91478110029136, 48.43621949984525], [85.9065521001992, 48.43510190026263], [85.90084430010533, 48.43219049995173], [85.89274409956026, 48.430531799899185], [85.88540549969622, 48.42911519999835], [85.8772515996601, 48.42888730027236], [85.86969850007252, 48.4302541998926], [85.86120129986746, 48.43023989980866], [85.85328339983288, 48.429670400210185], [85.84652419985233, 48.42818970023467], [85.83930369970204, 48.42697219978077], [85.8314395000569, 48.425562599788215], [85.82073199958678, 48.418891200198104], [85.80579749990343, 48.41570109977885], [85.79790110014694, 48.41618530020991], [85.7910132003323, 48.41810790018059], [85.78530549995138, 48.414134400100856], [85.7777309000858, 48.41300920017581], [85.77208759992766, 48.40796709978804], [85.765521500004, 48.40473360028381], [85.758258099909, 48.40361529990324], [85.75539400039034, 48.39816670000147], [85.75121999998228, 48.39303000003118], [85.74586629960372, 48.38956749997232], [85.74231499967242, 48.38502179972628], [85.73670389962562, 48.379321300232405], [85.7310282996431, 48.37619289975632], [85.72535280027193, 48.372871800123086], [85.72351810000028, 48.36545210015329], [85.71711299973511, 48.363463399763276], [85.71529979974143, 48.35726849974048], [85.71014999986438, 48.35355409992805], [85.71421619974342, 48.34937600009986], [85.70770380020913, 48.34749350003914], [85.70348740021795, 48.343493199828245], [85.70143820022278, 48.33751699974697], [85.69506520035597, 48.33521329977582], [85.6912993998028, 48.32952149987913], [85.6900548998593, 48.32248070017377], [85.6899368998586, 48.3139406000796], [85.6910419004216, 48.30688340023198], [85.69397630029773, 48.30152739976951], [85.68788760015035, 48.2989972998521], [85.68233009988164, 48.29193090019351], [85.68052759972132, 48.28230760003406], [85.68121429977228, 48.27496759989333], [85.67477700029406, 48.27245399973019], [85.67554950023442, 48.26411259986351], [85.66911219985792, 48.26065569993698], [85.66288940010318, 48.254884100135335], [85.66211699987582, 48.247654399850425], [85.65941329994104, 48.241824200255195], [85.65070150029936, 48.246482699805675], [85.64475249985672, 48.23661039995053], [85.63714020039366, 48.23387809979099], [85.63267699995629, 48.228074900116376], [85.62670900014541, 48.21599579988575], [85.62276360031585, 48.21008930029593], [85.62353610025622, 48.2027388998382], [85.61654090027419, 48.203940200299016], [85.60727120012868, 48.20445509990226], [85.60267920014417, 48.19982129973295], [85.59364559971323, 48.196188400165475], [85.59040539983964, 48.18996610006296], [85.58495519973829, 48.18710499992257], [85.58280940030731, 48.17834910008058], [85.58205839974669, 48.17039309998453], [85.57765960043028, 48.166486199872914], [85.57510609970929, 48.159745000186334], [85.57022669991933, 48.156461599833015], [85.56509750020838, 48.153100399875825], [85.56000970025562, 48.15010790011731], [85.55731809972934, 48.14444389970888], [85.55360219969197, 48.13939660027414], [85.5579553996262, 48.1356001999544], [85.56356350019827, 48.13310109999785], [85.55863329978064, 48.12995990003011], [85.55259249960088, 48.127988699921445], [85.55054710037759, 48.121956400246646], [85.54937150031805, 48.11483039992933], [85.55136989968562, 48.107956499847944], [85.5452288996224, 48.105515299887664], [85.54354779958625, 48.09851940010482], [85.54964779964158, 48.09583020012642], [85.54585650040919, 48.09156319975957], [85.54473670010188, 48.083545200049585], [85.5421209003176, 48.07806389983954], [85.53826059969158, 48.07373029972034], [85.53780479990628, 48.066155399963904], [85.54249669973693, 48.0627141997405], [85.53894870021603, 48.05813619980306], [85.540783800238, 48.05195559974008], [85.53496210005429, 48.04964940002828], [85.53172150043036, 48.0445047000511], [85.5302878000167, 48.037512699761926], [85.5324766000037, 48.03122120000735], [85.52730499981134, 48.02705999975513], [85.53332980009765, 48.022803500283814], [85.53948029984497, 48.020588700007494], [85.54191109968131, 48.014393800134144], [85.5401087001323, 48.00451020022954], [85.53912159985707, 47.996326199827905], [85.53941910031959, 47.987995300206556], [85.54348639973664, 47.983723500143746], [85.54800509988885, 47.978086999961434], [85.54963589965908, 47.96534450011833], [85.55186749987774, 47.951822800090795], [85.55929170020516, 47.90310969996262], [85.56203839979769, 47.88560019996812], [85.57147960000906, 47.823759199720065], [85.57937599976555, 47.771868200110326], [85.58658580008249, 47.71784660002347], [85.59774380027767, 47.64330190012318], [85.60807050040727, 47.58146000002992], [85.61407330005392, 47.541418199805484], [85.61189809966204, 47.535559500110786], [85.60888060023213, 47.53043560019686], [85.60779230024859, 47.52346170014068], [85.60948250021862, 47.51707809979611], [85.60824099974987, 47.51028899991524], [85.6100331998271, 47.503623300098305], [85.6126019997557, 47.49812740020545], [85.61538130010823, 47.492904400110184], [85.62030229998068, 47.48973479984533], [85.62456960031251, 47.48585960007645], [85.62772410000971, 47.480909800140736], [85.63168639984467, 47.47682679978434], [85.63524519981026, 47.472290300194146], [85.63920219958507, 47.46808730018141], [85.64170100009177, 47.46258449995841], [85.64618669973379, 47.45898660010985], [85.65001360009923, 47.45472599981852], [85.65571249968527, 47.45205899985474], [85.66233440025944, 47.45043620028784], [85.66751170026227, 47.44737000001836], [85.67237000042287, 47.44374449971614], [85.67494630038574, 47.438315500298884], [85.67941269972387, 47.434718899720984], [85.68295929966955, 47.43021610006537], [85.68506669971539, 47.423884000118946], [85.6855254998737, 47.41620010009683], [85.68535040025856, 47.40836390015986], [85.68510280031175, 47.40046129977289], [85.68741490035967, 47.39435709976641], [85.6917184001025, 47.39041420018334], [85.69531669988937, 47.385947899996665], [85.70061019966921, 47.383060299871396], [85.7009246998501, 47.37527279984519], [85.6975330000022, 47.370161200283334], [85.69362909964381, 47.365738400008], [85.68781979980432, 47.363535899905166], [85.68850679989255, 47.35598229986681], [85.6868219996957, 47.349533100261894], [85.68605319991597, 47.34197639986507], [85.68585910003429, 47.33412199997561], [85.68298579997044, 47.32886439999788], [85.67802570002686, 47.325628900169185], [85.6731370996917, 47.32234910003522], [85.6741839999171, 47.31477529998917], [85.67833490014766, 47.310269699916915], [85.68483800032217, 47.308527200261445], [85.6867073998183, 47.302069000189476], [85.69096500014167, 47.298209700071006], [85.6945504001211, 47.29371030007448], [85.69808199999818, 47.28912920023563], [85.69706699984688, 47.28183859987878], [85.69435419997819, 47.27601340026396], [85.69261040023017, 47.26945119990002], [85.68982699996674, 47.26403939977548], [85.68578140025373, 47.259881300195055], [85.68273470018728, 47.25463980003645], [85.68076000017352, 47.24831069997026], [85.6860203997301, 47.24556340021348], [85.68893879971264, 47.24043390001741], [85.68595019998384, 47.235242899950016], [85.68502370005771, 47.227865500024606], [85.68204390022535, 47.22264960020006], [85.67751219965427, 47.21900420015517], [85.67133940012832, 47.21681610030279], [85.66452299992206, 47.21542970018078], [85.65868409969565, 47.21260470024532], [85.65370600020877, 47.20717799995656], [85.64883380041572, 47.203085700288106], [85.64703980011465, 47.196655500092255], [85.64352929986701, 47.19209399995278], [85.64084050028782, 47.18653409989255], [85.63610830023691, 47.182241799869566], [85.63053559957524, 47.17943300020651], [85.62750919963757, 47.174024899844916], [85.62239140044586, 47.17046950020307], [85.61723520007246, 47.16727940026364], [85.61259829959505, 47.16359100024771], [85.6084005998331, 47.15937100018815], [85.60216699963381, 47.15672950013168], [85.59733600017297, 47.153404799808385], [85.59222679965522, 47.149996600127295], [85.58725579955396, 47.14695440015995], [85.58218910012891, 47.14307660025901], [85.57822650025666, 47.13884660008113], [85.57607280014274, 47.132679699761226], [85.57433889982913, 47.12583019994664], [85.56478480025126, 47.121074300291035], [85.55826169998528, 47.11640180006582], [85.54813370001, 47.106120799947625], [85.5414389002522, 47.09326689987507], [85.54092389969308, 47.08415040014643], [85.53508739976508, 47.07456470018986], [85.53294179976008, 47.06752030002969], [85.53611749969805, 47.06205379985007], [85.53697580042613, 47.051864699738566], [85.53058999956649, 47.05021609971385], [85.52418890039759, 47.052509300107495], [85.51716829965258, 47.05416230011334], [85.51031829975973, 47.05554139974462], [85.50217849968033, 47.055848900200964], [85.49596139973609, 47.05295209972329], [85.48801050008962, 47.05262459988102], [85.48023340019604, 47.05336789992651], [85.47503739996394, 47.057337699916886], [85.46757879955099, 47.05986239998059], [85.46273219994698, 47.0635169000456], [85.45482689968259, 47.0608022001043], [85.44724669971949, 47.06021979974489], [85.43831959995535, 47.06050619992984], [85.43267460018474, 47.05757179972155], [85.4255999001983, 47.059071500123814], [85.41761880009025, 47.060479199838404], [85.41141170019179, 47.05860769991999], [85.40791430007593, 47.053192599904], [85.4019500004257, 47.05054920009447], [85.3948748000777, 47.04849210009802], [85.3869825002321, 47.047764400065425], [85.37967639961843, 47.04666949997019], [85.37331580009578, 47.04925140009604], [85.3678261998861, 47.05201739979538], [85.35963229966701, 47.05248670026014], [85.35146000033724, 47.05229230017036], [85.34570819986244, 47.05484280015797], [85.34075580027749, 47.05166349987801], [85.3362004003526, 47.04693040015899], [85.32915760044023, 47.04595680023053], [85.32383749974827, 47.042941299737514], [85.31770619969349, 47.045257300132455], [85.31288840007744, 47.048710299893045], [85.3069612996632, 47.05085749992849], [85.30409960044295, 47.056239999971325], [85.30047969976673, 47.06155379977636], [85.29483409992142, 47.06412240024609], [85.28583099998934, 47.06401579984231], [85.27785830002755, 47.06520740005803], [85.273746400155, 47.06113130014971], [85.27159429994062, 47.05486839974152], [85.26575240023948, 47.05146140014341], [85.25780019983237, 47.05131480013022], [85.25122219992616, 47.05287509987398], [85.24341079966008, 47.05318890012606], [85.23769370020644, 47.05072329997217], [85.23022699968452, 47.0496962998743], [85.22429339995917, 47.05216980012194], [85.21612130005539, 47.0521179000006], [85.2130789999372, 47.0468640001295], [85.21126390000668, 47.040642000170656], [85.20859749991915, 47.03525329982052], [85.20430490033394, 47.031361399864906], [85.20119639976922, 47.0263191996972], [85.19855730038142, 47.02085459984233], [85.19430669973075, 47.016845699802424], [85.19201200004986, 47.01095729993738], [85.18778659983776, 47.00668439998207], [85.18203420018673, 47.004169499929255], [85.1756053996694, 47.00214709974373], [85.1786116998026, 46.99673710021863], [85.17540050024131, 46.991899299808516], [85.16973840014089, 46.98914840029828], [85.16382279995882, 46.98674209979332], [85.15538990026346, 46.986274099970025], [85.14549929986498, 46.98928560021413], [85.14019610007675, 46.985487799786924], [85.13476210019327, 46.981727400146205], [85.12770009969002, 46.980085900026495], [85.12543350020952, 46.973754400051504], [85.12013260010845, 46.97081379983556], [85.11175270011653, 46.9708728001392], [85.10731000013224, 46.967313900212496], [85.10120569984166, 46.96539339992337], [85.0956678996271, 46.9628046998088], [85.09102489958893, 46.95847779975388], [85.08327420028326, 46.95793419991806], [85.08122609982597, 46.95183209986337], [85.08408360032054, 46.946534300280995], [85.0821716000187, 46.94025950008281], [85.07766960044586, 46.936650300222965], [85.07507439992936, 46.931206999841066], [85.06926359990332, 46.92878989987132], [85.06397959980765, 46.9257028998045], [85.0574008004008, 46.927558000130965], [85.04998100002165, 46.92842070026979], [85.04479680005907, 46.925445499946775], [85.03759599996302, 46.92322850000136], [85.02894060014813, 46.92306499971351], [85.0213047998589, 46.923688100195626], [85.01306519964635, 46.92380749981707], [85.00680410021958, 46.926122299694654], [85.00232929983689, 46.922344300036755], [84.99541109984771, 46.92101110030185], [84.9888926995673, 46.91874770013084], [84.98364809958001, 46.91577809994407], [84.98115619993136, 46.909697799924096], [84.97913679974909, 46.90360419987522], [84.97864330036624, 46.89581340025079], [84.97630879992838, 46.889994800068116], [84.97666990021472, 46.88200500019535], [84.97911579983263, 46.8748578001643], [84.97334620013882, 46.87222229983026], [84.96512759984263, 46.87228539992425], [84.9616520997551, 46.86620530028149], [84.95453720015976, 46.86432470026466], [84.94685099989148, 46.86337589969926], [84.94001000021953, 46.86504880022929], [84.93550660017316, 46.869363599840895], [84.93096850000398, 46.873339799807994], [84.92336309960223, 46.875693100118816], [84.91830349956287, 46.87902440000093], [84.91439680005408, 46.883572300221154], [84.91311949992462, 46.891052000037384], [84.90853979967304, 46.894538799854445], [84.90356700024623, 46.89913599986009], [84.8958636996482, 46.90088310027901], [84.89124099973888, 46.90603329975117], [84.88387329984955, 46.909219200172274], [84.87768159976999, 46.91147839973335], [84.87395259960083, 46.91593279994471], [84.87026030010257, 46.920411199970914], [84.86552120009199, 46.923911799797445], [84.86061509967674, 46.92736840020637], [84.85861230036089, 46.934222800303836], [84.86049320008934, 46.94186689986646], [84.85623010027977, 46.94710669974195], [84.85068139990753, 46.94960910019998], [84.84685559997833, 46.954057599704], [84.84067280040661, 46.956078799848086], [84.83372430024295, 46.957358900222545], [84.82751290010914, 46.95982879984729], [84.8191220999596, 46.95962709975701], [84.81123190037516, 46.96018169990956], [84.80611040012451, 46.96308479997763], [84.80009909972028, 46.965616300013124], [84.79427609967438, 46.968293299857905], [84.78805899973015, 46.972240699986045], [84.78263270020534, 46.97509570021193], [84.78064740007119, 46.981884699994076], [84.77649130039174, 46.985992299964124], [84.774339999678, 46.99184949975687], [84.76918649964031, 46.994726299743945], [84.76390940040265, 46.997965399700874], [84.75918350023689, 47.00465079995686], [84.74987629991985, 47.00492159987989], [84.74152920011387, 47.00506060013964], [84.72280739959943, 47.00562390018897], [84.71513630001111, 47.00672139998496], [84.70973969968782, 47.009494099960996], [84.7019719997654, 47.007518799838685], [84.69270229961997, 47.00396309991478], [84.68304629964781, 47.00318759997356], [84.67171669967377, 47.00081689986248], [84.66281170026228, 47.00157790015], [84.65560199965832, 46.999704700072044], [84.64815609962686, 46.998460799793804], [84.64079619980912, 46.99717300009534], [84.63377950044742, 46.995694799856835], [84.62629080018424, 46.99748030026727], [84.61833000020498, 46.9972168999655], [84.6101974998355, 46.99837300022323], [84.60217240024485, 46.99786079979567], [84.59494780018363, 46.99871439991326], [84.58514570001033, 46.999155899907215], [84.57708829969692, 46.99868030023324], [84.566520400117, 46.99597290010711], [84.55962179957064, 46.99392389970749], [84.55265879969998, 46.992321299982564], [84.54775569965783, 46.98801069978157], [84.54255220028973, 46.98380960029107], [84.53416230025202, 46.983795000103896], [84.526823700388, 46.982440899979345], [84.52013970017651, 46.980406100170114], [84.51363799957733, 46.97783679996845], [84.50659989965052, 46.97562609970953], [84.4989823998402, 46.97985709997429], [84.49479819996044, 46.98451230006138], [84.48850039986264, 46.98679219997391], [84.48430540043645, 46.992577399786235], [84.473930600015, 46.99089419975559], [84.4666242002623, 46.99235790001199], [84.46025130010848, 46.99451669981325], [84.45870639994072, 47.00283640003929], [84.45467229956172, 47.00727009977262], [84.44632530036706, 47.007840700286266], [84.43600409972366, 47.008982000023856], [84.42823650041254, 47.00773829981845], [84.42121980015247, 47.00653850023258], [84.41463229966381, 47.00395580012379], [84.40711140018759, 47.00473129994029], [84.39933300043182, 47.0029388001023], [84.3910289002836, 47.00064129974337], [84.38532110018966, 46.998299799801174], [84.37916280037074, 46.99598750003158], [84.37208169988793, 46.997363200133634], [84.36424970035412, 46.99834369997094], [84.35721160042733, 46.99952909997346], [84.35004470005512, 46.99789009970015], [84.34126850019076, 46.999236400206016], [84.33279269965236, 47.0020169002465], [84.32610319995476, 47.000450099898], [84.32006829990972, 46.99769979983318], [84.31367400008916, 46.99988030020616], [84.3056487998872, 46.99821199996605], [84.30026290029564, 46.99551920005934], [84.29404020025392, 46.99791929972277], [84.28891180004356, 47.0017535002539], [84.28365469999912, 46.99882669993463], [84.27781820007111, 47.00107299999929], [84.26899910026208, 47.000729099875095], [84.26054480000167, 47.00292420023928], [84.25303460035877, 46.999777899794786], [84.24258469988129, 46.999236400206016], [84.23367969957143, 47.00143150002272], [84.2273619002805, 46.99946690014345], [84.22005090025525, 46.99847420004911], [84.21422739984772, 47.00081970024068], [84.20668319986969, 47.00019780008982], [84.19991429988076, 47.0015390997352], [84.19440079999299, 46.998992200173625], [84.18711320018255, 46.99816389983125], [84.17944940030414, 46.99735630013347], [84.17598540044887, 46.99261669996], [84.17014759976038, 46.9949035000894], [84.16535110009802, 46.991661799701504], [84.15997370036564, 46.989015900018444], [84.1581481997408, 46.98271290027376], [84.1523949996908, 46.98045260014034], [84.14717539981785, 46.97744740002893], [84.14206289978804, 46.97362050024875], [84.13507389997805, 46.97227359979575], [84.12919029958313, 46.969976000269796], [84.12314809982807, 46.967759400243246], [84.11524859998545, 46.966941700019085], [84.10815660024336, 46.96887379981207], [84.10020710017206, 46.96925309983729], [84.09255229961619, 46.96856519986753], [84.0844186997089, 46.96885250028842], [84.07683490019645, 46.969959800068786], [84.06800509965568, 46.97178270014411], [84.06034469990075, 46.97265030004008], [84.05505539974487, 46.968700500178244], [84.04765419988193, 46.97024950021299], [84.04207349972265, 46.97358369982583], [84.0353414001177, 46.97598229974833], [84.02895300043195, 46.97800920029111], [84.02311560039203, 46.98132100012552], [84.01805160040438, 46.98436589975199], [84.0111304997552, 46.98288399973658], [84.00754629992498, 46.989266199836486], [83.99806450035442, 46.99142329976004], [83.99118219973892, 46.99388980003394], [83.98322470017, 46.99316440004055], [83.97602700016, 46.989787900256204], [83.97143579967603, 46.98586550020103], [83.96508650006139, 46.98398369973948], [83.95790940021745, 46.98710080014269], [83.95254139955787, 46.99109119978912], [83.94444390024687, 46.99017669988702], [83.9385724001587, 46.98683969999536], [83.93285629963162, 46.98434700010853], [83.92286930012172, 46.98077049982537], [83.91931230037999, 46.97555699989044], [83.91118549982106, 46.97427780015592], [83.90318869985677, 46.97480619977975], [83.90252049971079, 46.98274969992972], [83.89690159959234, 46.98515640015779], [83.89195220038047, 46.98836690004261], [83.88576360038694, 46.985353100223236], [83.87830340007453, 46.986578700298054], [83.87097029969662, 46.98783679973611], [83.86972709961537, 46.99535500024726], [83.86237499986929, 46.99615539979521], [83.85421799974705, 46.996386800200334], [83.84696769978389, 46.99549249977162], [83.84000550031213, 46.99677819985707], [83.83529050030391, 47.00007240023367], [83.83360959969374, 47.007366600299044], [83.82776070031991, 47.01073410005073], [83.82123510004246, 47.01221110019845], [83.81485700043979, 47.013991200203286], [83.80897599976927, 47.01627900011074], [83.80085999965497, 47.01702669994917], [83.79226740016335, 47.01787799972044], [83.78671939957873, 47.021568299965246], [83.78012359955515, 47.02445479987568], [83.77302009958073, 47.02582559985922], [83.76555499985668, 47.02677690008127], [83.75881779961753, 47.02429900009411], [83.75317900001892, 47.02738309973818], [83.74820640001819, 47.032245899719115], [83.74023550028016, 47.033073699744335], [83.73375499992159, 47.02864339988902], [83.727729700172, 47.02654369997406], [83.71874570021949, 47.0258113001817], [83.71200009983413, 47.02388759979811], [83.70752609985034, 47.01784979970505], [83.69869709970857, 47.017599299989236], [83.70083759997769, 47.02424350028103], [83.69906419984265, 47.03092989970612], [83.69563650000968, 47.03577190020953], [83.68792110000307, 47.03530720002395], [83.67959359963997, 47.035355799976735], [83.67339860004843, 47.03781459981805], [83.66605039988896, 47.03870439971846], [83.65864950006332, 47.0400616998259], [83.64808550007, 47.04302329993965], [83.64014090030858, 47.043180000026894], [83.62678199981949, 47.04573549977717], [83.61996579993755, 47.048642699931364], [83.61221419962165, 47.04832219986794], [83.60686580020158, 47.051344499765015], [83.60202129996034, 47.05516610018413], [83.59309540034553, 47.05790040013109], [83.5850221995646, 47.059813400096715], [83.57415000017369, 47.060380100248885], [83.56937939983933, 47.05627879981061], [83.56269689981441, 47.05792470022662], [83.56015599976192, 47.0635050997626], [83.56426300022287, 47.06989339971362], [83.56557709983794, 47.07706839987673], [83.55638540040856, 47.0799158000019], [83.54830950019027, 47.08147749984106], [83.5393715002685, 47.08336620022837], [83.53133389972231, 47.084203499794], [83.52469959970227, 47.085595899867116], [83.52049159985731, 47.092911599867904], [83.51520300038742, 47.096710899711645], [83.51065779993421, 47.10230799997913], [83.50743079990544, 47.10849459985946], [83.50013220022434, 47.10753350016289], [83.4938648997271, 47.1099606998857], [83.48630210013111, 47.10916350018557], [83.48260340013644, 47.11470539991117], [83.47601459978559, 47.117890800290304], [83.46761779978814, 47.11829310029959], [83.46310610020691, 47.12183749983976], [83.46780589982217, 47.1266133002762], [83.46144489965091, 47.12833549992548], [83.45678999963017, 47.132059900180735], [83.44923609964374, 47.131404000001815], [83.44335889974518, 47.12651449970183], [83.43259369958602, 47.124046899942364], [83.42796779987759, 47.120110299890634], [83.42482339993911, 47.11499990023249], [83.41708589957994, 47.11550850023952], [83.41372820006714, 47.120513199886254], [83.40874170043406, 47.12423220003233], [83.40394839967243, 47.1315330001383], [83.39821799976261, 47.135334400138], [83.39281640031484, 47.13841970021893], [83.38806519999734, 47.14184400023833], [83.38730210002812, 47.14912740018696], [83.38065659981311, 47.15419629993067], [83.37527850029312, 47.15758679996621], [83.36964789961812, 47.1602114002701], [83.36453249982657, 47.163866500111055], [83.36216920029901, 47.16952530008049], [83.36521090034262, 47.175668299996374], [83.35857609996097, 47.17737549987935], [83.35335159977815, 47.174090299943835], [83.34635929955783, 47.172666999874785], [83.33882729959966, 47.17204610009151], [83.3310657001363, 47.17072779975494], [83.31992670020773, 47.171237600017406], [83.31458290016185, 47.1740457999908], [83.30837180006552, 47.176695799907755], [83.3019178000078, 47.178243400011546], [83.29554980016385, 47.18116999999719], [83.28738659986958, 47.18130429999429], [83.28382099965735, 47.17656950022516], [83.27613920023566, 47.175612800202714], [83.2667042999094, 47.175783700227676], [83.25746040027724, 47.17631230012125], [83.24967539970072, 47.17690600011879], [83.24222750001945, 47.178404299698], [83.2359785997142, 47.18118229991011], [83.23810949968787, 47.187187600085835], [83.23199009961567, 47.189294400091384], [83.22427519997066, 47.18872180014305], [83.21716389992467, 47.1902137000901], [83.2120137002973, 47.1946384998376], [83.2071431004038, 47.19833660009586], [83.20833799986889, 47.206842000136504], [83.20551240034666, 47.21292039991456], [83.20045940022966, 47.21632890011081], [83.31756320035583, 47.39463259984413], [83.02642549958983, 47.59320060023333], [83.11706270003059, 47.91634390013072], [83.37249479999238, 48.011977000166034], [83.42997389960378, 48.23461399979983], [83.4603880999911, 48.2378226998026], [83.4695720002472, 48.24039520029114], [83.46609590008497, 48.251340800029254], [83.4724044000161, 48.25734140007879], [83.47937320030856, 48.25869019973625], [83.48862640019891, 48.260855700226564], [83.49236010035365, 48.269140500139635], [83.48630900009081, 48.27688120019452], [83.47729680022488, 48.27996580021618], [83.48272409957467, 48.28863209989965], [83.51813749997659, 48.31755140021621], [83.55796170028877, 48.3379707000838], [83.59609849978132, 48.34828950015411], [83.61968960032708, 48.36788290018676], [83.61556970005863, 48.39091430007831], [83.55892149986417, 48.41712539986044], [83.48579370039269, 48.43785680004734], [83.43772820025546, 48.470645500210445], [83.42330859962166, 48.50386780015765], [83.42330859962166, 48.54070540028184], [83.23516569984056, 48.56206940021497], [83.07037080031961, 48.77429460015392], [83.11431610015107, 48.93693679974924], [82.91930879958491, 48.96399239994249], [82.81493870035789, 48.922952199753624], [82.71606170027852, 49.104894999817844], [82.80494209965416, 49.195573199966624], [82.80202389999583, 49.20296240024619], [82.797549999725, 49.2093269999461], [82.80237789999815, 49.213034700172685], [82.79642340006939, 49.21787039976991], [82.79369829956951, 49.22379180012921], [82.78717509959061, 49.22861240027542], [82.7800940997191, 49.23096649981896], [82.77292720024525, 49.22934110026562], [82.76794909986, 49.233404499761676], [82.76078220038609, 49.235842500214794], [82.74719949991535, 49.23232559982651], [82.74159899998891, 49.228752499803406], [82.73396009961363, 49.226342299966376], [82.72773739957191, 49.23105060027773], [82.72082800037762, 49.23318040003053], [82.71558649957801, 49.236576400020525], [82.70542140007986, 49.239597200150904], [82.69181720022942, 49.24018559985075], [82.67915710009817, 49.23575850000269], [82.67293449976951, 49.23189130017203], [82.66734480028768, 49.226853700246856], [82.66535999961691, 49.22074709982434], [82.66170140041656, 49.215428100169326], [82.65774249980659, 49.211356100287624], [82.64975490038748, 49.21099869991875], [82.64235730007384, 49.2134692999605], [82.63586639991927, 49.21087600000053], [82.6316606997614, 49.21714860006418], [82.62666109999651, 49.22105890024831], [82.6326477003237, 49.226937800080336], [82.63100619982185, 49.233544599778384], [82.62305620028724, 49.237565700106], [82.60914090037915, 49.24168459997154], [82.59862659967892, 49.24499059971595], [82.609290900167, 49.25413719993996], [82.52380349960322, 49.329037899900555], [82.40421270013826, 49.33784800021988], [82.37432189955803, 49.29639059987862], [82.33222169979419, 49.35374500024654], [82.26032180029806, 49.369555400091706], [82.25599599987831, 49.391312000126966], [82.23467239982331, 49.40316119971144], [82.20842809993314, 49.38631159986183], [82.18554790005216, 49.394183700221376], [82.17769630017712, 49.37438259987748], [82.08786870009791, 49.409731999897346], [82.02256690031248, 49.45795849998112], [82.05793000044837, 49.49871399995076], [82.01673230032131, 49.509425900286494], [81.97878929977487, 49.5617366001335], [81.89186759962111, 49.57110619976587], [81.89950499980989, 49.590980200201344], [81.86142749990586, 49.609543799808336], [81.7869042996928, 49.616859799710696], [81.79440260025143, 49.65361320016064], [81.75169389968049, 49.69388550018714], [81.71679579987499, 49.68659679983085], [81.74388790008591, 49.741428299715956], [81.68887410010925, 49.783539800090956], [81.73297080020214, 49.797877899756486], [81.7081829002546, 49.86909179995028], [81.6196749998879, 49.87406260017106], [81.59197890032769, 49.90350439994883], [81.53866540007982, 49.91569550021514], [81.51725750032199, 49.92730769971875], [81.32570310002741, 49.964099300004136], [81.32721499968488, 50.02917610004267], [81.35507839968693, 50.05407410027556], [81.37216619973388, 50.11816559980318], [81.14691010018377, 50.17710900025467], [81.13771610016896, 50.21575500021283], [81.2357408999793, 50.25086289988613], [81.3323374997604, 50.223830099891586], [81.36519580044018, 50.22315999991861], [81.4023137999078, 50.234482800274286], [81.33302350002377, 50.31601429989617], [81.47407470038505, 50.32481410000703], [81.59130889995785, 50.286777599880764], [81.61193119964359, 50.275019900030685], [81.6269687998704, 50.26882590028187], [81.6480629001332, 50.28652509984511], [81.67475489969972, 50.304442999880905], [81.68249110019671, 50.31521590013826], [81.67957289964004, 50.33034060018327], [81.68872790019513, 50.36053049987541], [81.68832760012474, 50.399108200266525], [81.72163000003313, 50.40094090015878], [81.71484940038593, 50.40446959991185], [81.70480720030012, 50.40359429976359], [81.69725409981417, 50.4046336998207], [81.6900441997843, 50.40753299993666], [81.68287200025024, 50.41449309987274], [81.67802789975933, 50.42700290014122], [81.669273200173, 50.43028349972543], [81.66025959983354, 50.43124860027728], [81.66498170012574, 50.44569950023404], [81.6761397003209, 50.46274969997673], [81.68832760012474, 50.46253109977605], [81.68987239968118, 50.48143240017923], [81.6989705997608, 50.48285219988684], [81.73359419956827, 50.504335799882156], [81.70995700017716, 50.53285290000959], [81.69816920011941, 50.538726300199286], [81.67837119992834, 50.54998079992075], [81.68464020003806, 50.5605461001216], [81.6787576003663, 50.56494879994959], [81.65451030026847, 50.55587040008663], [81.6378592000273, 50.56688430006566], [81.63013440004958, 50.57909460021769], [81.63554170020616, 50.58465370004566], [81.66455250035428, 50.584490199765604], [81.66412319997166, 50.647936900264455], [81.63408259992781, 50.673726600179364], [81.63404109955832, 50.69594050008678], [81.58496990042622, 50.70432530019754], [81.59082860041988, 50.743502699981285], [81.65341140016457, 50.751881399829216], [81.7278273002102, 50.76012640024226], [81.74146319981035, 50.77083530025528], [81.75543229982074, 50.78180340025606], [81.77585710039969, 50.82091899990855], [81.78957349982913, 50.8165708998563], [81.78801750007773, 50.80670639997849], [81.7900160000566, 50.79539029975365], [81.79677950027236, 50.7719818002549], [81.88541539978728, 50.80430699983847], [81.90640279995726, 50.79543740019889], [81.92781390041245, 50.793285400251655], [81.9650382999356, 50.78953150015487], [81.98198930003952, 50.7847499002662], [81.99192940030508, 50.78475190000701], [81.99717910002828, 50.78793889996999], [82.01257350030608, 50.7857507998952], [82.02629419997079, 50.779163399776046], [82.03597209997129, 50.769114000242354], [82.04814399988159, 50.76937190010291], [82.0629189003799, 50.76579950020399], [82.06113210007585, 50.7573664001808], [82.07838200021746, 50.750837699721], [82.14723479989686, 50.74732689995916], [82.15237750038823, 50.74377119982138], [82.15893210007964, 50.7469534002558], [82.16639080020558, 50.74584500026341], [82.17530460041183, 50.74527189992054], [82.17239169991535, 50.73863579989878], [82.17270210018539, 50.73006429983895], [82.17976039962964, 50.73178789999338], [82.18551120027955, 50.737032099942134], [82.19162540000455, 50.73501500023837], [82.20417910008031, 50.73663419977035], [82.21190589970779, 50.73692259994314], [82.21582899975877, 50.741254099758294], [82.22243669976493, 50.736917100006515], [82.22902140020489, 50.73940370022772], [82.23411649986764, 50.74284759972724], [82.24122809995093, 50.747580800162176], [82.24914190007456, 50.7488949002584], [82.25350579984213, 50.75407430022766], [82.2570166998401, 50.7611348002734], [82.26358909964881, 50.76427310013273], [82.27038000027738, 50.76979110017101], [82.29585819982529, 50.769384400177444], [82.30516389995579, 50.755787500092644], [82.31673639989106, 50.75295859979749], [82.32133170028597, 50.76124869973168], [82.32643909968154, 50.764418500012795], [82.33191330007233, 50.767395799825465], [82.33746229958359, 50.770224500134916], [82.34353289957629, 50.772999500058575], [82.35077499971754, 50.77562609980686], [82.35584450008967, 50.782858700098004], [82.36659579971804, 50.77789319995973], [82.3745185003495, 50.77985309973541], [82.3807238997371, 50.775719800258344], [82.40829230018639, 50.76384080018466], [82.47182340017258, 50.75612500004592], [82.48066300043476, 50.75189850022124], [82.48277390031697, 50.745760099941045], [82.5022682995864, 50.74177979979234], [82.53680699961645, 50.747054899811076], [82.56746960034945, 50.7468424001234], [82.60330939957574, 50.77377699973713], [82.62344289986427, 50.77797550006993], [82.63042200023978, 50.77909169979222], [82.63761090035327, 50.787697199924075], [82.6470532001025, 50.79433490004869], [82.654419000055, 50.79544929993861], [82.66334799975594, 50.7928821997725], [82.6731738001814, 50.79700659977551], [82.68021609973215, 50.80058610001481], [82.67496959980801, 50.805978099908714], [82.68204079995805, 50.8082264000169], [82.6886775999895, 50.81076479973959], [82.69682270012912, 50.80985450011963], [82.7039387001607, 50.81634350005648], [82.7099724000565, 50.82250689998201], [82.70647420044, 50.83189819973674], [82.73919390005459, 50.85043190007255], [82.73068329968036, 50.85729899993024], [82.7290810995739, 50.866910700278986], [82.72539259994932, 50.87682760006386], [82.7174511002739, 50.89399779977754], [82.72790569983873, 50.90452750018398], [82.73324850005962, 50.91259050023762], [82.72880080005243, 50.922858400053634], [82.73281729974006, 50.92727160014572], [82.77135179957861, 50.92712870001187], [82.77803079976722, 50.92340159978636], [82.7830155997878, 50.919809200253276], [82.79421119986753, 50.91806520009407], [82.83799320035341, 50.918032299946496], [82.84781209992084, 50.90966000017928], [82.86130510001722, 50.905969999767656], [82.86831720000468, 50.901087499818765], [82.87483489959916, 50.8980668999093], [82.8854664996143, 50.89796729976371], [82.88680609970535, 50.90513200010794], [82.8958682998, 50.90482690028145], [82.90613119978147, 50.90716870027523], [82.91494950008988, 50.904414499895324], [82.92323899991982, 50.90076349989635], [82.93097579959313, 50.89815769990644], [82.94226529967115, 50.89473859973167], [82.96178740028911, 50.89329289976003], [82.97153800004722, 50.88925509994563], [82.9759756002956, 50.885636599981666], [82.98431670025376, 50.88894009987919], [82.98935619959035, 50.89715669980031], [82.99608149984701, 50.91335749982429], [83.0059934999122, 50.92519950014316], [83.02903079986497, 50.92896530003309], [83.03888519995414, 50.930091200116856], [83.0473288003812, 50.93323330024296], [83.058964600103, 50.93461230027313], [83.07285390007178, 50.941296600102426], [83.08029320018088, 50.945581600238114], [83.08862629974313, 50.948860499864765], [83.09239379990875, 50.955337099849096], [83.10049760000311, 50.95811659996485], [83.10587429994793, 50.96256899993719], [83.112478899868, 50.96595310003573], [83.11477599984735, 50.97835319991319], [83.11863659961234, 50.98375439981533], [83.12021119988003, 50.99449429981106], [83.12203409988216, 51.00479710023048], [83.13978449997758, 51.0116659002012], [83.14629549993663, 51.0100764999346], [83.16092900021938, 51.012393100072046], [83.17504289967044, 51.011570099949864], [83.17961989958637, 51.00379749992124], [83.18763620017883, 50.99996779980235], [83.20204540011835, 50.993337800034844], [83.22567950032173, 51.00118140009992], [83.25802179971913, 51.003419800225515], [83.26837490043657, 51.00602500007176], [83.27714480041587, 51.013342999900374], [83.28443640042421, 51.015036399898996]]]}, "properties": {"ADM0_EN": "KAZ", "ADM0_PCODE": "Kazakhstan", "ADM1_EN": "East Kazakhstan Region", "ADM1_PCODE": "KAZ008"}}, {"type": "Feature", "geometry": {"type": "Polygon", "coordinates": [[[72.80709869982385, 46.001551099982535], [73.54474399998506, 46.000305800273786], [73.58056539991769, 46.00096840004214], [73.68222550022313, 46.000815500211715], [73.72823949977973, 46.0016477001996], [74.06057280041175, 46.00104990022722], [74.01473430022065, 45.89036100031069], [73.90152149974703, 45.74652960007841], [73.98422999970867, 45.381617599755195], [74.03099200035113, 45.28800900022746], [73.75267719959866, 45.2888387001632], [73.72201529955153, 45.22076440023407], [73.75503580003897, 45.10435140018965], [73.89301389974591, 45.12515689975783], [74.08749730014344, 45.12713609968468], [74.11815909957927, 44.9679952998199], [74.13938649994878, 44.953392199965016], [74.13348999974633, 44.91331890006308], [74.19658249998999, 44.89494259993911], [74.23667870028875, 44.871963999856085], [74.30566780044789, 44.84897619993165], [74.38931950001671, 44.795263200195635], [74.4025796001976, 44.80121119968691], [74.52263549970594, 44.698726899786045], [74.51223399955762, 44.666919000002814], [74.52005729980627, 44.583129700118405], [74.49379480004843, 44.5261350001112], [74.51073760033034, 44.5228027001971], [74.51972899970586, 44.485819099880906], [74.75099500008503, 44.35781429998647], [74.94145629979909, 44.34360999992999], [74.97017509986925, 44.3335726000589], [74.98546580042735, 44.32655950009894], [74.9976383004122, 44.326623800018226], [75.0042342998618, 44.317014399862536], [75.03649710015317, 44.30848379988578], [75.04815699987739, 44.299798999832724], [75.09283010037902, 44.27734800028085], [75.11283420014749, 44.26043010014372], [75.12674829990628, 44.25997659972714], [75.21375570023645, 44.1942354999682], [75.26210649991803, 44.168651500022214], [75.3070796997083, 44.14803880024504], [75.31403470008145, 44.08334170012409], [75.31579389964838, 44.01840529994629], [75.30947749993271, 44.006794000170636], [75.31163620006944, 43.99652839971645], [75.30683910033254, 43.98729650029724], [75.27631210029159, 43.954317899816374], [75.27301979992812, 43.94871389993157], [75.27541829994013, 43.92919730001367], [75.27693579969507, 43.89181090008107], [75.28453279995058, 43.87735219971338], [75.28525230018752, 43.86127100009736], [75.26948739965214, 43.84372520009396], [75.26812619957012, 43.82458760010004], [75.24351789979733, 43.81092460000356], [75.19833710024318, 43.77345540001921], [74.99730669990149, 43.65097409967823], [74.997185700426, 43.61029129978551], [75.03126250021164, 43.59886519971491], [75.08539390035602, 43.569104799695296], [75.13295039978186, 43.566312899856385], [75.18406970026959, 43.543318199788615], [75.18092760001828, 43.59071670006981], [75.2387305997818, 43.59051390004678], [75.24238239963378, 43.536748199689434], [75.30544030036592, 43.528954700078344], [75.34319189956975, 43.53424609992639], [75.38869320005097, 43.53485959971305], [75.40483410032995, 43.50572229986353], [75.41921540039333, 43.47608680001691], [75.3497878002047, 43.40482430026993], [75.30757370035106, 43.38774469996302], [75.29414189978006, 43.37571629967608], [75.29223840023573, 43.36896350008711], [75.28500449991635, 43.34329439985907], [75.28184940014452, 43.33453339995191], [75.27771190008308, 43.315383400174646], [75.27867129990823, 43.28025220023599], [75.28111850028671, 43.263113699680254], [75.33062769998503, 43.252879599765876], [75.29454370003698, 43.21326589987337], [75.33055509994036, 43.195293699687156], [75.33719550041948, 43.170320099926926], [75.33803500030702, 43.16069809971608], [75.34391139980669, 43.14984979996861], [75.34942799978057, 43.145999900028634], [75.35974170038963, 43.14503739993684], [75.37317350006234, 43.13812439968653], [75.40111589970711, 43.125382500008286], [75.42318289967716, 43.120531999972904], [75.43481579963725, 43.12315810025893], [75.4469283999589, 43.122632900234784], [75.4621591002426, 43.12193260029515], [75.47055389969182, 43.118781300215986], [75.4783492003513, 43.11370380016345], [75.48496670007893, 43.10728270012044], [75.49969610000987, 43.10464210004818], [75.511688800394, 43.09693639997204], [75.53255599969084, 43.08257320006213], [75.5531834000107, 43.08555120030697], [75.56253760018336, 43.082923599834544], [75.56709480033213, 43.07924469989005], [75.57692879968116, 43.07749269979777], [75.58628309956683, 43.07258700023864], [75.59659680017593, 43.07065970027377], [75.61098799967372, 43.058919100075386], [75.63233490023057, 43.05611510016615], [75.64168920011618, 43.051207700054626], [75.65152320036357, 43.05033129995971], [75.65611060007558, 43.04365229970378], [75.60122230013404, 42.99916749990051], [75.57764839963109, 42.98895480024641], [75.54623100026033, 42.98846700021948], [75.65608039961404, 42.980708100030824], [75.6948907002111, 42.96157289979882], [75.70351139990318, 42.961073999886636], [75.71154650043788, 42.961205699774595], [75.7235990995869, 42.95664169979881], [75.74206779977001, 42.96032800023501], [75.75381329995766, 42.960288100021515], [75.7601167001529, 42.96677840026255], [75.76526420034284, 42.97144109988089], [75.77370460007245, 42.972760599726904], [75.7749719001562, 42.96398629998535], [75.77306279961607, 42.951816500220765], [75.7727828001319, 42.94068869975911], [75.78138180011996, 42.93793160013711], [75.79054070026163, 42.939291399768884], [75.80085250003557, 42.938197299828495], [75.80653909988875, 42.940761199697214], [75.8129783002021, 42.94253190030142], [75.82351760011841, 42.9402527000632], [75.81993500018775, 42.933709999973914], [75.81496800028452, 42.92892360010788], [75.80119430001803, 42.91775079986192], [75.78631139956467, 42.89916139998648], [75.78063490036855, 42.88281170011792], [75.77731250015482, 42.87312710015598], [75.77243049974209, 42.85413969993874], [75.76834470042012, 42.84677879975124], [75.76453930033271, 42.83953070012815], [75.76143340039069, 42.83349140002383], [75.7553221004274, 42.82848269971974], [75.74923650036602, 42.823610900035], [75.74435810040099, 42.819256000253944], [75.73902519961453, 42.815340000226456], [75.7306843996936, 42.80858339978617], [75.71681220005458, 42.797343600066675], [75.68955109978928, 42.8032213003277], [75.68170060035047, 42.80417069980291], [75.67137290039594, 42.80502070008102], [75.66235159969793, 42.807733200003554], [75.6515924999979, 42.811223099851325], [75.64215219989853, 42.813682200207225], [75.63596549984187, 42.815544600204035], [75.61555660034172, 42.819422699742425], [75.60059500028294, 42.82299340014658], [75.59343469983314, 42.82416849982247], [75.58438869995634, 42.826997599743756], [75.57536740015658, 42.8285342001018], [75.56743059956845, 42.83040509988878], [75.55678250019649, 42.83114620030064], [75.54720660030331, 42.831182400079314], [75.53867830042307, 42.83239349968199], [75.52984180024697, 42.83402930011929], [75.52142440008352, 42.8341107001731], [75.51342600021965, 42.836144100200485], [75.50521809975692, 42.838005799902106], [75.49836930001331, 42.840443100208745], [75.48918539975729, 42.84261439991763], [75.48084670009753, 42.84282780028625], [75.4763607004182, 42.83903239986079], [75.46817740031949, 42.83624000017074], [75.457788100191, 42.836221900118396], [75.44457659976534, 42.838499299862164], [75.43715740035901, 42.841336800060695], [75.42898649970621, 42.84093920029083], [75.42140710014202, 42.840171100260214], [75.41329779966317, 42.84210490009055], [75.40520079981543, 42.843713399756645], [75.39295189991226, 42.84599189992223], [75.38337840031747, 42.84784770010699], [75.37598709988902, 42.84987190003961], [75.3681936003516, 42.85082240032024], [75.36036159991944, 42.848676500277485], [75.34798449964545, 42.84943810027708], [75.33643000015184, 42.85545050019122], [75.32450389996457, 42.855972299837006], [75.31620780021217, 42.85587370024938], [75.30793539981367, 42.85637229995947], [75.30194510022422, 42.85913910028339], [75.29424139987587, 42.860905599998205], [75.28675250018668, 42.85930239976321], [75.2776067001768, 42.85883109984392], [75.26980099972124, 42.86050589987509], [75.2618219001613, 42.86066010023677], [75.25570039982794, 42.85869050008521], [75.24799909977807, 42.85733100005678], [75.24087140008817, 42.854860699693745], [75.23129960010594, 42.85355200020925], [75.22353389983331, 42.85517330003267], [75.21768609999735, 42.85877339996528], [75.20927369985678, 42.860693199750024], [75.2034362001039, 42.862870299754604], [75.19718180031248, 42.86517829986263], [75.19400800031137, 42.87301940004735], [75.18697090020953, 42.87516899987792], [75.17830699963712, 42.87557540019306], [75.17152549987799, 42.8769941003229], [75.1626034001368, 42.87849479994604], [75.15623969962977, 42.88064439994722], [75.14936480023393, 42.8820131997206], [75.141414700088, 42.88414749982483], [75.13489159982208, 42.88662779990195], [75.12859809995955, 42.89130660009667], [75.12167800003358, 42.89275289990811], [75.11612049976486, 42.896879399750496], [75.10879270034545, 42.89929229985133], [75.10393759998385, 42.902646900267285], [75.09833360022112, 42.90717590016153], [75.09219720043042, 42.91031589991405], [75.08482039970893, 42.91323829978711], [75.07507859984736, 42.91358399995376], [75.06660289992033, 42.914479799709085], [75.0573117003951, 42.92107970025608], [75.04984439979864, 42.92276890026588], [75.042237700433, 42.92107179972377], [75.03433050023182, 42.92203820031842], [75.02896899978164, 42.924853199707684], [75.02311890025852, 42.92765540005615], [75.01487909972168, 42.93133960003255], [75.00799119990704, 42.93250219975684], [75.0024015004253, 42.93580129975151], [74.99747699981812, 42.93978350014024], [74.99004190023135, 42.94294869981454], [74.98340070025156, 42.94437810012469], [74.97537600041117, 42.94461140009102], [74.97035109959631, 42.94800249971589], [74.96500860031105, 42.951324999681106], [74.95875080039626, 42.953690300117024], [74.95178320025299, 42.95479770015557], [74.94688899982036, 42.9584342002714], [74.9407805996188, 42.96186559983619], [74.934522799704, 42.96368370011901], [74.92770469988527, 42.96215260021825], [74.92396870004343, 42.96756570016366], [74.91858880029956, 42.97053180004208], [74.91072450004312, 42.97177559987386], [74.90470670032784, 42.97432449976785], [74.89954730015533, 42.9774526997507], [74.89455129993978, 42.981226599689386], [74.88824050032154, 42.982968400295285], [74.8799042000619, 42.98324309997142], [74.87473289990683, 42.98741850010752], [74.87094559997405, 42.99447359973485], [74.86454419986951, 42.99626820011794], [74.85680050023653, 42.99763500027608], [74.84935400013046, 42.99894469997188], [74.84316280041257, 43.001393000308234], [74.8360985999352, 43.003070200212356], [74.82968550017242, 43.00090640009583], [74.8221116998074, 43.00028510017586], [74.81550049996495, 43.001962399962515], [74.8089175000358, 43.00033689999123], [74.79988550040277, 42.99932230023632], [74.79154719959497, 43.00088560021582], [74.7839024996962, 43.001382599794496], [74.77815489974367, 42.99853539968297], [74.77427589978666, 42.99309929988237], [74.76548450042769, 42.99330640024315], [74.75554650042324, 42.992695499710095], [74.75061440006883, 42.98961630029973], [74.74397079979062, 42.994207700155215], [74.73821479969187, 42.99671490003416], [74.73386960015354, 43.0009442997454], [74.72816180005968, 43.00406320021204], [74.72431430042644, 43.00823839993211], [74.71955710026118, 43.01385270008854], [74.71470979997119, 43.01723649995172], [74.70939220018899, 43.02011380009851], [74.70402469989101, 43.02769300004713], [74.69954740039526, 43.0334252999864], [74.6950265999818, 43.03750829999458], [74.6863590001471, 43.03889299981284], [74.6791143002814, 43.04010530003398], [74.6718127999403, 43.04148400019313], [74.66600729997445, 43.04934549981916], [74.66173040024546, 43.053546200184925], [74.65434539970205, 43.056031699721004], [74.64763339990158, 43.05836950000721], [74.64310490002781, 43.06204139988594], [74.63936749971244, 43.06659220023962], [74.63672210043953, 43.07284530016916], [74.63482320026947, 43.07947749991857], [74.62441959986, 43.081732900090806], [74.61696299999521, 43.084083599812], [74.61016090006993, 43.093431099745544], [74.60536510019526, 43.09833540001516], [74.60130960014955, 43.10233060027484], [74.59911020004225, 43.10956829978414], [74.59293039994525, 43.11272470019799], [74.58922899961486, 43.11713409977239], [74.5843366003044, 43.121081100235656], [74.58364999996643, 43.12866110003574], [74.57748089970275, 43.13286570000395], [74.56902660034072, 43.132442899917564], [74.56433809973512, 43.13616969987164], [74.5568279000922, 43.13849500014362], [74.55039059971571, 43.14071049987143], [74.54144270035953, 43.14133680025518], [74.53759109991698, 43.13649859983594], [74.53282750015364, 43.14125069989216], [74.52560700000338, 43.14304339984523], [74.51774269974686, 43.145227399911015], [74.50976050010091, 43.145274400210205], [74.50476079972465, 43.1485620001148], [74.49924620029896, 43.15195910025685], [74.49619920019514, 43.15734399999955], [74.48946149959436, 43.15595079980768], [74.48003090040174, 43.1570074002869], [74.47523509962866, 43.15283579986726], [74.46195350006812, 43.158731099819725], [74.45394980014419, 43.157416300003696], [74.44517360027982, 43.161517200122184], [74.43691240007627, 43.16392760023616], [74.43019610004046, 43.16524229990565], [74.4258401997705, 43.172409900296344], [74.41837290007233, 43.17056330020686], [74.4142100998592, 43.17643159973605], [74.4067857998187, 43.175445799859375], [74.40262299960558, 43.180327799772776], [74.40481169987957, 43.18735289976274], [74.39824559995591, 43.191858599923044], [74.39262370036282, 43.18935549977393], [74.38691599998194, 43.194799599683265], [74.37966329972032, 43.197130400019624], [74.37346200024359, 43.200039899883684], [74.36414940015342, 43.19900750001735], [74.35565219994837, 43.19855389974032], [74.35013749991131, 43.203246400225275], [74.3420051001532, 43.204966899878826], [74.34048159965216, 43.211504400031764], [74.33084709995802, 43.21309950011863], [74.33417300000802, 43.21852589977468], [74.32739240036084, 43.21661810014798], [74.31910969987925, 43.215695500238084], [74.30842660034722, 43.21632440023177], [74.3032300997535, 43.221343099862736], [74.29650830023154, 43.23595790011132], [74.29378969994113, 43.24186780023293], [74.28677299968105, 43.245650400215446], [74.281966499973, 43.24963599980485], [74.27459459956138, 43.24542810022168], [74.26680549997224, 43.244834099879895], [74.25948840038623, 43.24400569975412], [74.25624830022564, 43.250366999821566], [74.25109850034859, 43.25422730017549], [74.24307330014659, 43.25269570021525], [74.23479059966502, 43.25363340003501], [74.22661520024916, 43.253914699837786], [74.22101589957364, 43.25830479982724], [74.21602460024197, 43.26220640016715], [74.21046300006223, 43.265789299703364], [74.20093579963722, 43.2649221000077], [74.196928999958, 43.26038689990634], [74.19269250016234, 43.25553300015442], [74.19674129967436, 43.24813259972528], [74.20126770018524, 43.2407081000578], [74.20576770010831, 43.232636699702816], [74.20974650019839, 43.22598109987555], [74.21574279963565, 43.21574450003694], [74.22203790029597, 43.20524749981567], [74.21736789959532, 43.20116259993888], [74.21084860010133, 43.19589260008519], [74.20038780036445, 43.19598800012749], [74.19233679964917, 43.19604240023309], [74.18015739970464, 43.19784000017412], [74.17012620038771, 43.1987931998772], [74.15561190025498, 43.19709100014009], [74.14813989967293, 43.195838199846044], [74.14033679984007, 43.19455340020875], [74.13214979958073, 43.19349580009997], [74.12346360012803, 43.192447199976755], [74.11012610020396, 43.190908199834475], [74.10091689979626, 43.18981869995706], [74.09189449956028, 43.188906200280634], [74.0765768998493, 43.18680869985806], [74.06361300026883, 43.182041499845276], [74.05322689993936, 43.17776429987165], [74.04747339985202, 43.17434509989875], [74.03622809958091, 43.17674269971283], [74.02797149964994, 43.18325380030248], [74.02270380038343, 43.18738079991309], [74.01758549993181, 43.19361839977713], [73.99899700042238, 43.203905000103255], [73.98535419996418, 43.21208349989436], [73.97756510037505, 43.218010400172524], [73.97037680033617, 43.2225919999765], [73.96072159986458, 43.21486160006216], [73.95329220008831, 43.20820750023117], [73.96369569988644, 43.199466699813904], [73.95734760042103, 43.18033120016197], [73.95251650034885, 43.17333070006528], [73.94260439967235, 43.15737529980247], [73.93527310041667, 43.14821299972254], [73.92802010011775, 43.13929620030979], [73.92114230006183, 43.131655799914434], [73.912086099815, 43.123905000321045], [73.90621929971245, 43.12128180007454], [73.8996591996366, 43.11878630004036], [73.88723740009237, 43.117687200297155], [73.87442140003853, 43.11872890006486], [73.85063540011045, 43.12487599984539], [73.83785889987793, 43.12786120026202], [73.82957259984708, 43.1262385997972], [73.82251370032819, 43.12217359993475], [73.80635779998062, 43.11329240006291], [73.79315020003992, 43.11131080009538], [73.76599660026636, 43.10658819990511], [73.75970320011686, 43.10374780027481], [73.74282549984521, 43.09451549978462], [73.69973400018225, 43.0757759997573], [73.68105430011191, 43.06989879995869], [73.66065639958418, 43.065029099744], [73.64052450009355, 43.051500900188536], [73.62903219995017, 43.04802419974965], [73.61214729968158, 43.04090840015475], [73.59742900023262, 43.03765030012494], [73.58256869959509, 43.03421089996631], [73.55938320007827, 43.02885799976675], [73.54704660034888, 43.01691269971543], [73.54609159957371, 43.008158199846385], [73.5515072998765, 43.00294700030787], [73.55756120018813, 42.9999975997306], [73.5586927001537, 42.990732099746104], [73.55730909968175, 42.98228459973936], [73.54743709979952, 42.96140460003233], [73.53405329980743, 42.946052599899396], [73.52340970009674, 42.93997710010837], [73.5158652000814, 42.93512889985762], [73.51263359977996, 42.92597110028391], [73.51352159970968, 42.91568590004453], [73.51501639993572, 42.90735799987965], [73.51920050010254, 42.89799769990261], [73.52274830019743, 42.88523149973582], [73.52186100005534, 42.87476109985816], [73.52149820015649, 42.86239600014899], [73.50977240002302, 42.84266879982791], [73.51118159978566, 42.834541900094344], [73.51133290033405, 42.82613309994031], [73.50822219979509, 42.804919900274164], [73.50557500029839, 42.79281919973367], [73.50999620000472, 42.78174380008388], [73.5064605999297, 42.77280169976799], [73.50101539985123, 42.76555570005045], [73.4873671996199, 42.75255579967643], [73.47496100021887, 42.7446164998578], [73.47128610018939, 42.73746530011251], [73.46545990034446, 42.73142959997168], [73.46563390042166, 42.69421320023906], [73.46308110038666, 42.67098410003309], [73.45132169966833, 42.65197449979843], [73.4438928999666, 42.64268080011771], [73.44214720028167, 42.62836080026724], [73.44228030006407, 42.60568370004561], [73.43991319976455, 42.59276550009801], [73.43651130044485, 42.574593899830575], [73.43291649959596, 42.54889839979401], [73.43910640035001, 42.53150590007021], [73.44480949955997, 42.518385600070644], [73.44873259961093, 42.5084850998179], [73.45608209963261, 42.49906789975189], [73.46198480000716, 42.4915456996939], [73.46653369972269, 42.48460570016498], [73.47289050026994, 42.47681419981817], [73.47926619957425, 42.46865599974594], [73.49552609967891, 42.46287540010979], [73.50794619961059, 42.4580199001477], [73.51314909980238, 42.45280099989658], [73.51900240002281, 42.44458899994899], [73.51547700031787, 42.43483709974669], [73.50758779966, 42.42985160004077], [73.50116029990319, 42.4250060002456], [73.49495570001613, 42.42197259984981], [73.48716480020322, 42.417590200094175], [73.47200869961405, 42.41815019981514], [73.46300079998339, 42.41973610021814], [73.45583129988675, 42.420740200118644], [73.44901209963179, 42.42319500003743], [73.43854960028236, 42.42597959977528], [73.43054549970978, 42.426605699762376], [73.41297830023676, 42.42794829994283], [73.39689650012035, 42.430399200064116], [73.37850899955407, 42.43429190011318], [73.35688699982292, 42.43631860008003], [73.34296049971996, 42.440022199675866], [73.32929749974427, 42.44451579982314], [73.32044080005065, 42.4500235997558], [73.31470350018121, 42.45799340000382], [73.31780310023811, 42.47615420009338], [73.31834140040077, 42.49198060025992], [73.31957440011196, 42.502545499767955], [73.31516510038826, 42.510969400232185], [73.30970349976765, 42.51792180030654], [73.29667489992711, 42.52040380027184], [73.2779776000637, 42.524452100079735], [73.26425829997426, 42.52697980018807], [73.25166389992793, 42.529386399806306], [73.22351569984484, 42.528663199918014], [73.20216479998834, 42.533980499975684], [73.17570689958826, 42.5408998002132], [73.1554773002256, 42.54764170019514], [73.13688039967167, 42.54946190026238], [73.12008919997538, 42.55193309989403], [73.09456320017286, 42.548576400078666], [73.08294679956968, 42.545888099764355], [73.06735870005865, 42.545230700011416], [73.04285039984497, 42.54972819998642], [73.02323449984002, 42.548586000043244], [73.00641580001798, 42.54701140015229], [72.99440799985219, 42.54525569990473], [72.9719804996704, 42.54314320007318], [72.95740770034809, 42.54147749979576], [72.94252229988317, 42.53964889988988], [72.91078989996987, 42.53498820026909], [72.90111500034249, 42.5373152002692], [72.88972389990748, 42.5439519997613], [72.87950880018055, 42.552444100046756], [72.83908829997941, 42.55734649974508], [72.82308879991606, 42.56296910015579], [72.81423889957087, 42.56782139989377], [72.79734819977875, 42.58051389998142], [72.79085499993703, 42.58816039978443], [72.77284979989773, 42.613417799951044], [72.74427860021537, 42.63890540018979], [72.73197120022425, 42.644363899963984], [72.70867160029327, 42.6456948998938], [72.66729849961543, 42.656921999904576], [72.62622160043617, 42.675469600120195], [72.6067417996884, 42.68143859999226], [72.58802789985687, 42.6839911999945], [72.55947029976949, 42.676930500227726], [72.54953780014957, 42.677163000298904], [72.53983330013517, 42.67922560022988], [72.52742109998812, 42.6793942002951], [72.52202639960167, 42.68224769978228], [72.49893869966981, 42.68513770009838], [72.45910630043406, 42.6971121998553], [72.41561120029031, 42.71016259971021], [72.40446399964148, 42.716530500035404], [72.38004990036173, 42.72783730020848], [72.32970379960199, 42.74238499973905], [72.30095699994278, 42.752885000295244], [72.28400479968973, 42.75680050021874], [72.26145280019605, 42.760807199755995], [72.23196310008512, 42.76027620005455], [72.2255563999204, 42.75782380030887], [72.21192949964274, 42.75701250032329], [72.19111639958732, 42.750514700055874], [72.1820909998766, 42.750965900048804], [72.17445359968781, 42.75465360022964], [72.16607549991973, 42.754432500047216], [72.14505730011193, 42.73968189973929], [72.12834220029659, 42.73854919981038], [72.12036969976073, 42.73650249981869], [72.08861449970719, 42.74434729981627], [72.05692999976145, 42.76889359978914], [72.03772830035757, 42.77385979979865], [72.02097209992307, 42.77339949989854], [71.98467909973768, 42.78406580004513], [71.95407939993913, 42.79877080015316], [71.94795309990724, 42.80294849989621], [71.93896419964483, 42.81414129978271], [71.92634689974531, 42.81767169979341], [71.90477029997032, 42.81980039984539], [71.86363880028982, 42.832809700168596], [71.83457299989003, 42.8296690001412], [71.81800139965318, 42.83124160010127], [71.80643479985265, 42.82654889984455], [71.79838479986066, 42.820128599961684], [71.79108479970604, 42.81716110013961], [71.77356730042445, 42.81343480007625], [71.76052160025415, 42.80754770019638], [71.72924039985354, 42.7997326001266], [71.71532400040758, 42.79839249967203], [71.70530039993965, 42.79419660011296], [71.67538450043034, 42.78984339978517], [71.66494830015922, 42.7821923998142], [71.63721579996539, 42.767136399670726], [71.62740410039494, 42.7647660998004], [71.60118949970638, 42.771961299894635], [71.58332099989714, 42.771309499993116], [71.57061030036091, 42.77486040024602], [71.5571680002809, 42.78929190024405], [71.53410799990087, 42.801497800225], [71.52670180001506, 42.7999715998598], [71.52156800003154, 42.7970667001599], [71.51574229964986, 42.794598700174355], [71.50833199985314, 42.79193239972212], [71.50089130016887, 42.79354929987876], [71.49102449973546, 42.79286010027217], [71.47088480017322, 42.78794059982449], [71.46410080040269, 42.78543839989231], [71.45592720031239, 42.788017399671844], [71.44791619978005, 42.789135300135314], [71.43821400035118, 42.791334700066265], [71.43118679968374, 42.79340790028112], [71.42365409993796, 42.795472099967874], [71.40865749971903, 42.79576520008074], [71.39581000023976, 42.79741929999293], [71.38926140039617, 42.79592510032891], [71.38158559992391, 42.79198380002377], [71.37706339993528, 42.78806489981816], [71.37523410033509, 42.7814428002082], [71.37159710022745, 42.76888779990831], [71.36941909978681, 42.76218890019115], [71.36057319963956, 42.76405560028205], [71.3480585996349, 42.76706750010914], [71.34092300016046, 42.764492999942156], [71.33707169975521, 42.75997929978495], [71.32749609989932, 42.759924199891856], [71.32082280041956, 42.761468100239576], [71.3153939999849, 42.76457160028651], [71.30782889980348, 42.764133399885615], [71.30420249981616, 42.757218299685555], [71.29629130031532, 42.75780519977638], [71.2899372001038, 42.75979219989235], [71.29013030016061, 42.76760590016261], [71.28396390023266, 42.7701951999817], [71.27677020042066, 42.77104580013016], [71.26942629959814, 42.772203500195246], [71.26448029961125, 42.7689861999726], [71.26775799965638, 42.763768100264585], [71.27074600020894, 42.75845509976929], [71.27231350019258, 42.75093779991651], [71.27407730003213, 42.74318290020225], [71.26790749998091, 42.74077720011921], [71.26716949983904, 42.733288000158204], [71.26392240000571, 42.72735539991076], [71.25652490030349, 42.72452590027584], [71.25213679992213, 42.720904199960835], [71.25056499970323, 42.71423560024959], [71.24372529989347, 42.71092070005655], [71.23870429956351, 42.704712200114166], [71.23403730013422, 42.70087249976346], [71.22960620009518, 42.69705619967266], [71.22336740044699, 42.69299920032599], [71.21936559989236, 42.687786500016074], [71.21235970007692, 42.6855821998246], [71.20471000015532, 42.67874420013979], [71.18919609969012, 42.67724550022161], [71.17817500004931, 42.67409889980736], [71.17877099990093, 42.66590800000552], [71.1813729997658, 42.660484000260865], [71.18239499958985, 42.65211400019343], [71.18134299962854, 42.640277000044954], [71.1789390001304, 42.630146000283005], [71.17921399959174, 42.62218800023549], [71.17974000002152, 42.61039699980169], [71.17539900010716, 42.605811999933785], [71.16912800034756, 42.60205799974464], [71.16561799956321, 42.5962599996856], [71.16151400037363, 42.591442000079326], [71.15850800027776, 42.597609999731944], [71.1570050002298, 42.604126000170545], [71.14554499991078, 42.6035040003115], [71.12711300039858, 42.602024000185345], [71.1174769996196, 42.600878999856036], [71.10133300015295, 42.59973100021442], [71.08856899997761, 42.5997499999112], [71.07870399976804, 42.59893000031471], [71.0571670004258, 42.5996470002327], [71.04236600027514, 42.597961000270054], [71.02968499994054, 42.594580999912985], [71.0173330003922, 42.591372999994164], [71.00334099963021, 42.58828700031715], [71.00074209985144, 42.57190549971488], [71.00019499979224, 42.56397239984921], [71.00844809988688, 42.55364110015247], [71.01495819973401, 42.55016059992173], [71.02969590009818, 42.54196710015726], [71.04397749974143, 42.534040300279884], [71.08897460010819, 42.484377299780974], [71.08086299994216, 42.475653999729055], [71.07547699973925, 42.4726249997917], [71.01168539999875, 42.49050130015434], [70.98173550015424, 42.497798599998674], [70.97894200013205, 42.48755200029634], [70.97566200039975, 42.4820059998074], [70.97118300039317, 42.47825599998645], [70.966316000049, 42.471518999686516], [70.96485900003182, 42.464279000142], [70.95991499969479, 42.45806800001743], [70.9586479996484, 42.4504390000718], [70.95500899989092, 42.43923899988723], [70.95140000027065, 42.43029400005018], [70.93690399971855, 42.42127900028155], [70.93324200039486, 42.41653800026642], [70.94618200029721, 42.40724499995342], [70.95530699981674, 42.40205700026581], [70.94586900030278, 42.39509500016154], [70.93773599957176, 42.394614999789944], [70.93186099964733, 42.38986200027111], [70.9304649997295, 42.380644999876964], [70.92506400035629, 42.37641099989483], [70.92079100021397, 42.371528000225574], [70.91426799966099, 42.3691329999872], [70.90702799978091, 42.364856000224336], [70.89794099989622, 42.36642800015665], [70.89230299979823, 42.36143099999671], [70.8874580000937, 42.354105999723544], [70.88240800034978, 42.34828100018993], [70.88661100017192, 42.335418000325326], [70.88132399970323, 42.327547999856726], [70.8722910002452, 42.32625500024398], [70.86558320006861, 42.32012360019971], [70.8584145003709, 42.322354500329276], [70.85080150022185, 42.32565330010219], [70.84312539971233, 42.3262515998225], [70.83559989996353, 42.33933609984482], [70.8236850996842, 42.34325279994188], [70.80763539996612, 42.368315900282], [70.7834659999731, 42.38901679978541], [70.77887140026417, 42.392620699725065], [70.79344490027246, 42.414203999885736], [70.78706470040864, 42.43874370015033], [70.7714134996388, 42.45032200013387], [70.74423339956438, 42.45059409996711], [70.72189959995491, 42.458802099679744], [70.69137459956383, 42.45040300031814], [70.66690050000959, 42.452185999929746], [70.6559164001787, 42.46880160000789], [70.65396059982018, 42.48166770021831], [70.65135970039155, 42.48765579981731], [70.64691620000835, 42.494144100151566], [70.64393459995219, 42.50141499985065], [70.63836239965214, 42.50727070011225], [70.63097540035723, 42.514320300326595], [70.62430279976672, 42.51938300003714], [70.61986409998045, 42.53158839980966], [70.60601239989614, 42.53934949971559], [70.5842483001618, 42.54842300030675], [70.57032480043189, 42.54690410025333], [70.5568438997441, 42.55587839970446], [70.5420277998118, 42.5856997001272], [70.53534969973515, 42.58802600006904], [70.52465620040707, 42.58450160003348], [70.50257960014162, 42.597415800190554], [70.51832060010054, 42.602366100274836], [70.50224199978314, 42.61247949999115], [70.49103069984716, 42.61707909989324], [70.4661780996395, 42.633398800267535], [70.44596779968246, 42.64800229987178], [70.42693980031858, 42.648833000078206], [70.41526940018701, 42.65538540028873], [70.39055790015775, 42.67026830001377], [70.37980670024233, 42.685244600295796], [70.34601550003835, 42.69621869972931], [70.32319470035723, 42.69306510012595], [70.31289719996596, 42.70851440001108], [70.30305770023236, 42.71469630003463], [70.2945317997523, 42.71909590021979], [70.27791749989501, 42.71737329969106], [70.23800850041664, 42.72059500006388], [70.23650569979469, 42.7302326996885], [70.22560290019193, 42.73334850002991], [70.21188510028895, 42.74404279982317], [70.20657630040328, 42.74703100025011], [70.21476199990215, 42.762792500318525], [70.22772579976969, 42.7789275997475], [70.23443070018449, 42.793724999989266], [70.22448170030938, 42.798937200246144], [70.20794440044497, 42.80415449970486], [70.19386629975632, 42.81119449985235], [70.21594690021978, 42.827745899805734], [70.21030219958806, 42.83616580026451], [70.20121989968894, 42.850747899832], [70.20897330022869, 42.86138739979273], [70.22089309963262, 42.87198209985695], [70.23129309959444, 42.87576350027973], [70.25129429960114, 42.877971600223326], [70.2359747002403, 42.88426440023363], [70.22732910014695, 42.89356159975094], [70.22483459987546, 42.90062729979814], [70.22492189995147, 42.911230700297075], [70.22879059982539, 42.923643699707085], [70.22807060012516, 42.93620359984508], [70.2246022003216, 42.9428540000112], [70.21454509988014, 42.94410749983195], [70.19876670036106, 42.9536205998411], [70.20718300008829, 42.96658229991293], [70.19470989955482, 42.97350280011636], [70.19201079989256, 42.982965799880304], [70.1988087001938, 42.986686400178606], [70.20382149980357, 42.991218900119144], [70.19542330023094, 42.99792009989825], [70.19823349993429, 43.00653199996294], [70.18593850028734, 42.998195199888585], [70.17420420029465, 43.01912569973715], [70.14457159978156, 43.0282435999793], [70.17727630022578, 43.05409980030814], [70.16692149989578, 43.06602140024073], [70.17274329979253, 43.06860710001584], [70.14997989976304, 43.0925571997139], [70.1244905000202, 43.073764900111826], [70.10251520007436, 43.08914489993537], [70.07413970017325, 43.11075309986174], [70.06389680028323, 43.11693289977316], [70.07267059984913, 43.12998900029003], [70.07325369989333, 43.149558100038746], [70.0623882001378, 43.14798429970757], [70.0478328999972, 43.14891210022774], [70.00435159977287, 43.17046400022005], [70.00899850029599, 43.181973799833735], [70.00250320019309, 43.1973730999402], [69.99455300033422, 43.20004189977491], [70.00025840012962, 43.20498000026797], [69.9896418998961, 43.212554099923416], [69.97962270027477, 43.21500959974157], [69.9618451000909, 43.21204310010162], [69.95308569962069, 43.207876799977605], [69.94233400024196, 43.20709299983015], [69.91694200033376, 43.211293099860136], [69.9090868997241, 43.22323710009091], [69.91565350000937, 43.22657939988056], [69.91342830028707, 43.23299480006366], [69.9047167000714, 43.2295388997331], [69.88594039966706, 43.25840989978627], [69.86957610005499, 43.26336630007799], [69.84837920018434, 43.26789940027212], [69.84186139997855, 43.2616806003086], [69.83615310042137, 43.249253699920956], [69.82138519959571, 43.23356250023984], [69.80756270014804, 43.22804669971566], [69.8050796003959, 43.236093900176606], [69.78927129955422, 43.242666999997766], [69.7816943002885, 43.24369830027086], [69.7730239004051, 43.24303910015101], [69.76389510011361, 43.24140310010123], [69.73107090038039, 43.259374400148246], [69.72248269993867, 43.25825389971773], [69.7138445001666, 43.26046249996286], [69.69125760022587, 43.26151520015995], [69.67293859979323, 43.26084110003846], [69.65653719975994, 43.25571389992741], [69.64807550007663, 43.24949509972467], [69.63450910043504, 43.250289300002116], [69.63333659956324, 43.25780320000496], [69.63735970007158, 43.28382829985417], [69.63160230039759, 43.29737350006761], [69.62665790031032, 43.303276100009704], [69.62078599957357, 43.305984600211644], [69.59087179967676, 43.30000669997089], [69.5619571003994, 43.29686399997588], [69.53989529987818, 43.29847180021511], [69.52944360007515, 43.309422699924546], [69.53176480005692, 43.31774859979904], [69.53535100043528, 43.33061159975265], [69.53228409995297, 43.34805589992738], [69.52808860016518, 43.359368999915404], [69.52692480037527, 43.36962340025383], [69.52994989955242, 43.377900099895946], [69.53578270021808, 43.389819199781655], [69.53844149966004, 43.39692230020971], [69.54242540038436, 43.41198319997527], [69.50840049986594, 43.42297609969762], [69.48672669968228, 43.42300520006788], [69.45755200011388, 43.42599809994612], [69.43394440021135, 43.43131259972861], [69.43816089991554, 43.44461359986209], [69.44497220038596, 43.457121000184536], [69.45048790024786, 43.46375789968072], [69.45982460034047, 43.46587500007308], [69.46550039974902, 43.46970350004065], [69.48779920009666, 43.48877230022941], [69.4916209001149, 43.49567549992658], [69.51576590006817, 43.50901660003893], [69.52200719972784, 43.51587290001033], [69.52916340026667, 43.52386930029471], [69.55725840032207, 43.55587660003757], [69.60077349965893, 43.642167800230744], [69.61586119982745, 43.676481600304406], [69.63824089975462, 43.70899720023117], [69.64463500014911, 43.72488780028053], [69.66387229978764, 43.742205700233015], [69.68038699983616, 43.76348409988371], [69.68158989969717, 43.776209499823196], [69.67897919964878, 43.803568100034674], [69.6797653000825, 43.82005119973564], [69.68270990032873, 43.84180029995507], [69.6863176997998, 43.8514688000536], [69.69301010015748, 43.87709990015998], [69.70168300005238, 43.92607550016221], [69.71448089995155, 43.958754000102445], [69.73365489980357, 43.98748519993759], [69.70678499967481, 44.02728169973569], [69.74428580003108, 44.06869500005234], [69.76423030017367, 44.098789399958754], [69.76817959958983, 44.12479480006491], [69.8247939997734, 44.16055520012758], [69.71699100036618, 44.65391209977906], [69.69843240038264, 44.71114719985209], [69.66754980043991, 44.82058139971897], [69.65266659994921, 44.8879802998218], [69.59250740004379, 44.95593290002055], [69.53883200000902, 45.15488630007631], [69.46435630001326, 45.33840520011047], [69.37984809994009, 45.46488880005977], [69.36772530014665, 45.485189300155554], [69.35863849968791, 45.497441600000805], [69.2915988002892, 45.70140810015111], [69.26659259984612, 45.76936480029242], [69.2499636996705, 45.76915129974259], [69.06711030036956, 45.99988710018298], [71.32604210025517, 46.00726269989577], [71.5489568003061, 46.00534389977539], [72.09187469967226, 46.00269090028733], [72.80709869982385, 46.001551099982535]]]}, "properties": {"ADM0_EN": "KAZ", "ADM0_PCODE": "Kazakhstan", "ADM1_EN": "Jambyl Region", "ADM1_PCODE": "KAZ009"}}, {"type": "Feature", "geometry": {"type": "Polygon", "coordinates": [[[78.472259300236, 47.23396200011335], [78.59198679993102, 47.18098800002901], [78.64180649961236, 47.14103019991174], [78.76825750023852, 47.133335799932105], [78.81684860015687, 47.04724600009478], [79.26293250016518, 47.08166550022383], [79.57727770018936, 46.77955930004273], [79.9158978001501, 46.87158150020225], [80.00825109988887, 46.914754299934366], [80.15562240012655, 46.880327599926524], [80.19098460015049, 46.866186899998475], [80.19074860014899, 46.83619159995272], [80.19819130038141, 46.80923619990095], [80.21659429958126, 46.80451990004266], [80.23715080036736, 46.783762400096165], [80.33886020021565, 46.75039839985417], [80.5885047997549, 46.66783720024036], [80.86321590004903, 46.56276899972572], [81.10463620037994, 46.56559789973923], [81.14231590022507, 46.56005059972682], [81.20231149984924, 46.51275769971043], [81.25534409960272, 46.48961839990634], [81.27939819993071, 46.50692069992427], [81.29203679978386, 46.513255999813325], [81.29851559963163, 46.51478869984332], [81.30662800019651, 46.513595700083705], [81.31450300028642, 46.50900299984006], [81.32735470028796, 46.493048100150396], [81.33765439975505, 46.47082589979989], [81.3397827997173, 46.455180099777934], [81.34995100019984, 46.45437809970992], [81.36557219993408, 46.45938930006234], [81.36977790009195, 46.46760720004653], [81.37372609997023, 46.47913380022552], [81.38059260011812, 46.48262089995995], [81.38299580011572, 46.48959430030695], [81.38891819964608, 46.49361250027117], [81.40187860028855, 46.50696499972009], [81.41312240037321, 46.51050929979955], [81.41200660026384, 46.52078659977284], [81.42144799990116, 46.523739500134624], [81.43972989991252, 46.526515099974944], [81.44487980040093, 46.5204912999822], [81.43651130002995, 46.51595830011154], [81.42818569960363, 46.503671499903014], [81.41136289987062, 46.49020010023662], [81.40260820028429, 46.48038979993928], [81.3777602003492, 46.44501980024959], [81.39947529967974, 46.434195800297964], [81.40883090032595, 46.43744910023266], [81.42367960011987, 46.45312159992716], [81.43844250002437, 46.46748900002789], [81.4457381002307, 46.47280930024474], [81.46934149961092, 46.4842756998693], [81.46951320000109, 46.493730699828596], [81.4859067999627, 46.49160350017069], [81.4951765998212, 46.49485339975964], [81.50822280035311, 46.49160350017069], [81.52264240008867, 46.49101259977212], [81.54080799971176, 46.48841120008025], [81.5548289001747, 46.48640319972583], [81.57482739984567, 46.49733500000871], [81.57952929972204, 46.50101769974394], [81.60285120032997, 46.519280600112076], [81.58512710021105, 46.4965077997286], [81.56392689993002, 46.476828699869046], [81.55658839977899, 46.45740860012295], [81.51267530005887, 46.41706189986733], [81.53690100016566, 46.36582450003091], [81.75992240030939, 46.18652170001503], [81.88484900032253, 46.103655199765285], [81.96171040023575, 45.91178560012053], [81.97796049972065, 45.880652599746874], [82.00260869996346, 45.86639630000313], [82.02666370040335, 45.850017100103415], [82.06303779959428, 45.81755429997442], [82.08446570034198, 45.794498999859606], [82.09676090031321, 45.7786979002536], [82.12438770023914, 45.76132050011459], [82.12078279963156, 45.64809310020641], [82.139579700202, 45.62207659989609], [82.1732711002729, 45.60995470021692], [82.23644250044627, 45.55589089970016], [82.26822380015204, 45.53571860007478], [82.27995879993236, 45.53513760027935], [82.31430419958122, 45.51871480028041], [82.35297210013775, 45.50022709968986], [82.39726109988858, 45.47905170019255], [82.43773890002842, 45.45969859998161], [82.48904480036357, 45.44078560008394], [82.54283159957843, 45.42095809988458], [82.55845579968575, 45.39442819973339], [82.5642280000023, 45.38462380004485], [82.58772630008762, 45.34472040015475], [82.5856220998408, 45.3014472999833], [82.58374939993435, 45.26293460014408], [82.58197550033601, 45.22152850022009], [82.576493799911, 45.21544750016249], [82.56968230001463, 45.210024500078035], [82.56010119977417, 45.20348389986748], [82.55359359993848, 45.20160240010303], [82.52454940042806, 45.192509900254976], [82.51371679967319, 45.189074100144246], [82.49185590017876, 45.18224840006818], [82.4749267003902, 45.17704120003882], [82.46919179992086, 45.179495800147336], [82.46368709992952, 45.18204529989106], [82.4586352002488, 45.185130699976725], [82.45248809972647, 45.187047499955085], [82.44446550014723, 45.18702360001018], [82.43636559963949, 45.187343499709684], [82.42860270031393, 45.18775819979136], [82.42243570031144, 45.18973570011763], [82.41648310031945, 45.19231740008055], [82.40862919985904, 45.1925442998394], [82.4005594000998, 45.192881599900396], [82.39440279989331, 45.19472879989128], [82.38793670042708, 45.196458699740546], [82.38279179996162, 45.1996120997428], [82.37615430014253, 45.20116959982594], [82.36835419978446, 45.2019595999688], [82.36030829970336, 45.20265349981942], [82.35322269955935, 45.204067699949164], [82.34772509985198, 45.20673330008265], [82.34130559959286, 45.208818100067234], [82.33461100015936, 45.21023360001847], [82.32931130020745, 45.217538299767064], [82.32278819994156, 45.21917079988381], [82.31815330001228, 45.22255630024721], [82.31085769980592, 45.226908999812544], [82.3078535996469, 45.23277239979364], [82.2984122000096, 45.23591539995179], [82.28884220025115, 45.23827250009845], [82.28173970010168, 45.23984389985353], [82.27513070023329, 45.24143030006966], [82.26701380000709, 45.24099119991817], [82.26307150026359, 45.234631000176336], [82.2545314001138, 45.23431360005481], [82.24695680024821, 45.23528070021364], [82.24331369968145, 45.23086109981821], [82.2366586000693, 45.23303829968445], [82.22953320006657, 45.234192800179386], [82.22017760031873, 45.234736700294235], [82.21292490005712, 45.23268169987247], [82.20610180021549, 45.23129380006693], [82.19846240037688, 45.22863170015322], [82.18889230000715, 45.22959890016429], [82.18383800002796, 45.2251297999659], [82.17714329998317, 45.22249029986182], [82.16963889986378, 45.221174099760944], [82.16227509956109, 45.22224700005147], [82.15376850028318, 45.22205840007923], [82.14759210030951, 45.21954549995098], [82.14078389992524, 45.21756830026363], [82.1354798997381, 45.214333599994994], [82.12820179961179, 45.21302540000689], [82.12373029963949, 45.20910099984696], [82.11873549957313, 45.205176499792515], [82.11378830033536, 45.20201309978057], [82.10574900017669, 45.201917999799974], [82.09917899976801, 45.20448319972247], [82.09606040034289, 45.209485299945364], [82.09154600042586, 45.21432519988599], [82.08584730026583, 45.219813499849785], [82.08194029982137, 45.22516669988674], [82.08177039965511, 45.233010499999146], [82.08595859973285, 45.23726470014444], [82.08822399996247, 45.24325350013473], [82.08274400004822, 45.24591540024497], [82.07557060036494, 45.24680770022134], [82.06970910032257, 45.2492768000347], [82.06392759974784, 45.24631220019295], [82.05608310015687, 45.24836250002299], [82.05101049969863, 45.25183739987008], [82.04493889988105, 45.25406599982426], [82.04007119974928, 45.2477937997246], [82.03426110040922, 45.24399399990993], [82.02921009994202, 45.24095189970657], [82.02285509961857, 45.23911189993814], [82.01568820014471, 45.237567200148845], [82.01038950001767, 45.23469220023267], [82.00246189997472, 45.234262900158804], [81.99510880040363, 45.23253330031364], [81.98909050032678, 45.23474289974568], [81.98265799964881, 45.23700329990273], [81.971676099792, 45.23424819974255], [81.96403350015437, 45.23461420026098], [81.95585089984326, 45.2350094002377], [81.94840210005007, 45.2358381999811], [81.9400134001616, 45.23563909987502], [81.93396669984693, 45.233607200202194], [81.92782689993294, 45.23070429971413], [81.9204544003451, 45.22985130020287], [81.9160840003681, 45.23529769983072], [81.91244860015995, 45.239983899817325], [81.90900030016087, 45.245358600204305], [81.9055442998032, 45.250366799933204], [81.90029670034113, 45.256089900170934], [81.8959307003124, 45.262199200129196], [81.89189120016027, 45.267379400063064], [81.88769189960054, 45.27325319977615], [81.88491450008317, 45.27862699976753], [81.87869670035137, 45.28370590024704], [81.87152750029205, 45.28712040030647], [81.86481889971654, 45.290505100046715], [81.85543769977964, 45.29524100010204], [81.85330540023081, 45.30185330016178], [81.84409200019908, 45.30410880025527], [81.84179400010788, 45.310210899961135], [81.83465209985002, 45.31314160029006], [81.83012329993896, 45.31808010023596], [81.83114189963968, 45.326066900068454], [81.82821980039462, 45.33118510020036], [81.82453210027064, 45.33550420010172], [81.82005299965276, 45.33943610009965], [81.81601050002587, 45.344883800162535], [81.81147260018095, 45.349233500240956], [81.8067649995958, 45.35438809993089], [81.80432789987437, 45.36221739979874], [81.79698939972334, 45.36912199977198], [81.78840629991588, 45.374880300282214], [81.78501599964306, 45.37982409968946], [81.77540300022694, 45.38512920015614], [81.7686651999131, 45.37982420001524], [81.7651145997695, 45.37476880004158], [81.75921000035645, 45.37238399999543], [81.75314100026328, 45.37465809973689], [81.74688700022212, 45.372753000282046], [81.73919269984493, 45.37309440023472], [81.73230359988106, 45.37474119976362], [81.73318800026144, 45.36738129976865], [81.72911120026201, 45.36336710004119], [81.72139379970727, 45.36276660019003], [81.71538729989999, 45.35975520003101], [81.70706279990998, 45.359764599919274], [81.7021046996162, 45.36295880006928], [81.69793950000297, 45.36702110015639], [81.69014149990593, 45.366507199708956], [81.68417609981955, 45.364204100154026], [81.67757689967263, 45.362460500049636], [81.67504589995288, 45.354250599774616], [81.66769679968147, 45.35151439985072], [81.65867130025781, 45.35099439968972], [81.6502948003892, 45.35052469983271], [81.64441430008023, 45.35297250027707], [81.63949909973127, 45.35612959994509], [81.62975199980953, 45.35516979987038], [81.62447479996058, 45.35166959993845], [81.6170773002583, 45.34879340002861], [81.61332619973649, 45.342838899706265], [81.60647029970892, 45.34143499973853], [81.59842640017597, 45.34180219971716], [81.59171510016304, 45.34002120022113], [81.58772989957654, 45.335702100050646], [81.5829828000683, 45.3310803001939], [81.57770020044616, 45.32763999976308], [81.57106130015359, 45.32612639989282], [81.56798640017374, 45.31977409979941], [81.57168309962019, 45.31405069968602], [81.57397430036308, 45.3082020002782], [81.56728750010284, 45.30539669968447], [81.55867780028153, 45.3049244999326], [81.55127070028378, 45.30389000029969], [81.54056349985095, 45.304639899898355], [81.53287170038352, 45.305113999987746], [81.52798340008567, 45.30095469997735], [81.52925869966704, 45.293722200268455], [81.5235980000401, 45.28865740021876], [81.52152590019168, 45.2824792002712], [81.51480830029368, 45.28020789970464], [81.50683720023129, 45.28154040024339], [81.4985552004357, 45.28132320021856], [81.49561269955228, 45.275940799946284], [81.48840660029433, 45.274885200114724], [81.48074309955501, 45.27383679993452], [81.4729283997769, 45.271705699786594], [81.46735299967781, 45.26830800017342], [81.46055570034947, 45.26448869986937], [81.45351540044858, 45.263090500089106], [81.4454151001905, 45.26365040022249], [81.44004560024273, 45.267023099881364], [81.43607300032471, 45.27126209984056], [81.43831929967641, 45.27732470001791], [81.43229920027396, 45.27960490026132], [81.42509930028983, 45.28088680029148], [81.41845549968734, 45.28228499972861], [81.41249159978742, 45.2801048997923], [81.40447710031708, 45.279481199917385], [81.4003024001214, 45.27495660015241], [81.39425759974367, 45.27254729991739], [81.38927089978621, 45.2690133003129], [81.38443050035427, 45.265741499942514], [81.38075209959014, 45.26084020009012], [81.37836750010884, 45.25517080011792], [81.37119330002663, 45.253883399885986], [81.36592089987624, 45.25749460022], [81.36084200043133, 45.26048459993263], [81.35274559975991, 45.260399399831584], [81.34598669981668, 45.25883189977521], [81.3384753000246, 45.25770980029571], [81.33158520023586, 45.2562676997456], [81.32214619999868, 45.2555082998345], [81.3155456999895, 45.25384869970355], [81.30710650040906, 45.254085400033254], [81.30624819968091, 45.246725500245525], [81.29935099960817, 45.24795850004129], [81.29269870004478, 45.246228900268754], [81.28837319966233, 45.24237439988742], [81.2826022003933, 45.239902999957124], [81.27419580010046, 45.238817299872615], [81.26778889961145, 45.236929900009216], [81.25926469964222, 45.23674019999521], [81.25289150034938, 45.23863969995438], [81.24692039955413, 45.24087680024872], [81.23857179956168, 45.24065609978158], [81.23326600004901, 45.24366449990955], [81.22921260026443, 45.24762539970922], [81.22189820011589, 45.2453412000756], [81.2215567998837, 45.2375783997218], [81.21564529961262, 45.23535820015691], [81.20779700014798, 45.23594219999904], [81.19956209992101, 45.235743999794515], [81.19269659959798, 45.23377400015436], [81.18637160031001, 45.231023900065786], [81.18191360021981, 45.22743099988043], [81.17512470013939, 45.22520749976626], [81.16747310028094, 45.22456080003957], [81.1686140999306, 45.217024399749796], [81.16705659999266, 45.210397099803124], [81.16257600008653, 45.20677589989005], [81.15600309991619, 45.205169000250784], [81.15064350030113, 45.20789399988302], [81.14447509982513, 45.209747600118966], [81.13673649992795, 45.21050010024292], [81.1340333003548, 45.21592850027835], [81.12697840013557, 45.21690379979433], [81.11980470041497, 45.215309500193804], [81.11298559987301, 45.21717309987742], [81.10761419998845, 45.22031709994279], [81.10152139993016, 45.218122199859955], [81.1028152003147, 45.21131720016261], [81.10714169962371, 45.20737410014511], [81.10908969991061, 45.20108119970667], [81.1025158996283, 45.19951580003254], [81.09640540006393, 45.197472099891804], [81.08938070030626, 45.1964943996988], [81.08324239968044, 45.19437919993001], [81.07988449984336, 45.18961410024845], [81.07556709956988, 45.18581440000656], [81.07494180026686, 45.177786599839855], [81.07062400024307, 45.17285770015024], [81.06274080033131, 45.173187599812536], [81.05786879996427, 45.176766000016194], [81.050604900406, 45.17528309993345], [81.044353200052, 45.17064960018475], [81.03876010044686, 45.168213399737596], [81.03226330015747, 45.1666541002829], [81.02592959978773, 45.16486459983561], [81.01793809988362, 45.16445070016668], [81.01167309997176, 45.16231070019257], [81.00232280028413, 45.160436099716556], [80.99458789964936, 45.15890340029257], [80.9880289997227, 45.16095370015884], [80.98071280024854, 45.16166620029103], [80.97330940041151, 45.163393300138246], [80.96839170005103, 45.16662349974967], [80.96017209993002, 45.16709379991395], [80.95330339980795, 45.162117700120454], [80.94588129974159, 45.16142710018094], [80.93944419968935, 45.158608299767366], [80.92956550017179, 45.15773769971842], [80.92603890031754, 45.15244759969711], [80.92248569955115, 45.14733810008495], [80.9171793996769, 45.14435520005021], [80.91246779979208, 45.14049470016003], [80.90661789969502, 45.13701049988382], [80.90289810007098, 45.13141200029066], [80.89854740014816, 45.12575410003698], [80.89153329961252, 45.12464950008692], [80.88459869997959, 45.1273873001284], [80.87939679961266, 45.13037769988612], [80.8724273004309, 45.12932030011139], [80.86579470002333, 45.127505799907], [80.85943110012765, 45.12539469996831], [80.85282990033092, 45.12686219997351], [80.8467387001721, 45.12993399991313], [80.84169840043658, 45.13357330029697], [80.83718350015795, 45.13725849983894], [80.83220210026066, 45.1408718997448], [80.82427450021771, 45.142094999694415], [80.81727289973924, 45.14345260026147], [80.81094069955599, 45.145147800137295], [80.80377769966871, 45.146786200282655], [80.79757929995384, 45.14938529989402], [80.78961359966465, 45.14976570023137], [80.78302600036133, 45.14691800028927], [80.77781919968454, 45.14373899997943], [80.77016629996382, 45.145617400056274], [80.7642090996993, 45.15059530009139], [80.75864850024284, 45.15327779972526], [80.75228210029837, 45.155981799879946], [80.74642090029339, 45.15853619985883], [80.73976989969388, 45.161660400155334], [80.73191639988207, 45.166849800168464], [80.72801109994845, 45.171236899831655], [80.71638100003716, 45.169754399792545], [80.71839809963403, 45.15864950021717], [80.72432040034974, 45.15591070007083], [80.7222055999826, 45.14955839974678], [80.71566100033691, 45.146213599825394], [80.70887949967954, 45.14499149997919], [80.70372869997757, 45.14163589983428], [80.70029549976007, 45.13635110028157], [80.69555549963758, 45.1326622000389], [80.68824919959789, 45.13388700018888], [80.6810492996137, 45.13288169979714], [80.67734070018463, 45.128321900315605], [80.6708016000252, 45.12677400010519], [80.66398530043024, 45.12435690011901], [80.6569451999553, 45.1223817003165], [80.64945040013137, 45.12156060000588], [80.64049349965607, 45.12005410027622], [80.63640090008744, 45.11587680008025], [80.62883739980549, 45.116632399749086], [80.62092250014399, 45.116186999830376], [80.61632080015102, 45.11018879998914], [80.60997089956346, 45.108254500005465], [80.60267410010621, 45.10721590019105], [80.5969099001855, 45.10475699981444], [80.58914880018546, 45.10552760022142], [80.5812456001822, 45.1061196002446], [80.57584499966096, 45.11022659988881], [80.56852799978795, 45.110986499801136], [80.56154039955322, 45.11280989994072], [80.55336440006279, 45.11116079968754], [80.54583589994097, 45.11051299974051], [80.53789239971742, 45.109377699772544], [80.52910369979588, 45.10839800018671], [80.5227841999941, 45.10658850014891], [80.515114400268, 45.105615900142475], [80.50897770044006, 45.107643300201005], [80.50455239992449, 45.11163799990505], [80.49868230030987, 45.115011799812336], [80.49553550007298, 45.120298399906396], [80.49156859996539, 45.12438219985858], [80.48467880021398, 45.123234800129126], [80.48076959979542, 45.118520100047434], [80.47692559999854, 45.11376060018425], [80.4692467003386, 45.11313410001819], [80.46198710011724, 45.112068300141566], [80.45769939994364, 45.108225900098546], [80.4519439002065, 45.10548419995525], [80.44673650035344, 45.101765399754306], [80.44083720010222, 45.09851240026897], [80.44191010026691, 45.091178699746294], [80.44118210017076, 45.083006400305784], [80.43924560011617, 45.076920099734885], [80.43436919980086, 45.073603499724626], [80.42914360008018, 45.06936110012165], [80.42455639979418, 45.06485979978342], [80.41932939959995, 45.06179310004976], [80.4135077003145, 45.059507599896946], [80.40670280034058, 45.05572440010369], [80.4042098999687, 45.04889890004565], [80.39733950023408, 45.046593600148285], [80.39054509976914, 45.044742499923444], [80.38319959994546, 45.04166260016194], [80.37524829965028, 45.040823300297276], [80.36876319991752, 45.042385400041574], [80.36216279962136, 45.03975610007374], [80.35289829982305, 45.03973880021511], [80.34523139985862, 45.040961200021265], [80.34005499996773, 45.04504019969775], [80.33572199955098, 45.0496547000074], [80.33206169983977, 45.054036100299136], [80.32878739991797, 45.0591344000617], [80.32768490026473, 45.067094999784175], [80.32167989974563, 45.069699600222506], [80.31413110039331, 45.068264499739044], [80.30719279970137, 45.06671570024366], [80.2988853003281, 45.06598910023731], [80.29097219999204, 45.06554939999569], [80.28652530038379, 45.06129829968385], [80.2791825997105, 45.059630400039865], [80.27302540032775, 45.05697389981018], [80.26737370002334, 45.05376449993165], [80.26071140041427, 45.05199510031077], [80.25758599984403, 45.04609869999027], [80.2545370998034, 45.040773300219044], [80.24946249969544, 45.03670850017814], [80.24466560028283, 45.03132190030297], [80.2402991996055, 45.02767729979415], [80.23444509988443, 45.03065709971126], [80.22653210015973, 45.03035199998731], [80.2215366003058, 45.02675980019733], [80.21528600038805, 45.02390190024822], [80.20754370033023, 45.02662549983631], [80.20260520037769, 45.0297480999688], [80.19484709985237, 45.02724300003864], [80.18954260020197, 45.030355800308506], [80.18518350013292, 45.035067000151756], [80.1819349001131, 45.04061159992962], [80.17372039972793, 45.03913210024799], [80.16624110033419, 45.040010900092874], [80.16113409979052, 45.04305610001226], [80.15672869965344, 45.04709819968559], [80.15327719985537, 45.05186550021532], [80.14621090001519, 45.05408800021557], [80.14067890022244, 45.05675860024937], [80.13705679957202, 45.051126699684026], [80.13383999991325, 45.04627659987401], [80.12864000038154, 45.04302969979305], [80.12392700002312, 45.03933449974818], [80.11767320030627, 45.04171960003446], [80.11463419970019, 45.046858300000665], [80.1075406997715, 45.04570169969862], [80.10046140041082, 45.046830900002526], [80.09307019969538, 45.04749609977905], [80.08957820025094, 45.04287460008425], [80.08848979965612, 45.034846599884595], [80.07522579988863, 45.0334410001244], [80.0680589004147, 45.034805800092286], [80.06110660037731, 45.03259190020303], [80.05793090043942, 45.024129599997124], [80.04981990034801, 45.02039850008051], [80.05496959961376, 45.015666199851104], [80.05269279976321, 45.00968300000515], [80.04932839971674, 45.004258599865146], [80.04275609962097, 45.00221009990375], [80.03541309980866, 45.00094260005634], [80.03143339960664, 44.99672889972124], [80.02690019974739, 44.99322730000578], [80.01984380023993, 44.991319400071156], [80.01653029963575, 44.98643540023449], [80.01340559975148, 44.98139330020662], [80.00394269983617, 44.979963200148916], [79.99240230029928, 44.97837949993603], [79.98766239988971, 44.974044999835975], [79.98427479995269, 44.96743729997447], [79.97804809971306, 44.96373100008155], [79.97078890014036, 44.965034699975725], [79.96275749976624, 44.963006099935484], [79.95571710015237, 44.961364999705154], [79.95370630044066, 44.9543320000941], [79.94520690026138, 44.9522360998345], [79.94715179956393, 44.94590629971572], [79.94403000033967, 44.938985700112774], [79.93685849969495, 44.934606300212295], [79.9305893998722, 44.932763899889174], [79.92163190022058, 44.93054359978015], [79.91478380026459, 44.92730279975626], [79.90705900028684, 44.928275400049614], [79.90267789957824, 44.924474499949596], [79.89759140038593, 44.920612499919834], [79.89146480031675, 44.91845430027271], [79.88676469976589, 44.91478629979089], [79.88198540014629, 44.910677600264734], [79.88513839965694, 44.90542100026642], [79.88769470042669, 44.89925080009528], [79.89117100001488, 44.89449850021433], [79.89777629972261, 44.8975867996867], [79.90323580008206, 44.90136860022827], [79.91071300011292, 44.900771600042596], [79.91705199964457, 44.8973002000651], [79.92436729990509, 44.893924300187855], [79.93010579992382, 44.89077310003131], [79.93440699997947, 44.88663900009], [79.94241769957614, 44.886538999989035], [79.94839589975709, 44.88351339968236], [79.95546260024587, 44.88222530027978], [79.96336230041283, 44.882006699695864], [79.96147600001288, 44.875522000252154], [79.95423290004673, 44.87344059989627], [79.95039960008316, 44.86783330029888], [79.9456658001327, 44.86265339997059], [79.94624140014261, 44.85518790013787], [79.94822999978871, 44.8488001000061], [79.95584809967359, 44.85029710002534], [79.95851650030937, 44.84469230002544], [79.965794100074, 44.841994900048896], [79.96949250003136, 44.83756669998938], [79.97414179995458, 44.833628500283595], [79.98043159965643, 44.830780100208685], [79.98546340043102, 44.8276566000423], [79.99116690028963, 44.82397760003748], [79.99670559971773, 44.82034160010124], [79.99908010033862, 44.814233700093126], [79.99787510021652, 44.80615669995381], [79.99442909990455, 44.80038030014096], [79.99537779989632, 44.7920766002106], [80.00181510027289, 44.790471799933066], [80.01023720042194, 44.79180219986367], [80.01732760026455, 44.79274150023245], [80.01998419973233, 44.79900179996771], [80.02538899987753, 44.80186530020563], [80.0328733999054, 44.80393449992903], [80.03931269993177, 44.801497500203794], [80.04794600029231, 44.800960600236195], [80.05490770030079, 44.80341040020991], [80.05937010033928, 44.80783050010579], [80.06663890020744, 44.809135699918535], [80.07539549973058, 44.8108289003097], [80.08188940025823, 44.81236699995299], [80.09044550030154, 44.812546200073186], [80.09827339992445, 44.81301579995147], [80.10434020004354, 44.81089409974266], [80.11142300013883, 44.809689100270916], [80.11695890041659, 44.812354300203936], [80.12313190026686, 44.81568119982553], [80.12585820001757, 44.82167590028607], [80.13188340005416, 44.82451760020976], [80.14292609968601, 44.826155899950415], [80.14749169998099, 44.830113599901544], [80.15162980011706, 44.83403010007606], [80.1546522995697, 44.84049910024818], [80.16258280027277, 44.84193000011991], [80.1665166001571, 44.83768899999142], [80.16663259960974, 44.82799530022281], [80.17564760042268, 44.82586500003586], [80.18337240040043, 44.82349080012869], [80.18345830000281, 44.813779900310635], [80.17968169990336, 44.80802569982374], [80.17573350002509, 44.798403500020356], [80.17590710035205, 44.79044029988868], [80.17686719996482, 44.78268760029327], [80.18210779975416, 44.77984550025917], [80.18571199967583, 44.77471880022041], [80.18949750028311, 44.77014270017784], [80.1936795999018, 44.76506910014726], [80.1971419001446, 44.76045489998229], [80.19346399974202, 44.754819399790385], [80.19524529966166, 44.74859069980556], [80.19957209990629, 44.74484800004052], [80.20469420023154, 44.74192149981451], [80.20961059983145, 44.738239699916036], [80.2154692998251, 44.73338869976341], [80.2210103995517, 44.72952429981825], [80.22720100009337, 44.72655490022332], [80.23277270003176, 44.72340579974154], [80.23980059958855, 44.72085180012739], [80.24744169993792, 44.720402899728164], [80.25415200012598, 44.71905709999359], [80.26179760013663, 44.71835420014131], [80.26783690012994, 44.715945200183995], [80.27486240028652, 44.71348769977133], [80.28136500009936, 44.711325199926584], [80.2881579003778, 44.709120699903565], [80.2975842002335, 44.70701200017211], [80.30634649956714, 44.704920800001126], [80.31340239961125, 44.70332000000473], [80.31896059966765, 44.699935399698475], [80.3249800001807, 44.69501639976571], [80.33368850031036, 44.69006410010556], [80.3391697003738, 44.68739809988757], [80.34202550035752, 44.68201939984871], [80.34441069991337, 44.67573899995158], [80.34823640012965, 44.671134300077206], [80.35162039961905, 44.665014099749996], [80.35713129978237, 44.660410400103004], [80.36397189970407, 44.65650160021916], [80.36875840021894, 44.653084700079695], [80.37308440006467, 44.64934770013618], [80.37647410026285, 44.64458689974738], [80.38217760012147, 44.64150030006867], [80.3845959996136, 44.6355049996878], [80.39038239959989, 44.63150760003195], [80.3965577000356, 44.6289843997163], [80.39931960002102, 44.622906400177506], [80.40350080042614, 44.618648299883716], [80.40610049970553, 44.61268980004501], [80.41068850039045, 44.60867310011712], [80.40665409997409, 44.60195179995984], [80.40149670034975, 44.59892450023708], [80.39725569999446, 44.594162300317315], [80.39126980035327, 44.59146890006756], [80.39366029996933, 44.58514470002051], [80.392826199855, 44.5776582998548], [80.39328409990136, 44.568961099922475], [80.38861489959969, 44.5646059999198], [80.38549190022621, 44.55930279981661], [80.38113639970658, 44.55449229988188], [80.37957489957068, 44.54756379971343], [80.37715140034267, 44.54136270020871], [80.37492989988273, 44.53485659985912], [80.37121809975626, 44.53024910028929], [80.3682154997837, 44.52458300003734], [80.36979959973554, 44.51809579974234], [80.36912090008047, 44.50964640003105], [80.3670536996436, 44.50337260027141], [80.3632797001669, 44.499028399891046], [80.35967700043174, 44.49378909991548], [80.3544713001912, 44.48966239999039], [80.35011620032016, 44.485437900246296], [80.34699699992206, 44.480321799948506], [80.34968110041395, 44.47465709988117], [80.35074019976086, 44.46728549986829], [80.3494092001404, 44.46046770009585], [80.3540400998717, 44.45674339999574], [80.35787129957409, 44.45174539997835], [80.36058559962926, 44.44591669982692], [80.365976500142, 44.4419991997251], [80.36738889970366, 44.435106800209276], [80.37036940022193, 44.42781119970585], [80.37212750025098, 44.420068000145605], [80.37539529996342, 44.41345849995567], [80.37783280033344, 44.40692919997176], [80.37833900009771, 44.399236300096824], [80.37982890001386, 44.39094719990985], [80.38060410029003, 44.38349349969375], [80.38399360016383, 44.37765339968568], [80.38441450040031, 44.37004150016989], [80.3849217997025, 44.362064100093065], [80.3865092997777, 44.355538000145856], [80.38737699957855, 44.34762949998467], [80.38787480009496, 44.33945779979783], [80.39017079963807, 44.33335720020171], [80.39133180027756, 44.325291099767966], [80.39161920008308, 44.316740199730255], [80.39427990036013, 44.3102609997468], [80.39710160029571, 44.30491739974799], [80.4013287998333, 44.29545750005332], [80.40309900016922, 44.271662699910266], [80.40564180015853, 44.259961399800424], [80.40626409998679, 44.25209270030575], [80.40432210044601, 44.24001859970759], [80.40290590011239, 44.23340030022262], [80.4013180999999, 44.226523600199705], [80.4008782003952, 44.218577400138884], [80.3982335000116, 44.205427400077106], [80.3955996000727, 44.194278399840236], [80.39811010023766, 44.18431209969926], [80.39916960023318, 44.17497509976313], [80.39934400006076, 44.1659443997468], [80.40219250033451, 44.16010280022242], [80.40285230033433, 44.152317000073396], [80.40266990011084, 44.14054199987441], [80.39993400006463, 44.12799059998433], [80.39614679984484, 44.11945730006352], [80.39623800040575, 44.110113900312165], [80.41517970041691, 44.097540700170406], [80.43586490013881, 44.081558400147486], [80.44191600040166, 44.07607070029236], [80.44545649988827, 44.070921699912155], [80.444910200228, 44.06320329993508], [80.44662730024918, 44.05690859975357], [80.45092679979405, 44.052582600102525], [80.45348589971417, 44.046980899861055], [80.44991280036596, 44.04244139975435], [80.44825909984425, 44.036094200183086], [80.45267700003856, 44.032381900082996], [80.45775590038178, 44.02935459994005], [80.45161720000566, 44.02744250003033], [80.45530439976802, 44.023107899877985], [80.45222819992594, 44.01761059994193], [80.44993149969692, 44.01186390020573], [80.44909000015956, 44.004583499974935], [80.45312819955122, 44.0003532000072], [80.45367920009537, 43.992357899993934], [80.45606040035155, 43.98611810011524], [80.45845029989297, 43.980390299954614], [80.46221340011034, 43.97533759997696], [80.46587610012003, 43.970421000156286], [80.47179879968776, 43.96781580032236], [80.47575650014844, 43.963625999846236], [80.4787600999459, 43.95815069982268], [80.47824600039704, 43.95043990010499], [80.47413059978985, 43.946405300115785], [80.47256719971712, 43.93974070007129], [80.47522009992261, 43.93438049996377], [80.47943260032716, 43.93004040015461], [80.48482229979241, 43.926519100109395], [80.48871659985531, 43.92217910018845], [80.49165870009011, 43.916441100264315], [80.4973688995841, 43.91412970006409], [80.50183379963404, 43.91057270015447], [80.50581189993656, 43.906479699798844], [80.50904929976144, 43.90167460027399], [80.51157440024473, 43.89610599999067], [80.50929939971967, 43.89029349986568], [80.51175120037072, 43.8845470997545], [80.50759329956914, 43.88031929968223], [80.50475029967988, 43.87498379996851], [80.51038949992704, 43.87153289979099], [80.51166619998195, 43.864503800065194], [80.51841000014346, 43.86306350019496], [80.52116739956938, 43.857690799922935], [80.52181470041025, 43.85026050009962], [80.52304020008714, 43.843278499785235], [80.520769900446, 43.837256900216325], [80.52526829957122, 43.833017600023474], [80.5228332003979, 43.827110000093384], [80.51710299991413, 43.82292849976947], [80.507439700232, 43.81839320031787], [80.50865450007555, 43.81001679980933], [80.50571480013916, 43.80495069990546], [80.49969370001354, 43.802208000077954], [80.49861340042592, 43.79358449997348], [80.49003950026521, 43.79336709976203], [80.48694800031717, 43.78749389979783], [80.4808477999376, 43.783242999860576], [80.47496520026581, 43.78614250022901], [80.47348970034362, 43.79431859974727], [80.46533580030757, 43.79659239976303], [80.45607249976013, 43.7966775002942], [80.44655880011551, 43.79344770017846], [80.43945129994316, 43.79498330023864], [80.43685640036229, 43.801631300241425], [80.43022030011845, 43.80378309998078], [80.42241190022544, 43.80403240006643], [80.4128238003124, 43.80039239973099], [80.40976110035234, 43.7930848998578], [80.41436880019307, 43.786266400228484], [80.40441239999667, 43.78700989989072], [80.39462770019038, 43.788001300099104], [80.38861959958527, 43.785770700114305], [80.38707459970449, 43.77907820031422], [80.37419999984972, 43.77821059994766], [80.36287039987566, 43.777962700141416], [80.35033910018993, 43.77697109971925], [80.34472200029533, 43.77313100031994], [80.3359965004473, 43.77436729994329], [80.33051859989588, 43.777478599715096], [80.3220491998539, 43.77716389984061], [80.32098499987273, 43.76953389999031], [80.3199549996528, 43.7623437000766], [80.30725210018817, 43.763707400272644], [80.29626580038315, 43.770897499848424], [80.2893993002352, 43.774616100053976], [80.2799578996996, 43.772880800055], [80.27360640011078, 43.7696578999281], [80.27394979999276, 43.76011210002015], [80.26828489984364, 43.7576324002051], [80.24957389977384, 43.75912019972608], [80.23740190015059, 43.759086299954014], [80.22990699971527, 43.76004879972267], [80.2306910996009, 43.76730259993805], [80.22090639979467, 43.774616100053976], [80.214040000258, 43.76854220001905], [80.1999348998052, 43.76024019979], [80.19241060020556, 43.76308759973356], [80.1912090002068, 43.770153699906096], [80.19223900042677, 43.7795740000267], [80.18794739976819, 43.78676210012313], [80.1874324001074, 43.79667530025837], [80.17902099979169, 43.80262250005214], [80.16614639993688, 43.80125959971973], [80.15756339984242, 43.79494060029296], [80.14812200020512, 43.78713389990806], [80.1349041001814, 43.78391169987418], [80.12752260037263, 43.785770700114305], [80.12460439981595, 43.79097540011879], [80.11567799983949, 43.79803829997768], [80.10915479986052, 43.80138350015057], [80.09696690005667, 43.79779049989769], [80.09628020000571, 43.786266400228484], [80.08786879969006, 43.78106120002998], [80.08203240037341, 43.78775349990191], [80.07842749976574, 43.795312399780535], [80.06778450012968, 43.80361359978325], [80.05902969993203, 43.8007640998127], [80.053193200004, 43.79717090021124], [80.0444385004177, 43.79332980017212], [80.03585539971185, 43.79630360002775], [80.03997529998031, 43.800268499838225], [80.04169189963987, 43.80658690016056], [80.03070559983482, 43.8099317001266], [80.02160750036649, 43.81017949976559], [80.01010620000234, 43.81538209989212], [80.00135150041599, 43.81265700010923], [80.0051280996171, 43.80125959971973], [79.99671659958844, 43.79283410027529], [79.99122350044071, 43.79766659979649], [79.98573029978338, 43.801135800175445], [79.98504370034377, 43.810055600074605], [79.97800560041698, 43.81562979978117], [79.96392929995213, 43.819965000178975], [79.95208470031729, 43.819965000178975], [79.94744980038806, 43.80596749996185], [79.93955339973319, 43.80262250005214], [79.92393219999896, 43.79865779989612], [79.91483420024356, 43.799525100273], [79.9127741998037, 43.80906460009211], [79.92187230017034, 43.81476279997567], [79.92719380043756, 43.82058429993845], [79.92084229995044, 43.82665290010028], [79.9120876003641, 43.8304918997313], [79.9026461998285, 43.830987199682575], [79.89183149980224, 43.82665290010028], [79.88033020033639, 43.823432899784194], [79.86470899970378, 43.82677669989989], [79.86076079982551, 43.83210169978109], [79.85252109989997, 43.83470209985051], [79.84016149970601, 43.83693100010012], [79.83535499999796, 43.842502699889636], [79.82866020024018, 43.850921200321885], [79.82677190019044, 43.857358099987735], [79.82024879992453, 43.861318900303814], [79.80016439975284, 43.860699999910395], [79.79072300011552, 43.8625566002079], [79.78265489996879, 43.86577449983483], [79.77887839958238, 43.870600999949886], [79.76720539972635, 43.87678819994493], [79.76136889979836, 43.88074779998537], [79.75536080009152, 43.88718139986576], [79.74677770028397, 43.892624700196784], [79.73229410007606, 43.895383999744894], [79.72678049957695, 43.90072080012811], [79.72353939959143, 43.90781460023507], [79.7268867002065, 43.91844970027369], [79.72405430043753, 43.92759929999025], [79.71461299961491, 43.93167899981075], [79.69882010038879, 43.93031910012545], [79.68560220036508, 43.930875499851886], [79.67796329998981, 43.93211169984808], [79.67101099995241, 43.937365500086784], [79.66397290002564, 43.94626499971013], [79.65744970004666, 43.948613199874586], [79.64689250030005, 43.951146800155705], [79.63865280037452, 43.95547209994654], [79.63144300005756, 43.957016800000915], [79.62105749980277, 43.96022950016203], [79.61341860032577, 43.96208300019092], [79.60792539966845, 43.96498660029515], [79.59951400025102, 43.96714880007857], [79.5899009999366, 43.97091699999062], [79.58191869967935, 43.97233769974776], [79.57538180039231, 43.97500239983027], [79.56810000010537, 43.976599699832576], [79.55951690029785, 43.97802029984648], [79.5510197000928, 43.976599699832576], [79.54102250021275, 43.97824009968214], [79.53269689978649, 43.97854890020473], [79.52171059998143, 43.97638709991497], [79.51046679989686, 43.96971600001052], [79.50514529962963, 43.9644032999998], [79.5057461000782, 43.955444799751966], [79.48883739984444, 43.95056329995596], [79.47656370015119, 43.95062509970539], [79.46695060012372, 43.95309680029475], [79.45459099992976, 43.95371470000305], [79.4426309003056, 43.94525000027991], [79.4339058002079, 43.938821499883474], [79.42583770006115, 43.934247800185396], [79.41699719968712, 43.932455299782895], [79.40249180006215, 43.92744830003321], [79.39897270024227, 43.92194639988267], [79.39382290036524, 43.91662939991148], [79.38266490017007, 43.91576379990661], [79.37536929996371, 43.91440350012658], [79.36730119981704, 43.909456899796524], [79.35219499974352, 43.90642690025081], [79.34309690027527, 43.90698339982548], [79.33305470018938, 43.908653000006794], [79.31932179960651, 43.90444799986958], [79.29597589960753, 43.90240720008421], [79.28121299970299, 43.89436710005564], [79.27546240027574, 43.88737750025351], [79.27194329955755, 43.87933530030601], [79.2631027003688, 43.87351960026774], [79.25623629993385, 43.86442359994895], [79.24421999990882, 43.85978219995502], [79.23735349976093, 43.861019900023315], [79.22714780000521, 43.870425899875826], [79.218770700062, 43.87085290025141], [79.21087430030543, 43.86689269967647], [79.20555270032521, 43.85903340018132], [79.19688390034129, 43.85043039975036], [79.18495340020574, 43.84727359979999], [79.17662779977948, 43.84492130003469], [79.16529819980545, 43.8444261001855], [79.15396850011848, 43.838730700306584], [79.14916200041036, 43.83402550017923], [79.14315380009222, 43.83130120011308], [79.1337125001679, 43.831920399771455], [79.1175762998745, 43.8329729002883], [79.1044441997402, 43.83414930023908], [79.09725570027526, 43.833208200148256], [79.08678449984406, 43.83364999983995], [79.07967050036059, 43.84239229970235], [79.07139719985022, 43.84212620003984], [79.06452450042846, 43.84447400031795], [79.05724740012704, 43.84373810030116], [79.05203470021388, 43.83684420027587], [79.04490780002466, 43.83271560010738], [79.03430110041089, 43.83116010017068], [79.02487919960514, 43.8332825000245], [79.01560939974664, 43.84021649997393], [79.01148800019006, 43.846931200312966], [79.00573890005093, 43.85302999975397], [78.99492420002476, 43.85463920019127], [78.98436709999109, 43.85030659978424], [78.97544070001463, 43.84950190021945], [78.96436849970881, 43.84801639982635], [78.94848979969497, 43.84776879998154], [78.939435200246, 43.84851769974767], [78.91746259973759, 43.84604169982934], [78.90819279987909, 43.846660699888325], [78.89514660024555, 43.84839389969852], [78.88450359971111, 43.84901289996601], [78.87815210012236, 43.84678450029554], [78.86338920021784, 43.850126999912526], [78.85480620012332, 43.85161250021245], [78.8474247003146, 43.846660699888325], [78.83952829965969, 43.84282270021713], [78.8318894001827, 43.83873689987079], [78.82176129959612, 43.83904639972506], [78.80999450035308, 43.842995800306596], [78.80339359969537, 43.84573219998253], [78.79644129965799, 43.843194099943425], [78.78751489968153, 43.84597979985883], [78.77910350026413, 43.8450512997205], [78.77163619966767, 43.84257510019495], [78.7659714001298, 43.846103599735564], [78.75507090021416, 43.84721780002101], [78.74520039962016, 43.84344179976426], [78.73747559964242, 43.83923210029248], [78.72803420000517, 43.83867500009607], [78.72013780024861, 43.83619850027493], [78.71138309976389, 43.834155399839666], [78.69498940008927, 43.833474399848974], [78.68580549983325, 43.83657000020296], [78.6748192000282, 43.83700340003918], [78.66460529955222, 43.83607469993041], [78.65542149990748, 43.8349602999469], [78.64778249981914, 43.83019279997651], [78.64142850021892, 43.82791550006487], [78.63538709996452, 43.82399720016884], [78.62273229989347, 43.825968200122986], [78.61354730009948, 43.82812029999259], [78.60212169986596, 43.830599799781716], [78.59267919979244, 43.8331029000893], [78.5858818995658, 43.83562769999467], [78.5730240002905, 43.83842729992261], [78.56615750014254, 43.84034650019316], [78.55568619999826, 43.843256099989354], [78.54521489985407, 43.84455599988047], [78.53714679970733, 43.850003199964505], [78.52693290012972, 43.84845579975523], [78.51697659964631, 43.84257510019495], [78.50590440023879, 43.83941790006469], [78.49714320044308, 43.84118910032184], [78.49260320033707, 43.84549989992736], [78.48893960021553, 43.85024150010821], [78.48070460027556, 43.85151659995057], [78.47277630044496, 43.85323719971041], [78.46891889958069, 43.85829630011553], [78.46262930020315, 43.86042290021308], [78.456411300147, 43.85734219977728], [78.44996589966156, 43.855335999931214], [78.44181199962541, 43.85663560030162], [78.43528879964651, 43.8589875002653], [78.43134059976815, 43.864495300071724], [78.42327480020697, 43.86456559985181], [78.41417449986616, 43.86517599972723], [78.40799469976925, 43.869631200239276], [78.40069909956287, 43.8732819001995], [78.39486259963486, 43.87736540022266], [78.38624669964138, 43.876952200102025], [78.37889809973161, 43.87550930000937], [78.3708299995849, 43.875818699711864], [78.36310519960715, 43.87495249979112], [78.35014479986302, 43.87693230012716], [78.34164759965789, 43.87959260013201], [78.3372561000515, 43.89283370008584], [78.3206243001142, 43.89047069994416], [78.23372630021261, 43.89758810004376], [78.21545389988536, 43.89627640012962], [78.20094250041264, 43.89092329978597], [78.18812710043342, 43.881511300047904], [78.15564159969826, 43.87835520021631], [78.1400921996097, 43.87457119980872], [78.10588350019094, 43.87023310022887], [78.06202289981258, 43.86516349987734], [78.05315870008471, 43.86624529972116], [78.03933499958956, 43.870335199697685], [78.02396090033882, 43.867640900119696], [78.01422110012705, 43.86636289969785], [77.98785280038828, 43.86771059972018], [77.96699560023897, 43.87309570015751], [77.95819160021146, 43.871178800252025], [77.93125509988587, 43.88077049973244], [77.90665590004681, 43.87505359977114], [77.88694999963027, 43.85718870005356], [77.85078670000217, 43.85005800013541], [77.84552249967372, 43.8683872001044], [77.83836310023418, 43.879211399771734], [77.8292430001262, 43.90288019987627], [77.8285526996276, 43.91730619991964], [77.77794160035063, 43.92354199989703], [77.77827690012366, 43.93565860020837], [77.78836679985278, 43.95441059970366], [77.82377029992197, 43.985976499952486], [77.83228319998331, 44.00379149981523], [77.83721280032631, 44.015105799846275], [77.80950530024684, 44.025288899781245], [77.77922240031639, 44.04257109995408], [77.73608790009744, 44.06232960028817], [77.72746529957021, 44.06878020006136], [77.6158178000045, 44.036441100053935], [77.61320629955719, 44.046752699892345], [77.60974379988845, 44.06042179988905], [77.60788469957703, 44.072509300080235], [77.59829059981615, 44.07704470016119], [77.56791189995052, 44.091403100139274], [77.52717869979226, 44.10343340028572], [77.50440800005283, 44.1071967002439], [77.47665949996552, 44.115994200253205], [77.46481539979393, 44.12191880026932], [77.35207360039688, 44.157692999956716], [77.35926489991049, 44.203788200226946], [77.35785280038618, 44.211841800314545], [77.3384345000994, 44.21646010007422], [77.36051680017528, 44.24026509968424], [77.37166629961298, 44.25125600022526], [77.3882425001224, 44.265954499678735], [77.39070920023076, 44.274785999931105], [77.38778300017647, 44.28058879978326], [77.37620499985675, 44.29279799975167], [77.37295919988564, 44.301103300136845], [77.3785509996285, 44.33799360010714], [77.36418450020783, 44.3373361001751], [77.35449799973681, 44.33840379992844], [77.34798599995277, 44.34045029978592], [77.3422631997903, 44.34355519977241], [77.33259379964903, 44.344613600184886], [77.31848420043328, 44.3448253000738], [77.31088680042743, 44.34835329973428], [77.30171070024299, 44.34849440009233], [77.29225369956418, 44.35736699991814], [77.26806269958014, 44.350993000230396], [77.20918199995342, 44.34413060015675], [77.17976739989855, 44.37281760028461], [77.1751319996077, 44.39107440027464], [77.17805099966492, 44.44577400002242], [77.11125459997778, 44.46427950010216], [77.06442539996212, 44.4976081997973], [76.93319439992881, 44.571125200225104], [76.94206269956764, 44.58335810017075], [76.93570020010817, 44.60693920020892], [76.92095100041013, 44.61311099987897], [76.92684029971723, 44.62983759992976], [76.91481030038415, 44.63838930022537], [76.91426380039962, 44.66070669972868], [76.89576679969176, 44.6796988001524], [76.84656680011429, 44.75452549975407], [76.83760299967918, 44.847691699729864], [76.87817599967964, 44.880016099974895], [76.8201926002407, 44.95857949989434], [76.72922459968808, 45.027578399756116], [76.6465154996519, 45.022685700168225], [76.61000419986932, 45.038850100065545], [76.56837000026084, 45.034777699829455], [76.55711060003301, 45.07751789993554], [76.54557120032099, 45.08171320000352], [76.52603369988421, 45.19012869995605], [76.48202010024333, 45.26073709989677], [76.48388109959325, 45.29317910007043], [76.3963955996992, 45.385464300132135], [76.2653610001331, 45.45390890020373], [76.18345070001384, 45.622800100088966], [76.17169799982916, 45.68353140009125], [76.19624739976383, 45.73168510006715], [76.1807720999064, 46.45256449987401], [76.23380580009605, 46.478344700177566], [76.23028899996332, 46.51713609988628], [76.21703340034199, 46.562037899906386], [76.2252177999787, 46.638509599851574], [76.31693259967136, 46.654786100135205], [76.3674324003796, 46.69105459972567], [76.3852362996418, 46.64883979994881], [76.37742530002438, 46.6220627000657], [76.38973379955337, 46.615547199748036], [76.4031270004149, 46.62247190006141], [76.43353369986963, 46.643355799747454], [76.48142700015337, 46.62708869975324], [76.53767099979248, 46.59342550003122], [76.52722899999785, 46.61892219981934], [76.52519250038418, 46.64257609992334], [76.60460839994495, 46.66557350029513], [76.69703739981442, 46.64688319994677], [76.7007253002627, 46.62751910004385], [76.83858350003203, 46.58502360012275], [76.93185039988956, 46.538336499891564], [76.94663950005763, 46.551855900270574], [76.89308050012403, 46.61587649974707], [76.87060810034772, 46.62211210020097], [76.81999959989689, 46.67108070004927], [76.83308259991439, 46.677976100052774], [76.87849579992074, 46.63222029975088], [76.91867129989954, 46.62579070016777], [76.9419555000115, 46.61740969985215], [76.97481759966658, 46.62030629973835], [76.97709220044133, 46.63314020024299], [77.00398589963693, 46.64658199996172], [77.07249399957212, 46.62276609972177], [77.10601460026307, 46.56970470024777], [77.1068788999406, 46.54599880012535], [77.15172569958389, 46.54377669969667], [77.26354930038642, 46.54276290017113], [77.28241660012905, 46.58478859992146], [77.33848059984311, 46.613432299715015], [77.39667189998143, 46.60771540001738], [77.55557269959837, 46.62121109977459], [77.55480500025487, 46.63734160001148], [77.54980580024029, 46.643712200255045], [77.46550450014337, 47.16099280019723], [77.60861959963286, 47.20951369992756], [77.86726269972992, 47.16999350018768], [78.01430569986721, 47.28256219973231], [78.14204440041885, 47.191027600079146], [78.3034050001844, 47.33089359988664], [78.472259300236, 47.23396200011335]]]}, "properties": {"ADM0_EN": "KAZ", "ADM0_PCODE": "Kazakhstan", "ADM1_EN": "Jetisu Region", "ADM1_PCODE": "KAZ010"}}, {"type": "Feature", "geometry": {"type": "Polygon", "coordinates": [[[73.47549660004576, 51.30978620027906], [73.50108339962331, 51.30618120020893], [73.51214450034544, 51.306283800230894], [73.5349552002678, 51.307512000087975], [73.67106800038958, 51.27862150010746], [73.82767100023953, 51.24515180006054], [73.98685680026188, 51.211105199975016], [74.030769899982, 51.20173439983588], [74.0255096001385, 51.19754400015891], [74.01742580013556, 51.19760369980355], [74.0115359995685, 51.1937025002744], [74.00918960004635, 51.18755849999327], [74.00016909974723, 51.17795109972137], [73.99978890037968, 51.16924059998838], [74.00422200006851, 51.16433239993976], [74.0111578995637, 51.15910370000837], [74.0163744999619, 51.152166299956654], [74.01620079992199, 51.1442345998365], [74.021224099939, 51.13570489980836], [74.03374819962775, 51.122270200102655], [74.04040510036205, 51.11794979978755], [74.04401000007137, 51.10458630002916], [74.04864480028762, 51.09844200019698], [74.00057969990068, 51.044942000057944], [73.9997213003579, 51.03565949975665], [74.00092300006966, 51.02626710002908], [74.01122270043504, 51.0207603997937], [74.01911910019162, 51.01136509990474], [74.01808909997166, 51.003912199989884], [74.02718720033835, 51.00185979988289], [74.01963409985241, 51.000347399954975], [74.01652810019745, 50.9914515998241], [74.0091059004181, 50.97582339988746], [74.00329670029156, 50.970557600140005], [73.99029429981627, 50.95274800023428], [73.99620040031415, 50.950574399968275], [74.00429809994945, 50.94930270018836], [74.01187339960268, 50.94712889974434], [74.02290339975133, 50.94178009971958], [74.0293958000925, 50.94531549997119], [74.04052299975152, 50.94197279989796], [74.04602449994375, 50.93940949976577], [74.05425319999867, 50.94154180027113], [74.05796389968884, 50.947894100169414], [74.06049770035567, 50.955564200198474], [74.06600960034393, 50.96131629974458], [74.07112280016136, 50.96470079999543], [74.07146430010656, 50.95593690008637], [74.08489560031587, 50.95381620018866], [74.09368449966342, 50.94939300012117], [74.09325360027948, 50.93878470013627], [74.08483999998965, 50.93648440000057], [74.08743000015903, 50.931050300017944], [74.08009450038101, 50.926943700030506], [74.0849536000422, 50.920695300041935], [74.07788700016472, 50.91601050007166], [74.06645040006063, 50.9177307998812], [74.05907909972359, 50.92019750014641], [74.06345470004776, 50.914686399859626], [74.05032479988755, 50.909711999955825], [74.04784049998621, 50.903977200004746], [74.05675990028996, 50.90145879976332], [74.05579829959235, 50.891082200101124], [74.06028240023319, 50.883986599838366], [74.0705979998808, 50.88048229999606], [74.0612530999663, 50.875135700016166], [74.05185409991203, 50.870357099923105], [74.05764019986108, 50.86463589994196], [74.06607320016775, 50.86443310016112], [74.06257570033883, 50.85825079993971], [74.05617400019705, 50.85393839994139], [74.05934569993701, 50.84736179977426], [74.06572489997588, 50.842583100257016], [74.05602780028285, 50.84346680024473], [74.04748710005845, 50.84459760015283], [74.03959749965027, 50.84657779985068], [74.02686529983602, 50.83870390019876], [74.00768659999841, 50.83669670021085], [74.00134939979228, 50.83419380005281], [73.9948277997129, 50.82973840005016], [73.92120589988566, 50.77965010007961], [73.93557520025348, 50.760599100033836], [73.94338820041904, 50.75471950026848], [73.92282960027013, 50.73225579999895], [73.88077469985119, 50.6977136997336], [73.89419970017546, 50.664421499990766], [73.9641217995718, 50.625952000080275], [73.99396650040833, 50.61075560019933], [74.02219729968357, 50.610215800247516], [74.03810879988335, 50.61182120003304], [74.05791779994507, 50.612313000272], [74.11180850010238, 50.61520720011805], [74.24349849972003, 50.62035159977148], [74.28666709998717, 50.61685279983781], [74.30323949972465, 50.619487099970925], [74.3180234004438, 50.62466720011458], [74.36815719965759, 50.63711649987479], [74.40002580033759, 50.66229399988928], [74.45023059969643, 50.66332619987237], [74.47153109957387, 50.64957869982047], [74.48115199967295, 50.64512579976238], [74.51805460020343, 50.638363899740085], [74.52671609957899, 50.63612509972891], [74.55548119971725, 50.63218090019956], [74.56923399978022, 50.629331900052584], [74.5809941999992, 50.62866380010797], [74.60598129956442, 50.61534180006716], [74.61315329967246, 50.61232830011444], [74.62782999993729, 50.607493700171254], [74.6275724996577, 50.58895849990146], [74.596815200324, 50.554614299961024], [74.60077609968548, 50.51584439989774], [74.61002639981405, 50.507856900038774], [74.63211599960005, 50.488777600279036], [74.64509219981177, 50.466445899747846], [74.67776229984618, 50.47890600022624], [74.70896319984352, 50.480385200255455], [74.72295709964402, 50.51321930021665], [74.72825769970778, 50.522163999885876], [74.7252724003893, 50.52860149973483], [74.75846979981749, 50.54575049991052], [74.82652110014247, 50.482736599819326], [74.87125839964423, 50.4544300000596], [74.89272610025056, 50.461166899796346], [74.91414230044164, 50.467831499859386], [74.93911500001282, 50.44550420009843], [74.95531899975401, 50.42829669977788], [74.96611609998713, 50.41196959974572], [74.96765769974455, 50.38909870013416], [74.96648669995766, 50.373059699942125], [74.97159589957714, 50.36231780009853], [74.97323219973173, 50.3517318998619], [74.9597405003959, 50.346739899815745], [74.97230300036819, 50.32987490012091], [74.99164619970061, 50.319943899785656], [75.01866000005641, 50.30272349971892], [75.03886219990454, 50.29427829997871], [75.09697289960236, 50.276386700032994], [75.13984270044311, 50.2548244002502], [75.1304663002048, 50.23152669992029], [75.12120709956838, 50.22976119985853], [75.10920400028647, 50.225157100227015], [75.11625530005806, 50.21806500020593], [75.07098040018128, 50.20548689976097], [75.06705880031686, 50.21335550011157], [74.99957379974359, 50.20058899974385], [74.98386249988461, 50.18830350007516], [74.93632349964048, 50.18441619999322], [74.91888439992701, 50.17452810026687], [74.8994662002515, 50.16425589972586], [74.8897361000482, 50.15796440005398], [74.88312449955704, 50.151201999820636], [74.87586509966003, 50.14507789984997], [74.87089100037112, 50.14038379984337], [74.86527300036461, 50.134433700229685], [74.8459100003667, 50.12370169980754], [74.84106909967478, 50.11947630019259], [74.82168310011062, 50.11618390005753], [74.81226560015149, 50.11171410018525], [74.80331070022427, 50.1067636999504], [74.81324990037793, 50.09188299990503], [74.81658979977341, 50.085583899958834], [74.83029629976839, 50.06394199998254], [74.83778199965849, 50.05267459984855], [74.8450606998594, 50.0406922999937], [74.87283899975967, 50.040374599899216], [74.91257830029433, 50.03799440017386], [74.93069590023687, 50.02419440011632], [74.94496339992341, 50.01343610010442], [75.0099236000507, 50.022640599798734], [75.01242940023008, 50.02959950015832], [75.0624499003269, 50.04905040020928], [75.07818819995009, 50.06024559998565], [75.24892860007728, 50.136745599918235], [75.32948240010005, 50.172795199746865], [75.34989730034623, 50.17462120018177], [75.39204850016365, 50.180735999822105], [75.44124939985304, 50.18759910012819], [75.51015789957167, 50.18257159994794], [75.57025300018996, 50.18089019998976], [75.59080639999168, 50.18153839991658], [75.64199900031164, 50.18923469999485], [75.67264539992851, 50.22008099988597], [75.68921689955407, 50.22271699990862], [75.69654099971113, 50.23162749979929], [75.70468649960105, 50.234237400273344], [75.72001149963332, 50.23401269993256], [75.73434199996736, 50.2225045000836], [75.75539880038296, 50.221673599765126], [75.77030380029066, 50.20936720011183], [75.7763873998039, 50.20333099981162], [75.79419569991263, 50.20432470015135], [75.81658220008656, 50.203504899956926], [75.84785619959183, 50.20405529975116], [75.85688899962385, 50.2082437998403], [75.91213709998951, 50.220301999946024], [75.9290787998352, 50.22105280002228], [75.96829709996295, 50.23814280021532], [75.97822880008238, 50.24318939998311], [75.9926236000278, 50.247834999897975], [76.02159150023127, 50.25126990027442], [76.03666180003272, 50.257211599792605], [76.10660509966978, 50.25771820002162], [76.21616469981791, 50.21274090013347], [76.22296290015647, 50.23571570018487], [76.2668493998627, 50.26290249994347], [76.26604640032183, 50.287580199856976], [76.2725270003934, 50.304784200155424], [76.30220650015082, 50.31069309995695], [76.31009229978706, 50.31194480012375], [76.32637509974491, 50.31481680020671], [76.31997679972648, 50.328601200041234], [76.32976340036784, 50.32867339983466], [76.37128719972283, 50.32661480019947], [76.46723209961314, 50.32768099976456], [76.52603830015678, 50.33050829983136], [76.60449639979197, 50.29885180005597], [76.65060199965977, 50.27265190012545], [76.7419519000908, 50.49533209986796], [76.78147899969072, 50.59136189986776], [76.84538700043079, 50.63980769972569], [76.98638539961628, 50.6564544002172], [77.0108702996152, 50.65475899985134], [77.06173679980893, 50.659695500120115], [77.07699299967018, 50.667503700035795], [77.25312690003463, 50.56719799985298], [77.37847679968435, 50.548063000137965], [77.45045009962413, 50.550727799976215], [77.49367990031497, 50.53169649983523], [77.56676210040432, 50.49950560010902], [77.59348769965744, 50.487728199764284], [77.6459056999413, 50.46462009976595], [77.64339049979077, 50.36117219990566], [77.60031719999543, 50.27831399980726], [77.69717019961995, 50.221852700147664], [77.7022768004133, 50.203969899736286], [77.6957537001473, 50.192871500040425], [77.67854470030059, 50.16071530023818], [77.51100320000182, 50.07111389986302], [77.49323619993825, 50.05813859993136], [77.47607010003627, 50.050698999749784], [77.44581479994457, 50.02131489982744], [77.41766229962622, 50.01599299997615], [77.3449207999814, 49.99381649998517], [77.27702869998936, 49.97030499982423], [77.23178519982497, 49.94319170016771], [77.22445740040563, 49.942080100230434], [77.21487660020253, 49.9412308002026], [77.20625059955198, 49.94406859984757], [77.19504970031045, 49.944275699913184], [77.18783989999349, 49.942397699939214], [77.18191749956478, 49.93739849983213], [77.17640290013901, 49.933876600269315], [77.17071660032316, 49.930105899868735], [77.14642649999368, 49.87816959986931], [77.16187609994913, 49.86190550013509], [77.15106139992288, 49.817843399886726], [77.14539660038503, 49.772078199809805], [77.18264709956041, 49.756554699825536], [77.17698230002257, 49.706069200200155], [77.16702589982617, 49.68341680016771], [77.10484159992794, 49.615591100020616], [77.151190099757, 49.52497270004268], [77.15942990029386, 49.497999600261316], [76.84169039979898, 49.51432829974653], [76.60481990019377, 49.440140199869944], [76.5899963999402, 49.38246439987095], [76.67016489996124, 49.322299800170455], [76.66785390034948, 49.288646100057036], [76.75231180015668, 49.2703674002326], [76.9030539000389, 49.1891982000911], [76.90538090044247, 49.125377899921844], [76.98629700000248, 49.094707600069], [77.03454569986383, 49.04345130000279], [76.93860559967209, 49.016605900229756], [76.91828439999821, 49.03591639985156], [76.83545130011348, 49.013082700060586], [76.83661000016751, 48.94546139983436], [76.85102959990304, 48.89041240018668], [76.83455010033894, 48.8696404000989], [76.83304800040294, 48.8484291997146], [76.88385980038231, 48.814076900288704], [76.89055460014012, 48.8199546002136], [76.99715629958592, 48.82967390013319], [77.03801170026726, 48.83419389993299], [77.13173879985824, 48.84244180020738], [77.15645809995911, 48.843119700028936], [77.1792890002973, 48.846169900097664], [77.28938830018329, 48.854458199733365], [77.31442949988813, 48.78187850024309], [77.33164919956823, 48.74185769973173], [77.31636359964439, 48.73795729997836], [77.31320629989841, 48.73237600000538], [77.31481560028884, 48.725072599986746], [77.31818449999663, 48.71956599970765], [77.31337800028852, 48.71536840014743], [77.31086740041063, 48.70913860025034], [77.31076010024313, 48.700458000022046], [77.31236939973535, 48.69394309976928], [77.31721889999938, 48.68952379989839], [77.31827029988598, 48.68095319999305], [77.3159099998332, 48.674166599907444], [77.3108888997903, 48.670184799958655], [77.30659730003002, 48.66540910000276], [77.3031640998126, 48.660349500077984], [77.3045588995812, 48.652312699833736], [77.301104199984, 48.64665630007145], [77.30348600031486, 48.64044640020223], [77.31039529979614, 48.63766720009877], [77.31395729956077, 48.632590699722485], [77.15751359975674, 48.49083069996398], [76.98603639963687, 48.49907720006077], [76.96010569981577, 48.50218260000756], [76.90408599962164, 48.48282159974187], [76.90119400022685, 48.47033609990861], [76.90518459968824, 48.45680369975406], [76.90110010022853, 48.43725899998462], [76.90060340014843, 48.426951000119836], [76.8940790997332, 48.417392900220605], [76.89044419988667, 48.41168220001672], [76.88381360002732, 48.40771549973177], [76.87563289965297, 48.40568289983614], [76.8683305000983, 48.40411140023266], [76.85701770041669, 48.40561460000424], [76.82674210019628, 48.40457880001451], [76.84139100029789, 48.36935460024058], [76.88504499983897, 48.34898299991646], [76.9372189997254, 48.32958079989667], [76.9489581003149, 48.31987029972519], [76.98168729961358, 48.28642189995691], [77.03204889990522, 48.2778533999846], [77.09339930001335, 48.27159170007411], [77.15487140028291, 48.26977229979223], [77.1469914998832, 48.244347600189975], [77.1167361997915, 48.23820329974942], [77.06012489969403, 48.2370878002688], [77.04855989979305, 48.21593790024244], [77.0466220001632, 48.2015182002186], [77.05971169981615, 48.1757173000683], [77.16289040031279, 48.10486690011261], [77.22718939996679, 48.10806189970288], [77.25402230028564, 48.10432329980493], [77.29281319996754, 48.10006690003788], [77.30602089962126, 48.09102830019449], [77.3378696996358, 48.07302399981966], [77.21891900011646, 48.03313249992088], [77.197184700195, 48.027941599936696], [77.16797670007908, 48.01988119990474], [77.19400210029741, 47.95869850003131], [77.14160500021697, 47.94344739971042], [77.12334130007324, 47.86935089996184], [77.11984339959575, 47.85396460000066], [77.09443889963039, 47.85159030001206], [77.0800546000923, 47.85514919987236], [77.03998080018353, 47.85791439983696], [77.04708770028127, 47.83699250027912], [77.01063120042592, 47.741996799985124], [77.0019594997819, 47.71686890018113], [76.9877784997724, 47.70236009994224], [76.97548479998768, 47.67149980007302], [76.97089770031306, 47.645220200217466], [77.00975309993068, 47.61443480001237], [77.01468279998666, 47.57305259986673], [77.03487700033718, 47.49619060028595], [77.04596769964964, 47.4752405997497], [77.05646240000871, 47.4177045000324], [76.9780773001684, 47.44010309996618], [76.87216030022546, 47.442543199733386], [76.84938329970264, 47.3216356002228], [76.84870550015955, 47.29047929989858], [76.78336020035478, 47.247158500060806], [76.83393510022073, 47.2285840998929], [76.88332020035749, 47.18068040009099], [77.13843879996323, 47.08099539982788], [77.17171559968264, 47.08261800026183], [77.23022809963734, 47.17524510016289], [77.28810109972113, 47.18457839986818], [77.33238820043334, 47.164778400147654], [77.38771859995376, 47.15020589981329], [77.46550450014337, 47.16099280019723], [77.54980580024029, 46.643712200255045], [77.55480500025487, 46.63734160001148], [77.55557269959837, 46.62121109977459], [77.39667189998143, 46.60771540001738], [77.33848059984311, 46.613432299715015], [77.28241660012905, 46.58478859992146], [77.26354930038642, 46.54276290017113], [77.15172569958389, 46.54377669969667], [77.1068788999406, 46.54599880012535], [77.10601460026307, 46.56970470024777], [77.07249399957212, 46.62276609972177], [77.00398589963693, 46.64658199996172], [76.97709220044133, 46.63314020024299], [76.97481759966658, 46.62030629973835], [76.9419555000115, 46.61740969985215], [76.91867129989954, 46.62579070016777], [76.87849579992074, 46.63222029975088], [76.83308259991439, 46.677976100052774], [76.81999959989689, 46.67108070004927], [76.87060810034772, 46.62211210020097], [76.89308050012403, 46.61587649974707], [76.94663950005763, 46.551855900270574], [76.93185039988956, 46.538336499891564], [76.83858350003203, 46.58502360012275], [76.7007253002627, 46.62751910004385], [76.69703739981442, 46.64688319994677], [76.60460839994495, 46.66557350029513], [76.52519250038418, 46.64257609992334], [76.52722899999785, 46.61892219981934], [76.53767099979248, 46.59342550003122], [76.48142700015337, 46.62708869975324], [76.43353369986963, 46.643355799747454], [76.4031270004149, 46.62247190006141], [76.38973379955337, 46.615547199748036], [76.37742530002438, 46.6220627000657], [76.3852362996418, 46.64883979994881], [76.3674324003796, 46.69105459972567], [76.31693259967136, 46.654786100135205], [76.2252177999787, 46.638509599851574], [76.04909460034594, 46.738143899735526], [75.88590690005601, 46.724738500116764], [75.60985760014438, 46.69352999973584], [75.52224540006607, 46.70749180008811], [75.32703549975885, 46.68205840014081], [75.0189389000027, 46.55729769985013], [74.74356489962274, 46.52638549989444], [74.1657195003884, 46.138325700038095], [74.0825191997582, 46.04037299983408], [74.06057280041175, 46.00104990022722], [73.72823949977973, 46.0016477001996], [73.68222550022313, 46.000815500211715], [73.58056539991769, 46.00096840004214], [73.54474399998506, 46.000305800273786], [72.80709869982385, 46.001551099982535], [72.09187469967226, 46.00269090028733], [71.5489568003061, 46.00534389977539], [71.32604210025517, 46.00726269989577], [71.3119416997879, 46.22204069995974], [71.32968940044589, 46.326588500280714], [71.2850197000676, 46.50401169969921], [71.34683490018185, 46.71958469990118], [71.32411799964645, 46.88728020025932], [71.30922079981035, 47.14181950011522], [71.30855770029855, 47.20907530011462], [71.30667290008516, 47.39522399989142], [71.36169380034579, 47.535278399874386], [71.38131769984831, 47.656158499988635], [71.57668769970206, 47.54342539986562], [71.71268580023342, 47.51886779996706], [71.78713770026398, 47.70250459990146], [71.79392079992266, 47.70127009990586], [71.80294619963333, 47.70201159985083], [71.8137144998785, 47.70069029989411], [71.8234711003827, 47.69960490027522], [71.83203570028523, 47.70219359994032], [71.84129149990001, 47.702436299794094], [71.84813309964656, 47.703892400227], [71.85736880035518, 47.705618099758105], [71.86298840026117, 47.709413099938146], [71.86786129984178, 47.71292069973458], [71.87477449980807, 47.71592309998376], [71.88039849966238, 47.71903970004129], [71.88496000004635, 47.72430980016868], [71.88752409998936, 47.73094199987849], [71.89171100020492, 47.73528949998616], [71.89591610028816, 47.74117590009767], [71.90213630031849, 47.74375080025583], [71.90657039983225, 47.749294700249244], [71.91182580026415, 47.75274640027274], [71.91962469957475, 47.75553169988725], [71.92706559958333, 47.7564200001028], [71.93463479967572, 47.75960250019089], [71.9393697997754, 47.7658726002431], [71.94437309970094, 47.77004609976065], [71.95317389992935, 47.770425499885754], [71.95989630042426, 47.772805199836526], [71.964828999955, 47.7768529997714], [71.97237650034343, 47.777511399944885], [71.98122120034151, 47.77851730011477], [71.98808789991536, 47.77732309975069], [71.99710500009115, 47.77634769973342], [72.00363649960507, 47.77803030027179], [72.00905740025503, 47.7808679001836], [72.01610890035091, 47.778920699792714], [72.02047690002944, 47.783246199947406], [72.02881820031195, 47.78642630015019], [72.03506790011778, 47.78889549982622], [72.04142349961757, 47.79117249983159], [72.04903980017696, 47.79214310022965], [72.0553589002284, 47.79409730003388], [72.06405629987604, 47.794823599928904], [72.07346110035203, 47.79468909982024], [72.07997669968535, 47.79681490006391], [72.08662990025897, 47.800234500236925], [72.09463939970644, 47.798788799989524], [72.10390029995534, 47.798155400015304], [72.11293409981229, 47.79824880011087], [72.1225862999108, 47.79936179976431], [72.09416130014257, 47.83896419983885], [72.08508500009128, 47.84547970009438], [72.07244899996246, 47.84900180010855], [72.06334950002059, 47.86547040005429], [72.06872249980471, 47.87151340012022], [72.06114210041567, 47.885030900242505], [72.04168449973348, 47.92645539984969], [72.04275290023683, 47.933727100070584], [72.0401310997065, 47.939813699865304], [72.03555779995122, 47.94507920016886], [72.03175559966284, 47.95063869992432], [72.0283394000621, 47.95598999976572], [72.02421460038212, 47.96081549981618], [72.02090649955115, 47.96676870021013], [72.01390950024354, 47.96954729981586], [72.00596359972158, 47.97181339976703], [71.9993398001089, 47.974845900225105], [71.99393080033978, 47.978149299921576], [71.99273509957749, 47.985149199809534], [71.98977050013808, 47.99128039993899], [71.99193300014846, 47.998002599832084], [71.98779950028496, 48.00233090028652], [71.98289670028018, 48.00646729991941], [71.97916580017417, 48.01077690029709], [71.9744840001023, 48.01500870005445], [71.97242630024785, 48.02168740019738], [71.96687919977516, 48.024547699774075], [71.9612785004227, 48.02707279986347], [71.9556061002392, 48.03036360008274], [71.94966540022985, 48.033438900154806], [71.94257299983909, 48.036582100195744], [71.93967179989914, 48.043431299991205], [71.94579140029572, 48.04706799985742], [71.95534720038442, 48.05259009973389], [71.95570150042411, 48.06121629980382], [71.96233150020885, 48.06458179981938], [71.96301480013648, 48.07241969972815], [71.96686340020594, 48.07897060018646], [71.96773649978, 48.089603900106816], [71.96935599964222, 48.097835200102075], [71.9721775998648, 48.10346269993843], [71.97213960022995, 48.111776299773176], [71.9749106001492, 48.11756279990468], [71.977823900396, 48.12288889998843], [71.97416470022273, 48.132694500238365], [71.97087220043325, 48.137447400297106], [71.9685460004286, 48.14365649979956], [71.969163399947, 48.15107060008159], [71.97083639987427, 48.15844790016255], [71.96731139991957, 48.164236700037094], [71.96448419959954, 48.169768300208766], [71.9602432998556, 48.17393310006902], [71.95459790033462, 48.17719059997512], [71.9493461003503, 48.18075220025503], [71.94337850028973, 48.185715400042014], [71.9398712995541, 48.190684000119155], [71.93327750007866, 48.19217510002996], [71.93063809975527, 48.19852670006784], [71.92436640020811, 48.201561999721775], [71.91965309981245, 48.20485690011205], [71.91124240018272, 48.20719750018363], [71.90766899989879, 48.2130065998897], [71.90430130034028, 48.21956299973307], [71.90032829977366, 48.22713279986017], [71.90564250033081, 48.236808400157166], [71.90101149998829, 48.24179719984628], [71.9061738996355, 48.245083499766736], [71.90339029994607, 48.25120049995565], [71.90735590019133, 48.255279100035], [71.90118140015454, 48.25795790021382], [71.89318479961631, 48.263450099956884], [71.88867439989724, 48.26714460005168], [71.88357830040954, 48.27127940000766], [71.87776429968613, 48.275199599958064], [71.87426450017014, 48.28000179979343], [71.86829039990023, 48.2828442001344], [71.86486480032833, 48.28937020004241], [71.85981210024865, 48.293082800274725], [71.86348290036723, 48.297880800056376], [71.85941210021558, 48.3024695997765], [71.85490289974743, 48.308188600172834], [71.85069779966419, 48.312830000023524], [71.84611709958763, 48.316792700258425], [71.95386789969031, 48.34910819994989], [71.98581010023992, 48.45322989983954], [71.99541480012114, 48.482825199792565], [72.00127699995113, 48.50025030009869], [72.00832660011015, 48.59774579994755], [72.01170119962839, 48.62629030027846], [72.00920710000558, 48.671524100140616], [72.00227149964934, 48.68041170010534], [72.00206320009791, 48.71260379995831], [72.03675189991574, 48.71493920027854], [72.03812930021559, 48.727295800155154], [72.06259429983598, 48.733981000142094], [72.0856033998754, 48.73567279978293], [72.10396489960411, 48.737576999713085], [72.1001618001021, 48.791725900207936], [72.09151219981071, 48.793279799917585], [72.07049189974177, 48.804270300096164], [72.06565009983628, 48.81067860022415], [72.06489100006499, 48.81938789972283], [72.06052919966024, 48.82972629998375], [72.10464050007143, 48.83158740028975], [72.09660020008779, 48.92812119986634], [72.07741180024179, 48.92695739982665], [72.05013569990784, 48.923852500127495], [72.0406368000075, 48.924890899708565], [72.01265220020561, 48.95207650011135], [71.99592370022117, 48.95178510026894], [71.98536929962499, 48.96896120017151], [71.99676470029519, 48.98165439986959], [72.02047990040252, 49.00130660001611], [71.97554750029578, 49.02707629981995], [71.96471650033875, 49.03209260010887], [71.95885880017002, 49.03518850014457], [71.94220070025608, 49.04212019984115], [71.94194789996214, 49.05139970015256], [71.94282499973416, 49.0649696000581], [71.94237649965892, 49.16970289997052], [71.93320920026933, 49.170060999938904], [71.91967230040336, 49.169564399787554], [71.89606640011331, 49.167336800091306], [71.76417680022946, 49.16351380023034], [71.69396230010643, 49.16408489987935], [71.66822859992875, 49.164499699840576], [71.62890419978287, 49.178770300061764], [71.6400243000562, 49.23695820022862], [71.17603280016763, 49.19368089992679], [71.00454840005077, 49.171457400206975], [70.94394440023073, 49.22284229977763], [70.81854200034083, 49.25983169978828], [70.77627790025853, 49.30948840012784], [70.77309980002217, 49.33470709983802], [70.77016299984754, 49.364685800195225], [70.74051070017858, 49.376312099744695], [70.70903530018319, 49.37915880002107], [70.68206809993276, 49.3861104999156], [70.64755199971869, 49.38967399984302], [70.54942669998763, 49.39087420000385], [70.55457779972687, 49.13910269991165], [70.55119589960034, 49.126404999775424], [70.49648159973607, 48.99309319998746], [70.44908489981943, 48.90296429977219], [70.42862919988974, 48.85765700011356], [69.87532069963449, 48.79655250004234], [69.82548720003373, 48.7988137001239], [69.81788530036667, 48.77271079980734], [69.77238020001181, 48.71685060013124], [69.42382809989438, 48.64359680005685], [69.2942806001957, 48.6884023998809], [69.15540840009994, 48.798044899922985], [68.90467609975342, 48.796273600286256], [68.71640869976218, 48.86605350005724], [68.36292439957731, 49.14751480013111], [67.98065770039678, 49.17864960014677], [67.9434223998177, 49.1763961001024], [67.91081570018103, 49.208203000106565], [67.93062910019104, 49.30901960021927], [67.88356429992413, 49.421204099944404], [67.79096370027585, 49.49998889993208], [67.73722350026802, 49.551675100023026], [67.71854160022359, 49.58980429977903], [67.69778179990887, 49.63450249998555], [67.67531769966749, 49.672884800235366], [67.66537860012514, 49.6981430999578], [67.62089319990713, 49.69685160006991], [67.60289670005145, 49.705896699997346], [67.59459850003796, 49.70843439977523], [67.58774239968608, 49.71073019999243], [67.58183449986268, 49.712866999785135], [67.5756054002229, 49.71611420008819], [67.56806049955892, 49.718570600231615], [67.56132599965544, 49.72165239994362], [67.55231319971492, 49.72414510028299], [67.54696629958309, 49.72704179987494], [67.54438309966052, 49.73371419980177], [67.5458975999407, 49.74050339981748], [67.54747820005613, 49.753212500201435], [67.54816710008127, 49.76184349977276], [67.54017000007966, 49.77116799983625], [67.5137427996044, 49.802599699942284], [67.48628950029243, 49.83273690013506], [67.47218499991418, 49.8487682000892], [67.4654928995938, 49.85286220014194], [67.45305769988047, 49.86157120024824], [67.44613250021868, 49.86447660004411], [67.44490580039255, 49.87263419994571], [67.44349119995842, 49.87970159999316], [67.43813910037773, 49.882765100168754], [67.43163440030372, 49.886058399855756], [67.3991195004043, 49.915453799934], [67.63818019957174, 50.118808600197326], [67.57585719979366, 50.16284829993857], [67.60621970033972, 50.188434100026086], [67.59934139992225, 50.223160299933575], [67.63019010014109, 50.236498400256124], [67.74684600026659, 50.24774049975735], [67.86030579971408, 50.29778679985801], [67.94294909995232, 50.31321589992263], [67.96417750014676, 50.31717830000203], [68.0169124000117, 50.366132199865206], [68.0169124000117, 50.39262790005699], [68.09042159989838, 50.44048629999042], [68.09201960038087, 50.464906000244824], [67.99134399972782, 50.51269140002467], [68.00892229968284, 50.53808949982572], [67.93866500022635, 50.553008699846814], [67.93439499955882, 50.56308870002087], [67.93306499976322, 50.56991869974929], [67.93784500006873, 50.574338700028335], [67.93353500011655, 50.58006869976835], [67.93784500006873, 50.58504870008402], [67.94283500043652, 50.59582869995007], [67.93642499986147, 50.603578700048274], [67.93430500004544, 50.61065860020359], [67.92760499994047, 50.61525860018813], [67.91708500032809, 50.618378599810974], [67.92059500021413, 50.62470860026839], [67.91647500023275, 50.63093860017501], [67.9152449999962, 50.63861860007406], [67.9071049995925, 50.64083859993707], [67.90154500021067, 50.64496860016636], [67.90566500019206, 50.65087860011174], [67.90144499975322, 50.65466859972004], [67.89075750027288, 50.656383700243865], [67.9167567999407, 50.65695389973261], [67.94695769985535, 50.65319089976799], [67.98782830003135, 50.66049069999152], [68.0291049998011, 50.655397000142756], [68.04612010009036, 50.661070099732754], [68.08167369966036, 50.63035549986716], [68.11598970014495, 50.619028700165906], [68.14511809964529, 50.61889470010511], [68.17590560033877, 50.634396900088525], [68.21057779990146, 50.64183799981674], [68.21817529962026, 50.65005630028456], [68.25591170022777, 50.657065300208714], [68.32779929999109, 50.71159730018586], [68.33053730029836, 50.723292700018895], [68.36238599970163, 50.731286800120415], [68.37279789964602, 50.739071100146475], [68.40494920014599, 50.746440399792014], [68.4312733997908, 50.75570450000907], [68.46114610021642, 50.758305099723756], [68.47786189981939, 50.76290399984535], [68.47754560031284, 50.77752350005916], [68.51238969969167, 50.8040762998283], [68.80127710000978, 50.79953210022956], [68.79238670001827, 50.56014869978029], [68.77335079997147, 50.548060099816084], [68.74950359961973, 50.512441999980844], [68.76055970031902, 50.47096740017881], [68.7368455000367, 50.420031600248755], [68.7297835004318, 50.30194159993378], [68.69060930039794, 50.276648000217484], [68.67393340036669, 50.2440103998352], [68.71624309983113, 50.24410659981642], [68.75170669988775, 50.23924720004677], [68.75029750012513, 50.21404800008089], [68.78889189962682, 50.221340499773206], [68.82425240003832, 50.20232609978488], [68.85195330019535, 50.20532889977691], [68.96513109961053, 50.1762689001776], [69.05053949963327, 50.19059030007967], [69.08130159956386, 50.179209699823446], [69.081328499615, 50.195019200178535], [69.10903890035453, 50.196972599952915], [69.15284819974357, 50.17814930016591], [69.16457529973923, 50.23247830023505], [69.18453799974951, 50.259966700283506], [69.21419179960502, 50.23724650000671], [69.25938109991668, 50.234825099778], [69.30407009970052, 50.246029899755214], [69.29363689980242, 50.303365400272874], [69.24502419989304, 50.300019900197135], [69.26617490030698, 50.35826960003477], [69.37220249992937, 50.38762029982287], [69.42117829977497, 50.33360339985208], [69.44705680029155, 50.376981800021916], [69.48552650015705, 50.361512399904036], [69.51878459964725, 50.29516759996767], [69.58453609965716, 50.28898980012582], [69.60074450024491, 50.2823662002821], [69.60126120041657, 50.19757689973433], [69.60999129963885, 50.19889660000093], [69.61582779956686, 50.19625929992948], [69.62372420022173, 50.19417140004109], [69.63110570003043, 50.19856699994417], [69.6384871001262, 50.1969186998493], [69.64604019971378, 50.19483069997881], [69.65668320024815, 50.195270299714224], [69.66595290039363, 50.19417140004109], [69.674364299811, 50.195709900002726], [69.67905209973068, 50.19235020024133], [69.68508690006273, 50.18986099971875], [69.69476070015226, 50.19030870000425], [69.70178039988704, 50.19373059973962], [69.70878230040282, 50.1975319998472], [69.71457540002447, 50.19985909996807], [69.72201819996985, 50.20132870023417], [69.73400359974569, 50.19836680018824], [69.739244999934, 50.19559109975559], [69.79609690030561, 50.20871119971626], [69.94857740016276, 50.23192350016428], [69.9614911998016, 50.23260780017771], [69.97647390038809, 50.23541349993786], [69.98438479985164, 50.23690160012057], [69.99159449955722, 50.23832890007805], [70.00275249975245, 50.242061800137186], [70.01013399956116, 50.24656279986781], [70.01888870004586, 50.24678230024593], [70.02575520019376, 50.24436719989268], [70.04412290009458, 50.24963640017326], [70.05253430041023, 50.253368299842364], [70.05768420000028, 50.25699019988783], [70.06884220019545, 50.25655120026351], [70.07588030012224, 50.24722140022161], [70.08429170043794, 50.242281299988065], [70.09064320002676, 50.23602320022439], [70.09579299990381, 50.22855629994844], [70.09802460012251, 50.218561900177484], [70.09132980036472, 50.21295979972645], [70.08497829987756, 50.20922469988024], [70.0837766998788, 50.202193099854064], [70.0927030998553, 50.20076459983664], [70.10506270004925, 50.20186340008302], [70.11656400041345, 50.20043500002675], [70.12240050034147, 50.20373129992448], [70.13046859958978, 50.20614850018363], [70.13407350019743, 50.21263020019699], [70.1411116001242, 50.21647489988692], [70.14814970005094, 50.214607599966996], [70.15535950036788, 50.2118612997704], [70.16102429990572, 50.2062582998446], [70.16583079961379, 50.201423900154715], [70.17321230032086, 50.19867689985136], [70.17012240027235, 50.192632799894746], [70.16462919961504, 50.18548880020459], [70.15587450002867, 50.18427970005873], [70.14935130004976, 50.1794430998156], [70.14540310017148, 50.17306680003402], [70.14969469993167, 50.16482020011085], [70.14917970027088, 50.154812600168945], [70.14128329961603, 50.1519528002023], [70.13287190019868, 50.145572799849575], [70.13664839968683, 50.13908200022774], [70.13476009963705, 50.132810299793775], [70.13235689963957, 50.125987499965916], [70.12617710044087, 50.12004429986263], [70.1191388999028, 50.114980999775014], [70.11433240019474, 50.10914649984285], [70.11793729990403, 50.103641700118416], [70.12411710000104, 50.092630000284295], [70.13476009963705, 50.08701309977848], [70.1383650002447, 50.08238689976627], [70.13407350019743, 50.07776029994815], [70.12188549978231, 50.07610780019453], [70.1129590998058, 50.069717699838854], [70.11398910002576, 50.06002070008161], [70.11828060007302, 50.05351829991658], [70.1227437996121, 50.045361399894944], [70.13321520036766, 50.041282400279314], [70.14574650005339, 50.03918770015634], [70.15175459976022, 50.041833600040256], [70.15913599985599, 50.043156599718124], [70.16840579971449, 50.04073119995892], [70.17801880002891, 50.040951700000704], [70.18385529995693, 50.044369199994584], [70.19363999976322, 50.04492040007964], [70.20033480041931, 50.05054219992495], [70.20737290034609, 50.053077399849506], [70.2168142999834, 50.04988089986961], [70.22522570029905, 50.04734559972207], [70.23243549971764, 50.050101300201256], [70.23809190000763, 50.05480869991937], [70.24741630036735, 50.056108800214986], [70.26204699970305, 50.05620509978368], [70.26907789963283, 50.06045559980576], [70.27941609999463, 50.06263290016615], [70.28859979992642, 50.05858590009303], [70.29892119999583, 50.060125400136315], [70.306576500015, 50.065384700062296], [70.32024070013986, 50.07337530016977], [70.33753799988747, 50.069613699942266], [70.34573870035322, 50.07295519998289], [70.34907310026246, 50.07902540011755], [70.3549753002754, 50.084938299988195], [70.37814269963759, 50.08581090027511], [70.38803749966003, 50.09282010009266], [70.39643790010506, 50.09065130002525], [70.40342439990357, 50.09285680009888], [70.43843060027542, 50.09678040003205], [70.50024110040408, 50.12310570015221], [70.52783339963321, 50.133191099932944], [70.54831730037465, 50.14898100020548], [70.49974760012294, 50.207812899765315], [70.47529319972465, 50.23473609978755], [70.48648400010576, 50.23925629972815], [70.62676570000143, 50.287861200091704], [70.64876970022226, 50.29277360020068], [70.67208210024774, 50.28504180024699], [70.69152569978792, 50.26965230018324], [70.72999979960169, 50.2311596997669], [70.75056909958391, 50.25024979987713], [70.75192339970624, 50.28716069983532], [70.76999249960662, 50.39220840011032], [70.77032150039291, 50.41669940011771], [70.76948830039044, 50.44133240015428], [70.78282689985244, 50.43876620026691], [70.7956453999177, 50.44049630004817], [70.82369560009158, 50.45094010008909], [70.84257210037937, 50.46059030018792], [70.85371080027069, 50.47700940018157], [70.92057570009156, 50.46859110022094], [70.94867769981958, 50.47163120006855], [70.95173879988006, 50.477213000177414], [71.06390430037797, 50.507481999902446], [71.05631799995582, 50.55342560021353], [71.12739940037915, 50.60922379973142], [71.21161389986345, 50.60632599979302], [71.22879140028475, 50.651701800261506], [71.33143480009345, 50.6515522998114], [71.32809130025038, 50.67521509989707], [71.34018520034289, 50.701438300236155], [71.33541999978166, 50.72176010002517], [71.40736129993434, 50.75005660012168], [71.41400180012651, 50.74561460002275], [71.4391512001107, 50.75168069993586], [71.45034729965373, 50.75465869998462], [71.46226950025435, 50.75636300003988], [71.47606729962493, 50.76008669972494], [71.49320269960214, 50.76921669994018], [71.50081599978843, 50.777878299958786], [71.5116215001679, 50.782916200191735], [71.52679530026306, 50.79361910004396], [71.54110509981977, 50.79183729996449], [71.55537129964407, 50.77332440015237], [71.65154600026213, 50.7888870998376], [71.65851180018156, 50.754899700152265], [71.67611330002713, 50.75014560024198], [71.71358850019442, 50.746704999985255], [71.73567089998338, 50.75433950004028], [71.76252279967045, 50.724718100120334], [71.79512010023426, 50.693816599873124], [71.81774879968349, 50.7027094000713], [71.83661390035034, 50.682701199869314], [71.82103899978586, 50.663339100093204], [71.79262559996282, 50.65250219993284], [71.75909379997523, 50.62645829988489], [71.76915209966762, 50.61727170024395], [71.78774840014695, 50.615724699786426], [71.80147180014737, 50.61000199997974], [71.80658650015134, 50.59884709990918], [71.81643910001668, 50.589263300030616], [71.78695639957843, 50.55573729996955], [71.77982550008954, 50.505599499929865], [71.77302400023895, 50.49000469987415], [71.75356710024268, 50.46680369999231], [71.73992230013467, 50.452773899830134], [71.72095789969626, 50.44523809979212], [71.71022570004745, 50.429051000186504], [71.79967969978313, 50.424091799830315], [71.80863669997149, 50.46505090003329], [71.87562260016614, 50.46573039978157], [71.8942306003037, 50.46635419992299], [71.90845420022072, 50.4660253001235], [71.92238040028641, 50.465542299714464], [71.93655149996314, 50.46629109997451], [72.01173070030232, 50.46693540028455], [72.01702109999606, 50.46248390023519], [72.02400240034575, 50.45927779984591], [72.03892949970773, 50.45577640017647], [72.05898199980538, 50.44503039999281], [72.0818048000346, 50.42698919972157], [72.10209960001895, 50.41304739983127], [72.12283790005557, 50.40951670017048], [72.11706969993695, 50.44526139983228], [72.18483069979645, 50.45109489977447], [72.20279420004023, 50.45520149986263], [72.19443370006515, 50.456376299847314], [72.16995429955243, 50.53926020022108], [72.23616339957144, 50.561877899865046], [72.26679589955594, 50.59369019995807], [72.37900179998715, 50.55606149988311], [72.44582889959916, 50.56492660025834], [72.47870320017242, 50.60800899977243], [72.47537299988709, 50.613949099842465], [72.46309800033163, 50.62205669994765], [72.4287806002719, 50.6385402999553], [72.40449299995385, 50.655682500275304], [72.40316779985677, 50.66379520020016], [72.40003230042619, 50.66937019979121], [72.39923260039734, 50.67778599999599], [72.41056549988336, 50.688205100199134], [72.43843579984515, 50.70681520003298], [72.44810749967351, 50.71439060011316], [72.4545908000808, 50.72035220015426], [72.4643738999876, 50.726969700093576], [72.46945660020448, 50.731579999731245], [72.4753682001885, 50.73694160013266], [72.48171279981764, 50.74023520004491], [72.49491400016028, 50.74424139996282], [72.50546719970893, 50.73428210013402], [72.50503000044, 50.723261400279334], [72.51154600042192, 50.72120429993357], [72.5136378003245, 50.71336400014367], [72.5244526000637, 50.734462399727775], [72.66243560008057, 50.74962689986992], [72.67648320027037, 50.769612500100926], [72.68656370002834, 50.7857389999146], [72.70161470042424, 50.805060500058396], [72.716912699794, 50.81858630017562], [72.72175710032226, 50.835626799936456], [72.75243919988688, 50.845671999736865], [72.7696611004394, 50.85950630025332], [72.77410739997303, 50.870224300228905], [72.79196820032196, 50.88704039982277], [72.80225189989554, 50.886036099924986], [72.97961379994823, 50.86169800023823], [73.00513960032472, 50.883135500234694], [73.05041279969069, 50.892676800099615], [73.16920049990172, 50.92162810015477], [73.17037239980061, 50.99388100026884], [73.18154570010168, 50.99511609976738], [73.18996549966526, 50.997355900054345], [73.20157179961143, 50.997136300009075], [73.21013120006515, 50.99883430001639], [73.21999299957726, 51.001205600043804], [73.2279476999958, 51.00076649979946], [73.23532079965828, 51.00250820015466], [73.24569439993057, 51.003386400263224], [73.25741700026495, 51.00527450023364], [73.26862789955233, 51.00859669979377], [73.28023420039679, 51.01011869984167], [73.28923550010501, 51.01105529977911], [73.29560849997185, 51.0138209997499], [73.30430739980596, 51.01374780020689], [73.31135489970389, 51.015942799810624], [73.31861179958949, 51.01266499976498], [73.32686880016908, 51.01355760010364], [73.3348002000857, 51.014435600076716], [73.34021949993789, 51.017215800018086], [73.34819740024689, 51.01803510021006], [73.35601249977532, 51.01914709973771], [73.36271110030512, 51.02110769988554], [73.37215430016622, 51.022424499807784], [73.37962050032645, 51.023009700255834], [73.38731930036492, 51.024955500119525], [73.3980883003977, 51.02477989993275], [73.4050892999032, 51.02779349998291], [73.41418360039619, 51.03112870003906], [73.42020769999652, 51.0368624000434], [73.42441759977834, 51.041908000039705], [73.4299766002336, 51.04914650013741], [73.43762880016675, 51.05000909997875], [73.4408884997702, 51.05549820005347], [73.44890330017611, 51.05597800013621], [73.45661280004792, 51.05648179977892], [73.46021489970855, 51.06108949980314], [73.46812219962268, 51.06215809998725], [73.47454519971822, 51.06543139972225], [73.47783759979475, 51.07077340000195], [73.48301920003284, 51.07408009997292], [73.4882008002709, 51.080048400160976], [73.49411099978147, 51.08430380000698], [73.49945449978996, 51.08727039977743], [73.50285489982149, 51.09552519980677], [73.50977670025829, 51.09805889996954], [73.51891190014786, 51.09637900021539], [73.5271366000048, 51.09812870003075], [73.53141180012123, 51.10358100026522], [73.53872539987091, 51.10659729985526], [73.5473895995822, 51.11353870025384], [73.5544832001222, 51.11646350004687], [73.56228659999236, 51.11558169981733], [73.5702388003994, 51.1163904998551], [73.57696930010493, 51.12025280014277], [73.43783369959478, 51.179101499983354], [73.38799869980754, 51.160140100233924], [73.3613584997952, 51.162951499891065], [73.34726829969806, 51.12590790014777], [73.333764299731, 51.121097500037656], [73.31999639988636, 51.121037100241715], [73.312459099868, 51.151365000232154], [73.28983869995369, 51.16853680019744], [73.28091970029853, 51.174405100104266], [73.2654518995771, 51.205998600174404], [73.24819980035964, 51.23156319999485], [73.19672209992139, 51.21589899991848], [73.1692108996978, 51.261443400049764], [73.15621780037894, 51.27672769993207], [73.1744713001526, 51.2842537000828], [73.19258320028469, 51.288756600118745], [73.20406819981972, 51.288433000120236], [73.2089799003324, 51.29505489999749], [73.22333310019533, 51.30476600006265], [73.26594520043224, 51.27466239995834], [73.27648170029975, 51.275209300106496], [73.28711499992737, 51.27502690000039], [73.2948049003563, 51.27653640003846], [73.30138110003872, 51.27509320011441], [73.3108874002604, 51.273815899878706], [73.31685369956043, 51.2759724001062], [73.32525530015468, 51.27812679975699], [73.33719379978784, 51.278961599855634], [73.35257690015773, 51.282289999767684], [73.35997620008386, 51.28429690017617], [73.36135419956001, 51.29689430027714], [73.37562459990662, 51.30048969980267], [73.3936564996727, 51.30345750010076], [73.40106780019269, 51.29013489974818], [73.41728619992786, 51.26685209985013], [73.42943899985856, 51.255573699960806], [73.440807999941, 51.296475499886036], [73.47549660004576, 51.30978620027906]]]}, "properties": {"ADM0_EN": "KAZ", "ADM0_PCODE": "Kazakhstan", "ADM1_EN": "Karaganda Region", "ADM1_PCODE": "KAZ011"}}, {"type": "Feature", "geometry": {"type": "Polygon", "coordinates": [[[65.96418579956082, 54.63781689998935], [65.99864299993668, 54.625147999798465], [66.07541299986305, 54.64049270022063], [66.07744289955434, 54.60465010000867], [66.07958239999854, 54.588127799863756], [66.07887319984468, 54.571267000071366], [66.10366100007927, 54.50080920022744], [66.10991250010895, 54.4894601001548], [66.09527739992669, 54.48070309974063], [66.0822964997294, 54.47174629979883], [66.07383199999724, 54.46963870009302], [66.09172589967109, 54.45671130004265], [66.10702519980143, 54.44387520000814], [66.08687849966815, 54.421050000024394], [66.176894799856, 54.29346079988131], [66.08508849956507, 54.25847069994672], [66.0599543996867, 54.25571880009731], [66.03168159968044, 54.25145669999308], [66.19110119973011, 54.18343099998976], [66.26681349988476, 54.18328929973928], [66.31772840040765, 54.10201910012612], [66.30025519974768, 54.09924380014026], [66.14982500032197, 54.075230900075354], [65.96311469962, 53.999050900158096], [65.97715620024908, 53.96889659977817], [65.99672059983874, 53.93646470002032], [66.00213399955618, 53.92756010013185], [66.02533339960372, 53.93266820003765], [66.03296820006804, 53.89847729996324], [66.03835360019633, 53.8552150998757], [66.04750729999087, 53.80323899999536], [66.09167259993033, 53.805055500257474], [66.17926049968197, 53.80557510024863], [66.17370620011053, 53.67087540006297], [66.15923579974742, 53.67111200025676], [66.13056669986872, 53.64409829982109], [66.10859130020988, 53.61945099993996], [66.10532119991204, 53.60587849992082], [66.11090310022051, 53.50271369989887], [66.24926570042867, 53.503391599876366], [66.25050110043826, 53.3389447998036], [66.25743919990761, 53.33165729973528], [66.25728309966071, 53.23973779998334], [66.25720250011842, 53.19372729974689], [66.4004241999878, 53.154863400108546], [66.40213940007217, 53.08951429977925], [66.20022139955107, 53.11092509990414], [66.206925200428, 53.09343190018757], [66.05050850038819, 53.060724800112304], [66.05318169982411, 53.04789839997344], [66.05902659989836, 53.01982429990157], [66.07070510013888, 52.98158999987561], [66.10853799957083, 52.9786339997613], [66.19548200040148, 52.974602800096434], [66.32135760044375, 52.96993619980229], [66.30790660018015, 52.88625209989515], [66.11838090032606, 52.89354800013923], [66.12539610039957, 52.8287773000422], [66.12868010032983, 52.76440090025323], [66.01877009972873, 52.760916399858324], [66.01859389967734, 52.75178690020235], [66.02084600034915, 52.74223310020116], [66.00679349984948, 52.43434700024616], [65.9986461000227, 52.20463699979088], [65.98531749970823, 52.196206600000075], [65.86895049957475, 52.14086809996488], [65.85459580042355, 52.09306089994187], [65.86579849988895, 52.08870069997153], [65.8681430003726, 52.08268279985352], [65.86128770041957, 52.08072009978908], [65.84969949972978, 52.080805899810926], [65.82751270043343, 52.016324200138506], [65.81656769977526, 51.993839399742335], [65.76850739998521, 51.92051190017573], [65.76047610022245, 51.8724365998016], [65.52848899970688, 51.80192520020909], [65.51776080025601, 51.79568460004121], [65.50583849994237, 51.79833160015664], [65.35241659980346, 51.79348919998325], [65.38314100013648, 51.68489949982738], [65.52091069968064, 51.684326700071665], [65.5773275998591, 51.62816129984115], [65.56916100033983, 51.58338159992326], [65.53716520001215, 51.514048800154825], [65.46151269980764, 51.44007779999323], [65.5466954996249, 51.403485900227416], [65.38800990041743, 51.32676219996611], [65.39510759997002, 51.31639809980887], [65.40317769976656, 51.3019390998604], [65.48158809975855, 51.24315040023299], [65.42605749989724, 51.20337320009565], [65.45040809996452, 51.185731100113316], [65.56065660013768, 51.136240099750005], [65.63295780042746, 51.08236560000772], [65.62611330002083, 51.068488000033966], [65.61004179998748, 51.05456299988048], [65.61206060009515, 51.03262680015199], [65.61421020029812, 51.00611240023809], [65.57935609997523, 50.896373799910144], [65.58512159975811, 50.88862899986928], [65.60462910005766, 50.8308984001345], [65.62118899973804, 50.82677909981414], [65.63189819982057, 50.83304069983041], [65.64277589959605, 50.83888839995108], [65.65582479956535, 50.84157839984192], [65.66269110028732, 50.84687350003483], [65.67088929984331, 50.84719329987023], [65.68301940024517, 50.84661980008944], [65.69311240006031, 50.846098600024426], [65.70710750000998, 50.84657240014945], [65.72064140040122, 50.853655700156814], [65.7287513000564, 50.853863199926685], [65.73772740022433, 50.85117680015934], [65.74717240030928, 50.848094699780674], [65.76351539996762, 50.85211479985588], [65.77428699972482, 50.85201430010202], [65.78929239984024, 50.854445899753586], [65.79338209964715, 50.85856719999895], [65.79829729999615, 50.867211100232325], [65.80835279963983, 50.874811699798684], [65.81315539976123, 50.87999650024752], [65.81949630012797, 50.88234009994694], [65.82460519971012, 50.88524860000162], [65.86193500036221, 50.96437989974837], [65.94171659958361, 50.942554099924486], [65.94988880009868, 50.95941439989232], [65.9760676999412, 50.95222089984704], [65.99444210037575, 50.94934730007805], [66.00302390032098, 50.938714399958556], [66.02760710026648, 50.92062610001159], [66.0528116999283, 50.902319599893374], [66.07065900039511, 50.88760359984397], [66.06114920033716, 50.88368799972924], [66.08799739986354, 50.871740999737014], [66.08428290029971, 50.829398999885115], [66.09351499966237, 50.82575430000686], [66.10187780022284, 50.82326990019794], [66.0918475001196, 50.81484980022833], [66.11681130008125, 50.804811699719856], [66.10955269968483, 50.79819810007097], [66.13275179969506, 50.7881355002586], [66.1564966001892, 50.809856699731725], [66.17842680021626, 50.80014799988276], [66.20179610043006, 50.82513320010623], [66.21853569999814, 50.82251380006905], [66.24063610022877, 50.827371800137804], [66.31559709978538, 50.68543189976204], [66.4331356000674, 50.710652600215376], [66.49551420017167, 50.67309719998258], [66.64002529957892, 50.62704149981643], [66.66632410025743, 50.63585830027084], [66.72449360008046, 50.61150030014775], [66.76878329961885, 50.6233226002295], [66.85016040020969, 50.64503689975905], [66.8825645001053, 50.64978939992236], [66.99089579962947, 50.6581928999394], [67.11079770005036, 50.62215340002936], [67.09563190035104, 50.546103400179064], [67.06594929960922, 50.53084240006092], [67.10836630013944, 50.436385499814286], [67.13188940001474, 50.38392130010831], [67.31583770011994, 50.428768500252104], [67.49971479975571, 50.473559900082705], [67.5562732995758, 50.485890800276614], [67.56398380017082, 50.49232689994933], [67.5920669999566, 50.489931900210024], [67.60511219976527, 50.4841804997482], [67.65096440016276, 50.481178799926326], [67.68499399976841, 50.48683950003723], [67.72505499958275, 50.483826600097046], [67.74887520017033, 50.48840820005605], [67.78238910032756, 50.485160899864596], [67.83851289999174, 50.499136099770276], [67.86474860030968, 50.51683149995813], [67.89998410014934, 50.52754509981061], [67.92009550008524, 50.53782059988986], [67.92330289977288, 50.54592000007571], [67.93866500022635, 50.553008699846814], [68.00892229968284, 50.53808949982572], [67.99134399972782, 50.51269140002467], [68.09201960038087, 50.464906000244824], [68.09042159989838, 50.44048629999042], [68.0169124000117, 50.39262790005699], [68.0169124000117, 50.366132199865206], [67.96417750014676, 50.31717830000203], [67.94294909995232, 50.31321589992263], [67.86030579971408, 50.29778679985801], [67.74684600026659, 50.24774049975735], [67.63019010014109, 50.236498400256124], [67.59934139992225, 50.223160299933575], [67.60621970033972, 50.188434100026086], [67.57585719979366, 50.16284829993857], [67.63818019957174, 50.118808600197326], [67.3991195004043, 49.915453799934], [67.37375189963754, 49.938176800199955], [67.08698530043274, 49.69052110019883], [67.0581457003131, 49.66700509976872], [67.04171629979244, 49.64747579983305], [67.01173150039912, 49.634279900120525], [66.99939320015885, 49.63078720026672], [66.83701749963069, 49.578736900283744], [66.65143559970655, 49.45668170011063], [66.59718109982555, 49.32435539976726], [66.54217739960765, 49.27041060005954], [66.41243360005306, 49.24151559996514], [66.3000009001655, 49.15727739987327], [66.07308969962011, 48.99315100000751], [65.81501079991195, 48.9866325999712], [65.77539629962477, 48.98218099999522], [65.77197310035136, 48.97076309971185], [65.75329560025513, 48.88673719976995], [65.74634230039288, 48.88301740020779], [65.74251139982944, 48.87866519979664], [65.73684389995587, 48.87558660016772], [65.72952880001966, 48.87475759974641], [65.7238116996677, 48.879450200285525], [65.71476349981673, 48.877096599868494], [65.70434219990123, 48.87743699980628], [65.69527149994738, 48.87768869986226], [65.6858180997162, 48.874091500092504], [65.67717499963425, 48.87681529991948], [65.66760909978676, 48.876060400186745], [65.66177949981842, 48.87238900003515], [65.6534965001979, 48.871589499970554], [65.64690160028624, 48.87006459976252], [65.63747070015795, 48.86796230024312], [65.63134850003702, 48.86483819983639], [65.48612990008833, 48.82832769974167], [64.74580520031908, 48.937744999710546], [64.69801929991571, 48.67566410017165], [64.46867219979814, 48.67472710028237], [64.5307139002298, 48.59973169996759], [64.4908254003062, 48.56554170020727], [64.54529560006, 48.528922300242215], [64.57862770006832, 48.51077020010714], [64.52177609973404, 48.50360300020428], [64.22745600029299, 48.46178099996968], [64.28284980021124, 48.347706899757874], [64.05603130041331, 48.199091500261176], [64.01607460039335, 48.1702789001808], [63.97219330013598, 48.22000260022104], [63.90298310033085, 48.297547099929986], [63.84448639994536, 48.38545840019563], [63.77080299965715, 48.45399820011832], [63.58574159977839, 48.534320399714034], [63.54192309984413, 48.54640070005985], [63.50834490007552, 48.554931499820064], [63.46731360027841, 48.5637640998998], [63.4167575003547, 48.60177190029672], [63.07870710026903, 48.68243759986491], [63.07602399960205, 48.69712210010254], [63.049269799786934, 48.75806640022508], [63.1254587999302, 48.835561500015345], [63.12960349998864, 48.8600400001908], [63.020384900322455, 48.92940320010261], [63.01105670008901, 48.92184550025316], [62.97139839974524, 48.90333320025305], [62.953199099824246, 48.88994260014133], [62.84544380006023, 48.848813199960034], [62.78977369992021, 48.885650500068834], [62.78456019960804, 48.892392300170854], [62.72783840044241, 48.92600469998225], [62.63469560014652, 48.97536569978761], [62.584232100358946, 48.99426860005585], [62.54879089979391, 49.01813110011713], [62.49061139992513, 49.12385929987999], [62.44575330037388, 49.19824690022751], [62.39647150020654, 49.19730340028597], [62.36143040028594, 49.20080060013107], [62.37609079972157, 49.23562960007675], [62.49632790020253, 49.24383230028329], [62.521272300147324, 49.237638499785064], [62.54745189977748, 49.25326899973734], [62.503638300153106, 49.30634520007019], [62.45074260005569, 49.372004399770546], [62.33861209971792, 49.47754290029175], [62.30484250040329, 49.49726709995331], [62.32119230030824, 49.52010859999996], [62.36733739999747, 49.577771799939846], [62.41894109993413, 49.560864599865546], [62.433657300020215, 49.557008699816436], [62.47317439957445, 49.56205299972974], [62.45083569965515, 49.580202399798], [62.45210399956376, 49.62497170029048], [62.437960199688426, 49.683663599835214], [62.4837542000353, 49.70047470008736], [62.52625050024555, 49.71945140014644], [62.55508860017865, 49.73530490015509], [62.57404269963565, 49.764620300173746], [62.596319800279325, 49.80651639999276], [62.5936890004264, 49.843613199882206], [62.59872719990083, 49.8625099001663], [62.63769260002158, 49.88542010008679], [62.658289799879945, 49.9084583000407], [62.739589100078945, 49.94018610009512], [62.790665300297576, 49.93688900021984], [62.896478100159115, 49.882727899729915], [62.90091330010912, 49.88687850014204], [62.91791329971856, 49.88552850011988], [62.923263299936416, 49.88269850020299], [62.93035330002869, 49.88493849999756], [62.936033299959504, 49.89080849971353], [62.93126329969975, 49.895388500055276], [62.92278330043568, 49.899898400221076], [62.92923330029538, 49.90227840001436], [62.92584330005993, 49.909468399876715], [62.919733299958814, 49.91152840027861], [62.91481329991129, 49.91561840017304], [62.91882330028784, 49.920918299963226], [62.92144329969602, 49.926508300032935], [62.916963299864506, 49.93010830024654], [62.9247133002809, 49.93207829990939], [62.91969329977588, 49.93814829997202], [62.926063300167975, 49.94301819983322], [62.935396300099946, 49.94542540024617], [62.94145000008727, 49.95338999973811], [62.94853000013379, 49.955120000216176], [62.94820000042091, 49.96353999993889], [62.94473999986528, 49.97518000023115], [62.94150000031599, 49.981279999784526], [62.9429199996249, 49.98831999985045], [62.94802999964328, 49.99347999983764], [62.95292999959936, 49.99674000008786], [62.94540000018935, 49.999450000284895], [62.949799999654914, 50.00391000013359], [62.9429199996249, 50.00659000024743], [62.93614000005231, 50.009319999923704], [62.92988000016341, 50.015819999800186], [62.92345000039517, 50.01893000003345], [62.915160000203606, 50.02012999986853], [62.911146100240394, 50.02544550002777], [62.91020199962285, 50.033054499785074], [62.903335500373245, 50.03548030006], [62.89535329982898, 50.0376302998972], [62.89205739991616, 50.04268250003551], [62.889259299621386, 50.05058359991379], [62.891233399560534, 50.05780279982468], [62.88548270042028, 50.06011710021908], [62.88273620025377, 50.065627000226534], [62.88385200036313, 50.0730092001309], [62.8804701999496, 50.07822289983335], [62.88244429988869, 50.08576850008898], [62.88522529985371, 50.09206560015092], [62.8793887999257, 50.094928900098026], [62.87432479993811, 50.09922210016082], [62.868153499700334, 50.10162670025033], [62.86226550025542, 50.103846699987024], [62.85716719989528, 50.10941619993272], [62.850807099835954, 50.11125059991593], [62.84681600001299, 50.11529609987907], [62.842224099741415, 50.12013919985968], [62.847846000232884, 50.12473420020761], [62.844241099625236, 50.13062180024456], [62.84038730010694, 50.13517050011645], [62.83183860038491, 50.136206100165005], [62.836130100432186, 50.14057959991928], [62.83098880041437, 50.145457300172616], [62.82729809991731, 50.149994900245055], [62.822019499594816, 50.15279970011561], [62.82021710004585, 50.160745899787834], [62.81608860020517, 50.165217399817905], [62.808406799885155, 50.16898349982629], [62.8020209999239, 50.17171439983444], [62.798235899965206, 50.16736169998884], [62.791326499872575, 50.17011050012197], [62.78420250034339, 50.17324400011625], [62.78158470001101, 50.180582200108894], [62.78566170033473, 50.18539119984919], [62.792742700206176, 50.18638050016942], [62.786176600282516, 50.18926559991806], [62.78222840040424, 50.193359499877694], [62.77441779963878, 50.19270010026023], [62.76652139988223, 50.194403500264954], [62.7604789000899, 50.19641860025103], [62.755715300326564, 50.199715199914706], [62.75145809975346, 50.204045800071476], [62.746479899655284, 50.20967639987828], [62.73965640006335, 50.21110459984518], [62.738283099674405, 50.21843700013822], [62.73108189982804, 50.22124740010942], [62.72969999986694, 50.22818420020414], [62.724344200125586, 50.23151570015087], [62.72128859955123, 50.23707860013661], [62.72468750029456, 50.241864099860635], [62.72988029982929, 50.24713349989701], [62.735107399736506, 50.250471899720814], [62.73579400007448, 50.258676199739845], [62.73330489957625, 50.26572689997045], [62.72635260043722, 50.26857990020299], [62.72164050019074, 50.2747609999149], [62.71726320025407, 50.27901209978422], [62.713692600018966, 50.28404839972038], [62.70940970044223, 50.28899379996718], [62.70365039993311, 50.29128729977551], [62.69652650011692, 50.29444030024464], [62.68975440032894, 50.29576589974602], [62.69433779984295, 50.299402399895236], [62.69120499984977, 50.304391299943745], [62.685068099697496, 50.30674859974348], [62.6774721001652, 50.30803679984946], [62.66967009987027, 50.30958119994048], [62.67103479978868, 50.3163682002164], [62.66456310022495, 50.320597699985555], [62.66709509976957, 50.32610499992301], [62.66246029955338, 50.33035149972357], [62.66339579970033, 50.33762849991896], [62.65495009991047, 50.338788500262346], [62.65107910034938, 50.34296949977853], [62.64293379988551, 50.343773400128036], [62.63950059966805, 50.34993519988985], [62.64313979974984, 50.355840199961854], [62.64069360009458, 50.36241109978982], [62.64069360009458, 50.3705414001933], [62.642805100051376, 50.37668199994725], [62.636444999992044, 50.380394400003574], [62.63326930005414, 50.38674299999678], [62.62864299969711, 50.39030960008522], [62.61928739994922, 50.38916049982012], [62.61199179974292, 50.39074739975962], [62.60932249989358, 50.39678410016327], [62.602550499818605, 50.39884549992841], [62.597220399979165, 50.402802299889736], [62.591040599882234, 50.405318799966416], [62.58345310020914, 50.40661390018636], [62.57610599958758, 50.40737019995183], [62.571256599934806, 50.41073420025377], [62.564742000426335, 50.413041100017765], [62.55760950013963, 50.41631310008368], [62.55972100009644, 50.4229126000111], [62.55564399977272, 50.42925550025013], [62.551129299818385, 50.43468599977308], [62.55082889959412, 50.442721800129874], [62.54392809997202, 50.44683080017028], [62.540700899618855, 50.45182210025798], [62.53846930029849, 50.45764200002989], [62.531645700095254, 50.4596910998783], [62.52645300027354, 50.46286020000714], [62.52005859984164, 50.465537399826765], [62.51675410035664, 50.470727400095775], [62.510102199645225, 50.473977699896764], [62.507269799876305, 50.47924879984482], [62.503836599658825, 50.48454650007836], [62.50134750005889, 50.4907174001409], [62.50071240013618, 50.4988625002347], [62.506411500046525, 50.503493399909324], [62.513458200443836, 50.5054135998695], [62.51997279995223, 50.50731459999953], [62.52679630044252, 50.51088989982523], [62.52525990013401, 50.52009569988627], [62.494631599773456, 50.55622439972153], [62.49704199976796, 50.59070100004824], [62.43980260031871, 50.68870640013389], [62.35875969996307, 50.66419770019265], [62.28991829990466, 50.64910130012416], [62.266925300370104, 50.64150659977829], [62.22954180022696, 50.67602180028102], [62.27646069971874, 50.721844799883606], [62.263260100349015, 50.75612880023105], [62.23570910026678, 50.7855901002259], [62.22183670030344, 50.81361759994557], [62.27649240036676, 50.80155600022477], [62.31146519957973, 50.841436400069334], [62.430261299936966, 50.85283449977802], [62.25667299961059, 50.963807100067065], [62.22857829959256, 50.97841799972525], [62.208492799883004, 51.01304330012762], [62.27557799984914, 51.04115580012791], [62.28303130020196, 51.08016439979311], [62.18107759991889, 51.12943499990004], [62.1311625997657, 51.138758899967236], [62.10418749973062, 51.128891199907216], [62.08100459993827, 51.11134560012786], [62.073254100058534, 51.073054699931625], [62.04646300014655, 51.079729499987245], [61.994738200122974, 51.08933689986051], [61.997697800437855, 51.108393100086936], [61.95193989978898, 51.14120589977678], [61.94210359985448, 51.160917300055594], [61.934198899664715, 51.186687299730636], [61.93119589994185, 51.20154780017814], [61.924072199551674, 51.220595600054615], [61.92016980027815, 51.24202020002547], [61.91365769988286, 51.262458699883204], [61.9041497997617, 51.274366299990625], [61.87090369996707, 51.30302409997364], [61.85215169988939, 51.3170691997792], [61.787086800217445, 51.26913099993849], [61.689785199906396, 51.255963200272205], [61.67857130024599, 51.261386700097894], [61.65738619974655, 51.27158059985718], [61.6411402001726, 51.27939619984017], [61.62183660037451, 51.288678699942615], [61.599406999931624, 51.29945890010107], [61.57775400023837, 51.309844799737974], [61.56618259984103, 51.31539400020138], [61.54968609966019, 51.32330399981037], [61.52738700017358, 51.36628899995714], [61.50523399998977, 51.406996000219046], [61.49595429979856, 51.40852920008485], [61.4871468996478, 51.40999180006074], [61.47570859993109, 51.41091929983521], [61.46804500037706, 51.40770869991253], [61.46198450014304, 51.40984929972984], [61.4540728999936, 51.4087306001113], [61.44583280031774, 51.410127999749555], [61.4400218996804, 51.41458300013468], [61.43355240009078, 51.41679110019725], [61.42706860022025, 51.421084999721735], [61.420264799784185, 51.42260210026096], [61.41358520041929, 51.419476900135635], [61.40635729994778, 51.416520000088205], [61.40070540021736, 51.419049200235754], [61.39088429977746, 51.419827599739904], [61.390033899732295, 51.42726020005128], [61.38084369959114, 51.427585200127], [61.37380709985091, 51.42554119977585], [61.36678420031708, 51.42667869995309], [61.361997099727574, 51.430185100154134], [61.35804679958814, 51.434674600140106], [61.35327340010335, 51.439018300237066], [61.343833499754226, 51.43846079999744], [61.336124800281354, 51.441316499814796], [61.325288699690155, 51.44143620014627], [61.31906129966291, 51.44376169993573], [61.31332779966706, 51.44123100002591], [61.305180200414334, 51.43958940002909], [61.29705990006479, 51.439230299811456], [61.28730430028381, 51.439048099743786], [61.27919290044209, 51.43787600027362], [61.273053399667056, 51.440155300278896], [61.266661699570975, 51.44285160018984], [61.25863090016984, 51.442458600070324], [61.251036499638786, 51.44479820017859], [61.2446254004241, 51.447488200225266], [61.23623569981241, 51.44989389979769], [61.22866070019651, 51.45072199975537], [61.22094240042824, 51.448992800209616], [61.2142306997667, 51.452280900146526], [61.20691760037858, 51.458276299762744], [61.201524899641996, 51.461176999921506], [61.194910100250155, 51.45763569980176], [61.18678220015331, 51.456439099720534], [61.17993470027195, 51.45433590001163], [61.171632200023204, 51.455012800117835], [61.163407399554956, 51.45451719998979], [61.156268900318786, 51.4567412997939], [61.15099780003059, 51.45260580004195], [61.1456827002598, 51.45609909978643], [61.140745899919814, 51.45226729980982], [61.134512899795084, 51.45455580019322], [61.126899100145394, 51.455588900060796], [61.11980599996707, 51.454170900009885], [61.11082329987679, 51.452678200049085], [61.10756439977389, 51.447770200084065], [61.103461599835185, 51.45247919981697], [61.10146670030396, 51.458735700023276], [61.09740079956393, 51.46277350020715], [61.091717100370786, 51.465827800059174], [61.0846973000247, 51.46746919998446], [61.07573469973888, 51.46521499993764], [61.06788309986385, 51.464303000202584], [61.06158860017643, 51.4663591002456], [61.0537768998731, 51.46446880025684], [61.04527330006993, 51.46449370021026], [61.037448300208744, 51.463482200023876], [61.030381899757266, 51.46611870004118], [61.02193149998183, 51.46626789996515], [61.016543500129124, 51.46261769982809], [61.012941299857246, 51.46713819972146], [61.004569499974224, 51.46856249982629], [60.99851440041171, 51.47207550025122], [60.994184800118354, 51.4759734997524], [60.994376000238326, 51.48430960027132], [60.98933099961901, 51.48835400003366], [60.98199470034043, 51.48916169978564], [60.97525419969083, 51.49154299981944], [60.96932650010027, 51.487881799902745], [60.96282510043661, 51.490114200269666], [60.95474610013225, 51.49088810009106], [60.95163879971668, 51.498358499869894], [60.94967890034558, 51.50448870027827], [60.94551990000609, 51.50883280000076], [60.94657599987827, 51.515842000015546], [60.94346430041281, 51.52165469981307], [60.936361800263285, 51.523725099775646], [60.93055130027456, 51.52941819992687], [60.925503999968065, 51.53376400013462], [60.92255830018397, 51.53975590003575], [60.917702599747756, 51.54542480023331], [60.913599700096114, 51.549410799915776], [60.90960670033629, 51.55703430013859], [60.91189380026988, 51.56397260022661], [60.91279500004438, 51.57124170008152], [60.91652870019913, 51.57581600009393], [60.92002270019166, 51.58128099989077], [60.92268700001811, 51.586669799744136], [60.92631340000541, 51.59350879981037], [60.9299826002244, 51.59792089987516], [60.9346766003162, 51.60164590022111], [60.9300812999213, 51.60630760009213], [60.933502200405904, 51.61233229992459], [60.53803399994719, 51.61801200016659], [60.52700760024612, 51.63786610023101], [60.431563300022695, 51.646505899972425], [60.42341870024463, 51.64668299982726], [60.41553999999414, 51.647000900126564], [60.41126979990059, 51.65231370012835], [60.40089630023966, 51.65657190001205], [60.39671549958486, 51.66175880020622], [60.393025900422394, 51.66699370026889], [60.38781670034547, 51.669940199968124], [60.38141150036731, 51.67397489996851], [60.37369840004788, 51.67528510026007], [60.36685289981624, 51.677044600136966], [60.359090799991336, 51.67948549985272], [60.356308500164126, 51.68480780022352], [60.35871939962196, 51.691828499762], [60.37155599984191, 51.69582660022078], [60.37958680014134, 51.697903899727336], [60.385530900274084, 51.70051019996976], [60.39002050040106, 51.70534999987031], [60.39726090003152, 51.70742690006336], [60.40462780042029, 51.708896300234315], [60.41054019990495, 51.7111884998971], [60.41743279970514, 51.712520700149675], [60.423890700247746, 51.717189499823164], [60.43077619976397, 51.71861370001965], [60.43504760000675, 51.722975799771575], [60.44003119987812, 51.72736740021111], [60.44570610007303, 51.73086240009764], [60.450416400095605, 51.73467570002869], [60.4538728002036, 51.74072860025163], [60.456509299866966, 51.74712900018596], [60.45993349986362, 51.75188639980648], [60.463454199583, 51.75637470013271], [60.46941850013152, 51.75873309995909], [60.47488440008909, 51.761817700095456], [60.47841669975372, 51.7666480998287], [60.48580529984653, 51.76846369983449], [60.49260109988663, 51.77087099980763], [60.500740299891426, 51.77117090018991], [60.50695029955167, 51.773418400023324], [60.514621100001044, 51.77389140024229], [60.51817080003272, 51.77891329992772], [60.517488400217026, 51.79772530010348], [60.508307200296706, 51.79780079979351], [60.49292479971438, 51.797944399966156], [60.48255799968888, 51.798036900230564], [60.47101109994258, 51.79811429993188], [60.42798519975324, 51.79844940025601], [60.32035410016209, 51.83140020001594], [60.27364339961049, 51.85152160014563], [60.24189409969176, 51.86519810015016], [60.22941780025755, 51.87056909973093], [60.22079850014078, 51.874278699944234], [60.144821199672265, 51.9068858000892], [60.14786659987647, 51.893943899974026], [60.16175999975623, 51.89219399997952], [60.15579519974445, 51.87358309986485], [60.15727039962926, 51.857861700147936], [60.14293659978317, 51.85935680014885], [60.14391300022507, 51.870456500024694], [60.05890840010905, 51.870145199817074], [60.07451899972296, 51.888272999879405], [60.03271600038441, 51.913517999993516], [60.02989769967386, 51.93612950007205], [60.01024509989633, 51.940407399950004], [60.00200940016875, 51.95493949999551], [59.99411970004756, 51.96464570025824], [60.003262000221156, 51.97115080018921], [60.00263109992241, 51.98214619989269], [60.00199199980168, 51.99328089995255], [60.01489879976783, 51.99311570017943], [60.02310369985754, 51.99300999992756], [60.04643890002328, 51.99273420013929], [60.074956100177324, 51.99238990021692], [60.10281089970885, 51.99208019977818], [60.137182000157985, 51.99165899996026], [60.15206820012338, 51.99145900022434], [60.160242199964, 51.99136030023542], [60.17380620020548, 51.99119650007965], [60.197661799805076, 51.990882700136055], [60.20540610041099, 51.99390699988412], [60.22158260002634, 52.00022350019552], [60.24115379986279, 52.007864399944395], [60.261380399750664, 52.015738400158455], [60.27875420002782, 52.02444770011357], [60.304754000057244, 52.037477900129566], [60.31451510022266, 52.04236889975824], [60.32588010010714, 52.048062900117856], [60.3394527996338, 52.05484990011423], [60.35271199970274, 52.06349070011721], [60.3685077995889, 52.073782399940356], [60.379024700013616, 52.080626899771524], [60.3921299998097, 52.08915629996834], [60.405932700388526, 52.09811750011828], [60.41407579997998, 52.102706099788094], [60.42556909994823, 52.10912779995563], [60.43632210008743, 52.11513340008058], [60.44537719989808, 52.12020779981896], [60.46563859962171, 52.131462899835846], [60.483531699795, 52.14139669974575], [60.49751130021276, 52.14906359977922], [60.50823240027799, 52.15494330022912], [60.53610029994125, 52.15618949979549], [60.554060300348695, 52.156192500127304], [60.58411179965182, 52.15619770000387], [60.5976623997242, 52.156199999853676], [60.612861100220776, 52.15620260006714], [60.64006810034647, 52.156190399784826], [60.666380499721654, 52.15617869992207], [60.67703290022718, 52.15617390016117], [60.69228660007707, 52.15616700005622], [60.71205319965739, 52.15615820021628], [60.7200483997222, 52.159590999971854], [60.72735219975041, 52.17042150011889], [60.732794599780114, 52.17337869995244], [60.7425124999636, 52.179478700155904], [60.75454500020638, 52.191120100109806], [60.760337400040484, 52.197596200190105], [60.7666396000865, 52.202646499749484], [60.770596400435295, 52.207021199834514], [60.77483869975441, 52.21433240005489], [60.776144000371254, 52.221030100175646], [60.78048829979767, 52.2290635001215], [60.78924479960784, 52.22968720010858], [60.79817119958437, 52.22737400020526], [60.806410900408196, 52.22800490011538], [60.81706249961651, 52.22871459973302], [60.825122000190945, 52.22800490011538], [60.83181679994874, 52.22947689993285], [60.838348499786896, 52.231763699992044], [60.84503469997253, 52.23399779995691], [60.84984130029188, 52.239254099901515], [60.857844899604565, 52.2405548998818], [60.867307800418196, 52.24370830006979], [60.8745604997815, 52.2482933997513], [60.88332379983839, 52.24931810017177], [60.893271599564265, 52.251341200271845], [60.9027215996721, 52.25446749991905], [60.90940779985767, 52.25691060024559], [60.91902080017215, 52.26027299994805], [60.92469420018051, 52.26276830017741], [60.93326870041582, 52.26342499990315], [60.9408218000034, 52.26636659985008], [60.94974819997984, 52.26920299994733], [60.95781630012658, 52.27477019993949], [60.96417629957461, 52.280100499854576], [60.97183409960514, 52.28313639980761], [60.97687120043992, 52.28717059983778], [60.98121220035428, 52.29165250002682], [60.98438640010565, 52.29660110006904], [60.98671970039429, 52.30258649994756], [60.99043250034563, 52.30778269973127], [60.997255000112624, 52.30953670017003], [61.004188999671015, 52.31357979978504], [61.008399099777144, 52.31869600023839], [61.01065470028528, 52.32607000011196], [61.019707200371464, 52.32957509990676], [61.028854699993886, 52.33023870012771], [61.035743799957736, 52.33224739976607], [61.043975399774375, 52.33668530012449], [61.05302250008736, 52.34120229979609], [61.06057540024893, 52.34511350024845], [61.06679829971666, 52.347090799850406], [61.0567806002819, 52.35747850026399], [61.040758300078274, 52.374089599818866], [61.03196559995878, 52.38320279996938], [61.01610849993592, 52.39962249990171], [61.00173580034308, 52.414499899913295], [60.99223269992048, 52.423055400041626], [60.989449899731675, 52.44206690007778], [60.98839849984507, 52.44972279986239], [60.98659339996032, 52.46268730005154], [60.98603810007921, 52.47346359999566], [60.98397549991495, 52.49260609997806], [60.9823287002512, 52.507871300166386], [60.95263659982529, 52.51092070026221], [60.931299599601196, 52.513114600187116], [60.9077820001104, 52.5155189998814], [60.89842469985164, 52.516478899937574], [60.88160549966797, 52.518204100095545], [60.85906239978385, 52.520497099985576], [60.84182920022168, 52.52225149988938], [60.84197940033384, 52.53689299995179], [60.843591400161685, 52.5489477998087], [60.84351900044139, 52.561248799863456], [60.84346800038774, 52.57084840004814], [60.84338749966018, 52.58565129986181], [60.84328289982853, 52.60305889984303], [60.843237300446376, 52.61205499993634], [60.84314609988549, 52.62952699975591], [60.843072599728956, 52.64076210004619], [60.83608209973247, 52.637477700119014], [60.82578240026533, 52.635810899892675], [60.8187443003386, 52.63258130014079], [60.81102430005943, 52.63185129995332], [60.803774099809225, 52.63097280013306], [60.79579850008563, 52.62918930016917], [60.78622790025262, 52.63066709998792], [60.77598560043725, 52.629749900044196], [60.76859770013212, 52.62755869993469], [60.76146170000907, 52.62669240023934], [60.753402200332864, 52.628985500000105], [60.74727359971553, 52.63097280013306], [60.74456000034626, 52.640146899773], [60.74440600036046, 52.65160210013157], [60.73714300001583, 52.65438190007358], [60.714552999989074, 52.66302679988851], [60.71427099995674, 52.673719000119895], [60.71382879976655, 52.69047790008825], [60.71360420028425, 52.69870679992316], [60.713158200220484, 52.71678830007358], [60.71190699974325, 52.76436059977464], [60.73193210032637, 52.760996800038576], [60.820999100447835, 52.774984999898244], [60.834399500408054, 52.774141200083406], [60.85367780005448, 52.79225889991549], [60.879634600426165, 52.81642690003469], [60.88481689955357, 52.821250500248354], [60.870611999865865, 52.83275640011429], [60.883447000186315, 52.830512999861455], [60.890875799888015, 52.8340836002526], [60.90234580025276, 52.83445849985451], [60.909898899840336, 52.83995449994445], [60.92174360008649, 52.84472400003878], [60.93152829989277, 52.84627919990707], [60.94096970042838, 52.84793800002957], [60.949037699963746, 52.85249930020879], [60.96019570015892, 52.85788930009364], [60.96586060030812, 52.866491299817966], [60.97375700006467, 52.86763119987771], [60.97822019960377, 52.87436630007594], [60.980280100330674, 52.88078949994702], [60.98422830020894, 52.88524380010445], [60.99160980001765, 52.88669400024983], [60.999849499943195, 52.88886909975747], [61.00705930026008, 52.893322499981345], [61.016521399776494, 52.895104999757265], [61.02542709987391, 52.89829330026511], [61.03435340013736, 52.9030564001949], [61.041906499724995, 52.90999299978741], [61.044481499825636, 52.91547939983368], [61.05512450036, 52.918377600141724], [61.06250589955748, 52.91951619983549], [61.06937239970537, 52.921586099867845], [61.07620500012946, 52.927843400211536], [61.05836929960794, 52.93753380002935], [61.04606330009031, 52.94317670007413], [61.03040990024471, 52.95046570008957], [61.02243320008489, 52.96059140008972], [61.014444500229494, 52.970729900191614], [61.00910250040755, 52.97750819993288], [61.01678689955367, 52.978223600243865], [61.026794200090734, 52.97723219987577], [61.0342616004002, 52.978109100230895], [61.04446660036835, 52.97960310014934], [61.05179779991109, 52.9805218001007], [61.060638900359734, 52.97912330025554], [61.07024860026384, 52.97522809995313], [61.08154579980222, 52.97469179992559], [61.09076500025569, 52.96846630003376], [61.10417390007513, 52.967679200232666], [61.11225309980546, 52.969205099737636], [61.11556999963466, 52.97444920005375], [61.11947529956828, 52.98391940020174], [61.1236380997814, 52.988582700126734], [61.12973209998893, 52.99117890005252], [61.13855189958564, 52.99552249990694], [61.143701700360985, 52.998725300157574], [61.15058900010099, 52.99992229996911], [61.15760630043568, 53.00141130022274], [61.1675404996682, 53.00161390006341], [61.17560859981488, 53.00513910012717], [61.184213799974984, 53.009571599912945], [61.19211030034289, 53.01101760014286], [61.196733700039836, 53.017281100017954], [61.204855399964636, 53.021495500013785], [61.213224600123176, 53.024545400262866], [61.224918299858246, 53.024463999985905], [61.23313729990468, 53.02609410023212], [61.238479599764, 53.029445499993344], [61.244401899581426, 53.03191029980441], [61.25102840042817, 53.03618359982908], [61.268635699797116, 53.02355729996185], [61.28185229995866, 53.01404580024932], [61.29704300005934, 53.0030100998392], [61.30684269993422, 52.99595420025904], [61.35070170041303, 52.99407189996058], [61.39073950033679, 52.99234889972987], [61.4042589001227, 52.99999330015557], [61.41666409969885, 53.00700649985153], [61.439030700392514, 53.01964840001544], [61.45893389959165, 53.0308949000884], [61.46798280012847, 53.0360071000788], [61.477110400270725, 53.034207100058616], [61.48925540012982, 53.031342500010815], [61.49979109959846, 53.027380699837245], [61.50577779963858, 53.02421880026908], [61.51243040013762, 53.02124130004573], [61.52049850028429, 53.01680099988], [61.52756809963649, 53.01575139997055], [61.537309900396416, 53.0157642998509], [61.54474499998323, 53.01302759979104], [61.55714699976023, 53.01211590004437], [61.56225493814505, 53.008540085924054], [61.57300999991791, 53.00101099991354], [61.63208570043657, 52.95412020001099], [61.65711880003255, 52.96728539987126], [61.67319500005148, 52.96853500015169], [61.70177299998064, 52.998211999832144], [61.70660120029102, 52.994251799787335], [61.716556100300956, 52.991444800006484], [61.726301700036146, 52.99134940002115], [61.73513859996256, 52.991481100059474], [61.74405610032952, 52.992937999767605], [61.750442399754164, 52.99494519984576], [61.7644365995919, 52.996760799809984], [61.77434569989538, 52.996355400081676], [61.7867053000893, 52.9964587000049], [61.79636220017339, 52.99769309985533], [61.80438650026347, 52.9964587000049], [61.81159619996905, 52.9981117998268], [61.816597399633494, 52.99481980015429], [61.828419100313425, 52.99346240012893], [61.83794180017887, 52.99363539992775], [61.84232359977681, 52.99790510005403], [61.84784660024708, 53.00330340022476], [61.960760700108914, 52.95015139998711], [61.990643999756564, 52.95047589974999], [62.02933540024096, 52.951047199755294], [62.098658699736895, 52.97779729985081], [62.13044019976705, 52.990059999847986], [62.132022699819274, 52.997358899924], [62.13469680026548, 53.00948529984896], [62.136285300165596, 53.0168845000517], [62.13778670031398, 53.02387679974843], [62.14170550012963, 53.04199189989268], [62.14318429956385, 53.04879820000442], [62.14607599981963, 53.06208590019063], [62.137808199693694, 53.08295809976739], [62.12891589976538, 53.096829599997704], [62.119306299574255, 53.11181510006147], [62.02739909961232, 53.1419366999575], [62.000194799822395, 53.141979399830504], [61.98202550003866, 53.14199599987691], [61.95890479959654, 53.14201719999182], [61.936315299931394, 53.14203790005323], [61.915962699646805, 53.14205659993352], [61.896592099901554, 53.1483166999614], [61.88806960044313, 53.15107070023105], [61.878681099897946, 53.15410429998025], [61.86169689985778, 53.15959690022468], [61.85020750037448, 53.16331220006217], [61.84255970038968, 53.165785000232574], [61.83551040026795, 53.168064199759755], [61.82630990004379, 53.171038799927146], [61.796392500347885, 53.180689300022436], [61.784150900154756, 53.18463690011098], [61.77429189979301, 53.19111409980018], [61.7617968004165, 53.199321599767025], [61.75074669956508, 53.206578799888256], [61.74576980022738, 53.21544870001096], [61.73791230021753, 53.229397300181915], [61.73449780022935, 53.23546119983707], [61.71997100003946, 53.24488370007635], [61.71049449963071, 53.247489600027805], [61.70303020030562, 53.2495420000998], [61.67392550015911, 53.26565890018604], [61.66375729967657, 53.26491290021413], [61.639385399655595, 53.24892899977953], [61.63047640004613, 53.22322330019719], [61.613968599957346, 53.221963700247194], [61.59456480027588, 53.2204831001323], [61.56819100015261, 53.218470499971914], [61.54875429967382, 53.21698729992408], [61.527120199635874, 53.21533630026551], [61.49935110028075, 53.22486670008154], [61.48866709973843, 53.22853289982585], [61.468368799917826, 53.23549739984938], [61.45664510004551, 53.239519400040756], [61.44717240040879, 53.245293599736385], [61.43239949956026, 53.25429689975501], [61.41754940019108, 53.263345400030836], [61.40023289985263, 53.27389429998462], [61.37723139956054, 53.27829420015475], [61.35963169993883, 53.2816604997326], [61.341926999836865, 53.28504659973665], [61.328033200206804, 53.28530389984964], [61.315710999573106, 53.285532100111766], [61.30488570032484, 53.28573259996579], [61.28971790007741, 53.286013500104744], [61.27632479982714, 53.28546349994031], [61.266602600306726, 53.28506430015829], [61.25524339994582, 53.284591199775846], [61.2262353001334, 53.283385299906016], [61.212214399670444, 53.29147239987043], [61.197946299909304, 53.29970030004212], [61.186499900083675, 53.3063000001249], [61.177035599694875, 53.31175610000484], [61.175204199833544, 53.32190050008173], [61.173678800294006, 53.33031159994938], [61.16892190016599, 53.35726080010685], [61.16522869965751, 53.37030440012354], [61.16264120039799, 53.37944049993888], [61.16045099993746, 53.3871723001619], [61.157346799608, 53.39812819994449], [61.15525330009286, 53.40550259996819], [61.17448380038304, 53.41342800007151], [61.183193100013234, 53.41701680008344], [61.20373160035766, 53.42547889990914], [61.21668929976609, 53.431794700132684], [61.2229710999703, 53.44418220005849], [61.220111800150235, 53.45501450018149], [61.22412980002439, 53.46831260001329], [61.22635070040973, 53.47566920004337], [61.228827699702805, 53.48391360013709], [61.24148770012105, 53.491546799813136], [61.24953689971418, 53.49935939993216], [61.256443300332094, 53.50604960002137], [61.26678559970655, 53.50904569985636], [61.2737735996916, 53.51029880025975], [61.28130779962393, 53.51098250001], [61.289055800390486, 53.51358850003633], [61.29566429989727, 53.511823999781434], [61.30783080003437, 53.5140951999296], [61.316081300404534, 53.516359899746725], [61.32189400036744, 53.51913029996188], [61.31513450034964, 53.507282800175375], [61.326453899953556, 53.50364959977684], [61.35009689976653, 53.49606000001756], [61.35941769967861, 53.493067499797895], [61.36832529971282, 53.480521900032606], [61.366882299939356, 53.46737689981604], [61.38822599979883, 53.463277300098206], [61.409097599942164, 53.45926109975705], [61.42844969978243, 53.455541599985395], [61.42578900040369, 53.462423799739355], [61.43937609992436, 53.465205499924814], [61.45389049977009, 53.46817689994872], [61.46477490007922, 53.46283899997439], [61.48778560001814, 53.47590070016284], [61.50671929963341, 53.4733479998809], [61.51863900022263, 53.47301759985216], [61.5169200002646, 53.480705900190195], [61.51471229972401, 53.490578099826344], [61.52491180020601, 53.49848070026305], [61.533342899677535, 53.50501200000078], [61.55045810013725, 53.507104100184705], [61.55683100029106, 53.501876400084214], [61.5620549372302, 53.497121520816094], [61.56892509980952, 53.504542200104225], [61.558070200174384, 53.50512129974948], [61.56225493814505, 53.5095700939428], [61.5768122999193, 53.51734310017974], [61.585119100403304, 53.521777799872126], [61.593260800419515, 53.52612389993373], [61.58220469972027, 53.54055450003916], [61.56517800038404, 53.53834359985483], [61.56225493814505, 53.55154593502306], [61.553065199738, 53.593052399816585], [61.510010399847644, 53.589222100003624], [61.50722620008358, 53.594975500072096], [61.39119919970875, 53.60210319997635], [61.3863766003941, 53.594561600157334], [61.357792299681655, 53.56139289989313], [61.35109309997558, 53.55929050010644], [61.3434923995594, 53.55866660026507], [61.33537460011962, 53.55876949985205], [61.326118200430216, 53.560445400133496], [61.31797570001503, 53.56184200021472], [61.309558800213246, 53.560168499811105], [61.300233300315526, 53.56229060009759], [61.292064100173555, 53.5620896000611], [61.28435439997739, 53.56401550021415], [61.27729590020889, 53.56518380016079], [61.269923600046965, 53.56682640001538], [61.264277599553004, 53.563909599995384], [61.25557649974473, 53.565314699837714], [61.24741479963699, 53.56505730000298], [61.239806200334556, 53.56426910019995], [61.23300010021138, 53.565481800100095], [61.22347150021113, 53.56437929974383], [61.21555170023975, 53.56364439985155], [61.20908589991248, 53.56581249989502], [61.20079480018304, 53.56640039987066], [61.19388320011625, 53.5689757002274], [61.18825270005261, 53.57233759990879], [61.18005439988526, 53.57334800016483], [61.17129859986262, 53.57396720019836], [61.163109500240466, 53.57447050017444], [61.12644640044618, 53.58994329997406], [61.12177669978287, 53.615133200204966], [61.08991210019905, 53.61485629987141], [60.98552579985583, 53.62238640018823], [60.95576939981846, 53.62446709977929], [60.940684700023034, 53.625499500224805], [60.93256830015843, 53.62444959993064], [60.92357490023482, 53.62621530006132], [60.90028729999939, 53.62866649988901], [60.899056800299626, 53.639991599799735], [60.8976096997169, 53.652979699931706], [60.895929300366646, 53.6678930000514], [60.91883800019828, 53.66904890026067], [60.9454269001197, 53.67039040026392], [60.97437519998195, 53.67185099996836], [60.995576100050606, 53.67292059987994], [60.998604300212136, 53.65079460017854], [61.04242620026966, 53.65301310002998], [61.0584765997753, 53.72131690017166], [61.114671500195925, 53.720932800211784], [61.134071899754126, 53.73714680014137], [61.16305519977649, 53.76521689995719], [61.17031929965906, 53.772249299988225], [61.197629599754165, 53.7802553001266], [61.227176299766555, 53.7956129998478], [61.232729000336754, 53.821068100095026], [61.237206899907115, 53.841779300109984], [61.21041299994635, 53.838152000081884], [61.20732309989786, 53.84728620019703], [61.17924569963551, 53.8525645997432], [61.13689900036115, 53.904515100023566], [61.057290999670066, 53.894046699961045], [61.03620619966541, 53.90850020012546], [61.021738000174686, 53.907983700122045], [60.99349469994405, 53.90697540022291], [60.9952606000447, 53.92052430017625], [60.99713510017502, 53.93490139978725], [61.00610370030864, 53.940527600099074], [61.017090099826646, 53.947418600091574], [61.02935660042119, 53.955111199793215], [61.037445400447005, 53.95811189975199], [61.05435400006949, 53.95837549990387], [61.06470999965036, 53.94515959981298], [61.07979209972138, 53.945385399869025], [61.08631730024847, 53.95358189986501], [61.08015949989279, 53.970470199983325], [61.10000250028979, 53.969892700055766], [61.111112299581784, 53.974436699792726], [61.11953670031623, 53.97413449998321], [61.14177509974079, 53.973336700066966], [61.16161189996566, 53.97262499978508], [61.17080259957013, 53.972295200232395], [61.1803776002497, 53.97195470011998], [61.17650450042755, 53.95877789988754], [61.17135999971233, 53.94306629991588], [61.18430110005098, 53.9337733997575], [61.19473779978537, 53.92627730010128], [61.2050619999035, 53.91886070010522], [61.21483330043906, 53.9201290998789], [61.23061940031673, 53.92217960002778], [61.262297900414715, 53.92629309986929], [61.26970529955142, 53.92725489987771], [61.27986739957484, 53.92857429984689], [61.27402959978463, 53.943378899975215], [61.26886900036127, 53.955107000179645], [61.26464719969858, 53.9652004001756], [61.26799200030218, 53.976210899742036], [61.27013909959539, 53.98226970016823], [61.27234120003847, 53.992719799921616], [61.265982699878684, 54.00076650020497], [61.25913659957249, 54.009428500020306], [61.25018479973137, 54.023399299920975], [61.24356780036537, 54.02851520015507], [61.2465128003619, 54.037814200222954], [61.26606879980539, 54.041600599808724], [61.27105729998664, 54.04740100001864], [61.27771769965893, 54.05514410009634], [61.28436180029873, 54.06286690021852], [61.29239169958796, 54.072198599777806], [61.30119809991386, 54.070797000151515], [61.3082633002161, 54.071902800065246], [61.313727799700125, 54.07455119986163], [61.31984950035779, 54.077449899972144], [61.32845950021649, 54.0789745000748], [61.33648860000513, 54.0789218998037], [61.34305330035361, 54.07537529999302], [61.34899590029975, 54.07298780001428], [61.35450269965389, 54.07581510019688], [61.36363670029256, 54.076743199869625], [61.36953069958524, 54.08180460025274], [61.3777483000565, 54.08422739979265], [61.38484290042135, 54.08538960005754], [61.39379459965118, 54.08450110018844], [61.39983849991706, 54.0867703001295], [61.40977420023436, 54.08580699986342], [61.41510800023445, 54.08306990015426], [61.42456199964194, 54.08440580013592], [61.43116779971125, 54.08258220005506], [61.440582999983334, 54.08334610017197], [61.448521100433624, 54.083683700183435], [61.45598840013179, 54.08254450018898], [61.46338360014697, 54.08332389992142], [61.47166759959236, 54.08203910019562], [61.47909369985671, 54.08314089982457], [61.48051680015, 54.07550260005869], [61.472894000279545, 54.07044749989792], [61.47769929983837, 54.061414399843], [61.48338679980346, 54.050720399830745], [61.48202029966126, 54.04050729976202], [61.48062940037761, 54.03010949995474], [61.494391700124815, 54.02679540015145], [61.51908130012581, 54.020849300028566], [61.53061150019098, 54.01807220013902], [61.550530499857615, 54.01326329984757], [61.544626600232114, 54.01026399982456], [61.55573930018414, 54.00842130018521], [61.569136999808656, 54.00818959999365], [61.5701122001013, 53.98680520018261], [61.57098769997385, 53.96759869983591], [61.61155799963852, 53.968146099973275], [61.61615950020549, 53.977789199795104], [61.61579230035839, 53.9858088001075], [61.61734980029632, 53.99225609984412], [61.62353690010324, 53.99517199993825], [61.62817170031949, 53.99871629981647], [61.63144459976781, 54.003519100062775], [61.63541709997283, 54.00889289979409], [61.63968720035337, 54.01350789977426], [61.64303450007009, 54.018296199820234], [61.64869370040878, 54.020902999813764], [61.65377129999154, 54.02386890019255], [61.65923169956455, 54.029077100088585], [61.66675280026338, 54.0270075999813], [61.66551140040596, 54.0195048997878], [61.680835300002, 54.01716020021924], [61.70064550021302, 54.01885819982775], [61.71278380043674, 54.02219219974299], [61.72516969970897, 54.02953900022137], [61.73024219955578, 54.025189599838924], [61.73668030033127, 54.01966860022798], [61.74130800026347, 54.01569980020197], [61.743763299852525, 54.00757930005516], [61.745883800030164, 54.00056459996493], [61.7581895004088, 53.995122799964804], [61.78204000027257, 53.98457379983498], [61.789307099629866, 53.99140449985061], [61.7950661998147, 53.99681689994939], [61.799623199639086, 54.001099000041776], [61.81865800014794, 54.019152999847094], [61.82550439959314, 54.02367910014941], [61.8324527003308, 54.026160999886926], [61.84082089976618, 54.029773800126776], [61.84873439985249, 54.0311836997705], [61.85272340031264, 54.025051699741844], [61.84757949967205, 54.02173149988849], [61.84430820012333, 54.01333169994817], [61.8485396001831, 54.00943209974893], [61.85814990016181, 54.00881539976784], [61.86429049957643, 54.01604689986634], [61.87521920030376, 54.016238600018966], [61.88309089998327, 54.01418099979265], [61.891471300336825, 54.011376099874894], [61.8905809998217, 54.003868999784245], [61.88491560020919, 54.00054460002332], [61.8838614999868, 53.99358539982453], [61.879201999693564, 53.98995450024384], [61.87610609979725, 53.984744200190114], [61.8743063996857, 53.97784020008367], [61.8701519996188, 53.97396290020281], [61.86485870016333, 53.97049109995443], [61.86043170003524, 53.96604699997256], [61.87365180003307, 53.96066319995867], [61.89046700001885, 53.958718900070906], [61.927775100068544, 53.95440469991348], [61.93233219960599, 53.94990789994287], [61.945311000440476, 53.94973890023993], [61.98115609972688, 53.949272199943266], [62.02518769980944, 53.94869889996597], [62.04386519990558, 53.9484556997587], [62.037831500009794, 53.96140379976724], [62.030439400080766, 53.97729149980219], [62.02672720020398, 53.985310300091], [62.023888799688955, 53.99140150009766], [62.01980189993083, 54.00017049986731], [62.015531699837275, 54.00933079991926], [62.006656200201405, 54.035821599864256], [62.01145260015076, 54.03924649998396], [62.01910750041956, 54.03780800008344], [62.026456200042354, 54.03661669994882], [62.03408149992423, 54.03536030025439], [62.04011799986881, 54.03816590007907], [62.04711740037312, 54.03968819998932], [62.053968600415125, 54.037665699954374], [62.06107910006221, 54.03866609998773], [62.06848590002264, 54.03973169973821], [62.07252260012609, 54.043928700250824], [62.07399979966076, 54.05067200015279], [62.08051769957956, 54.04860649986052], [62.08803559958099, 54.0478020001854], [62.09292410020318, 54.043648900179754], [62.10147890038425, 54.0434750001206], [62.108219000385255, 54.04601910003277], [62.11488240043056, 54.043773900205245], [62.12106360010274, 54.04112279993911], [62.130738600341495, 54.04149100017919], [62.13724819982701, 54.03656079998287], [62.14439060044648, 54.0356038000686], [62.152642500391885, 54.03529840014399], [62.16106350010471, 54.035448199824884], [62.1689686997578, 54.035822800067805], [62.173129299996816, 54.03163620025609], [62.17978619983277, 54.03008850009679], [62.18569429998046, 54.03279279986444], [62.192327600175595, 54.03131780019886], [62.20053649956497, 54.03150590022315], [62.20830289962521, 54.03254449980475], [62.21114600012576, 54.03773690019592], [62.22113139973624, 54.03883630007024], [62.22764970030357, 54.037146399844666], [62.23298369972967, 54.034051000241405], [62.24205499975809, 54.03494939988768], [62.25021389981711, 54.035705999789776], [62.25805060023486, 54.0365571002562], [62.26559219959012, 54.034382000145875], [62.27434150030162, 54.03383029999165], [62.280219099950514, 54.03687230017551], [62.286901800299745, 54.034744500025546], [62.295327899748386, 54.03495020021604], [62.30214200026752, 54.033242000144256], [62.30936760015363, 54.03212639982117], [62.317433300001895, 54.03242149992563], [62.327358299587594, 54.032701900013144], [62.33554950036918, 54.03227400025787], [62.34279070039857, 54.03316470005693], [62.349259999663815, 54.035335699757916], [62.35279149982789, 54.03980690025299], [62.361413599993504, 54.03936070020593], [62.36807510010201, 54.04127379977856], [62.376699799992046, 54.042781400172785], [62.38314859970251, 54.0449941002153], [62.38939719997046, 54.04779560006502], [62.39701900001605, 54.04848610012446], [62.40658499957648, 54.04664270000153], [62.4187936998707, 54.0469819998758], [62.49400559978453, 54.032625399822344], [62.4593800003272, 54.01364220024812], [62.42008120037023, 54.00749129986583], [62.39641610020469, 54.00378690024466], [62.40469740021266, 53.99144010024701], [62.41327640010924, 53.978636999834244], [62.42395770031577, 53.96267900003838], [62.43259370011374, 53.94977220012921], [62.4412425000062, 53.936844900186955], [62.44442549965409, 53.92983799977704], [62.46641370030572, 53.927116600145446], [62.474897900092046, 53.93077199982263], [62.491252700019956, 53.92273630011288], [62.51002359975281, 53.91285759975467], [62.51907370043888, 53.914956799895265], [62.52388020014694, 53.91829310012225], [62.53040710028656, 53.92545380019304], [62.53694290003574, 53.92832119983151], [62.54353089998772, 53.93073560025058], [62.55205900044189, 53.93265029989426], [62.556875999659034, 53.936107100029844], [62.56245190011973, 53.94124090018856], [62.564686100062865, 53.94960410017671], [62.57048199973327, 53.95618769981943], [62.57794919971849, 53.95745019988068], [62.57968580036782, 53.96402090006223], [62.58305740041133, 53.971061399762704], [62.58610309975456, 53.979258700198976], [62.58739210044064, 53.98675329975101], [62.59640280011995, 53.98748529997163], [62.59727600030538, 53.99493599975501], [62.58076429973165, 54.01462809978601], [62.577170099855685, 54.03821739985595], [62.56875340037813, 54.04653949974208], [62.57335170024777, 54.057506299752916], [62.579702100298654, 54.05917380020299], [62.58718009983015, 54.06040169984925], [62.59025930004532, 54.06536990015073], [62.59358520009531, 54.07074660025398], [62.59901399963166, 54.073579499938006], [62.606062900003074, 54.07250300012429], [62.613927099648286, 54.0727610999853], [62.620739900305196, 54.07435379992997], [62.62518170017755, 54.078256500198215], [62.63312099987884, 54.07799840024524], [62.6386249003695, 54.0807678997635], [62.644847600411225, 54.082989599988906], [62.65413879993638, 54.08407210015583], [62.65984650031725, 54.08701100011694], [62.66277550042027, 54.092321999993004], [62.66906259978633, 54.090302199775856], [62.6763475001593, 54.09147260006112], [62.683074500028496, 54.09297009985914], [62.689522500238354, 54.094725600038046], [62.69656060016513, 54.09571969975724], [62.704929099637816, 54.09568200023649], [62.713093700405565, 54.093788099808], [62.71950960021707, 54.09162359974662], [62.7260648996961, 54.09375040011228], [62.73382189978519, 54.09341690013676], [62.740559600386014, 54.09198860022662], [62.74856330030994, 54.09310860020962], [62.7568888998379, 54.09440469991548], [62.76316239960897, 54.092606800228054], [62.77072909968989, 54.09405870001133], [62.77853959984404, 54.094448799852735], [62.78494479982221, 54.09627339984942], [62.791263999586675, 54.09831809997364], [62.797519000351045, 54.10052629998185], [62.80281900034024, 54.10370319980256], [62.807550399992174, 54.10787359992038], [62.81175610015009, 54.111710299864534], [62.8194058000717, 54.112792000198574], [62.825725100447464, 54.114961700175336], [62.83250570009467, 54.11341459987259], [62.840659600130806, 54.11410640025583], [62.84695740022855, 54.11581070022255], [62.854821699586715, 54.114703900120844], [62.86094780019271, 54.11730109995543], [62.86770429983741, 54.11525910020285], [62.87611839959055, 54.11662190024547], [62.88511989962308, 54.11855879973892], [62.89244769994084, 54.11723819987977], [62.89799450037622, 54.11342089983775], [62.90196949969437, 54.117536899885565], [62.90973189955658, 54.11795509986544], [62.91812720026578, 54.11783869999869], [62.92337359957856, 54.11472269990574], [62.930460200445815, 54.11365719997065], [62.93580829982858, 54.116332599753825], [62.94187009992483, 54.11404040016026], [62.94993009996257, 54.11314899996919], [62.95556539972485, 54.110395800136715], [62.961342900101606, 54.1076094001668], [62.969448500419816, 54.108288700150325], [62.97525289994949, 54.11071650018781], [62.98131460033268, 54.10812520014007], [62.9874194000866, 54.10592370004075], [62.99481150001569, 54.106804299992255], [63.002944000385114, 54.106565300092136], [63.01075460025227, 54.10541420019699], [63.01663400012495, 54.10755909973705], [63.02318929960393, 54.10548339989882], [63.031042800314104, 54.10429449979965], [63.03811310035223, 54.103218799737405], [63.0448277995902, 54.10136279981117], [63.052983300424174, 54.100796899949884], [63.06891530017876, 54.10286739977356], [63.07506320020166, 54.10551479987921], [63.08181170034887, 54.104187499931285], [63.08764809966552, 54.10657160004487], [63.092433199706875, 54.11037689991247], [63.09966439969054, 54.11143349980344], [63.10328009984447, 54.1159553001509], [63.11130520033346, 54.11575410012856], [63.116422899812164, 54.118715999985504], [63.122077000414976, 54.12162730006211], [63.12708730001325, 54.118351199938566], [63.131636400053026, 54.12180969975743], [63.13905000026014, 54.12283459983384], [63.14624900013241, 54.123790299739916], [63.153694900163856, 54.1244819001124], [63.15739209997199, 54.12896019994663], [63.156023000105364, 54.13572850001922], [63.15773429970475, 54.14218959991319], [63.16270710002978, 54.14537589978426], [63.16611879996924, 54.15044690020406], [63.16467050013559, 54.15780419990268], [63.15973519998203, 54.16120279981903], [63.154531699715626, 54.16414250023007], [63.15295460033483, 54.171252399744446], [63.156870600101755, 54.17625749989451], [63.152525399665144, 54.18033270023813], [63.15543290038843, 54.18574480008923], [63.159134400431824, 54.19039659987943], [63.16664460007473, 54.19098659999434], [63.17209480017602, 54.19362930021897], [63.178832499878496, 54.19207259975852], [63.18382139981006, 54.18901549991357], [63.18951840035759, 54.186573500048446], [63.197715300051414, 54.185983299751335], [63.20571899997547, 54.18607120015326], [63.21246740040955, 54.18785420002218], [63.22004099955192, 54.18839340020386], [63.22579800037394, 54.190675899893584], [63.220701800274895, 54.193908599938474], [63.224993300322154, 54.197759299912285], [63.23289509985191, 54.19739210014646], [63.23830249972154, 54.19477790000504], [63.24576969970671, 54.19543069997023], [63.2503187997465, 54.19161440004773], [63.25763579961957, 54.192361299895246], [63.26437889999354, 54.19362930021897], [63.271701299639744, 54.19288859974585], [63.276293299624264, 54.19647889996924], [63.28291300022427, 54.19509179976065], [63.291243899812414, 54.19501329995068], [63.297445200187425, 54.19697789982619], [63.30358740039982, 54.194906599986766], [63.311296099872756, 54.19558449998993], [63.31691259969273, 54.1982079998464], [63.32352159956104, 54.199767600039536], [63.32984629971001, 54.201989300217186], [63.336809299580715, 54.20070590007256], [63.34062339985173, 54.19649459991193], [63.347377200059, 54.19499449981008], [63.352532399709254, 54.191934499908086], [63.3570760002629, 54.188434799906425], [63.3634436003566, 54.19040910018741], [63.369827300056755, 54.18857609987024], [63.37585690004158, 54.19075440005749], [63.38027709992293, 54.19460849986289], [63.38527680029917, 54.19144490021833], [63.39697330008302, 54.18820190021876], [63.40663870002627, 54.1896640998276], [63.41194439982598, 54.19244539998709], [63.41827479978538, 54.195729300250036], [63.42626379967801, 54.19443470019671], [63.432721400183375, 54.19690380006394], [63.44102770030577, 54.197887799852396], [63.449252799912976, 54.19718809997615], [63.456087099949535, 54.195870100202356], [63.46225930029923, 54.19852580005058], [63.47024920030379, 54.20204570000045], [63.48046300016848, 54.20392210016911], [63.48626729998509, 54.2067459002223], [63.49162100036366, 54.20969500014537], [63.49486109962601, 54.21451979998617], [63.50214599999897, 54.2129137002186], [63.50862620032022, 54.21108790004522], [63.51266140023715, 54.206518200022856], [63.51885079973124, 54.20850280013941], [63.52280049979606, 54.21280040020432], [63.527887599961204, 54.21618770003355], [63.53225109997851, 54.211671400151026], [63.538205599907286, 54.20951930014628], [63.54516859977799, 54.21138910000606], [63.55115529981809, 54.21372929975484], [63.55876290019395, 54.21591260022206], [63.56529080015852, 54.217597599826064], [63.573383100020614, 54.21839819996535], [63.58408060044498, 54.21880109991694], [63.591227499827355, 54.22076159985954], [63.59831930014351, 54.22279390009399], [63.6044991002405, 54.22478849982819], [63.609284200281834, 54.22841680009762], [63.61718060003842, 54.228727299953576], [63.627319299847, 54.23018850008116], [63.63312359966368, 54.232433599960096], [63.638790999824295, 54.23501990021077], [63.645236500022726, 54.23810220008651], [63.64995230042987, 54.241542700031964], [63.65676999959999, 54.24284839988498], [63.6646020000321, 54.24332480020088], [63.67156680012665, 54.245076099781265], [63.67841290043277, 54.24662080019012], [63.68568420031238, 54.247556400017054], [63.692840300239915, 54.248427799793106], [63.70021399997701, 54.24986219998125], [63.70419139959362, 54.25404400009736], [63.710135199689056, 54.2518815998872], [63.71663690028833, 54.25374319994753], [63.72337459999084, 54.255134599965096], [63.72900720031564, 54.257660300180206], [63.732579899913596, 54.26303720025779], [63.739478600172845, 54.26180269980081], [63.74642009976552, 54.260430299864694], [63.75370500013849, 54.26130760019344], [63.758554399791294, 54.26506739976295], [63.76627919976903, 54.26613889993764], [63.77397179963538, 54.26666519994446], [63.78205059961544, 54.26686569981311], [63.79070880037735, 54.26772409983537], [63.79553669975213, 54.27146459978297], [63.80210279967572, 54.26993590012321], [63.81472200041039, 54.266135999755136], [63.82028599999024, 54.26114199986981], [63.82534360037975, 54.25773350017942], [63.84219599960147, 54.2472530000817], [63.87274959965623, 54.22887210012149], [63.87936300037119, 54.224945000180824], [63.897718200214776, 54.21630459987985], [63.90877450034002, 54.20204839976456], [63.91405239997659, 54.198112500239596], [63.93104669977547, 54.20461139992614], [63.93897519993044, 54.20135199980605], [63.94408019992588, 54.205959699773956], [63.95129000024284, 54.202043899807286], [63.959186399999396, 54.20314840023719], [63.969314399974614, 54.20184300017832], [63.9960935999041, 54.208369199817994], [64.00450500021981, 54.21138090010459], [64.01240139997637, 54.21890919991692], [64.01748130014452, 54.22242479998102], [64.02126700017777, 54.23033219978434], [64.01188650002858, 54.248206500205626], [63.99317540024577, 54.26384989993325], [63.98407729987915, 54.271569199932664], [63.97824079995113, 54.27868570009655], [63.975322600292806, 54.28910759999395], [63.981845699660425, 54.291011300019655], [63.981558100428956, 54.29898349994672], [63.99266039968666, 54.30072889983824], [64.00330340022099, 54.30223140001995], [64.01308810002728, 54.304234700013424], [64.01978289978507, 54.30663849998114], [64.02441770000132, 54.30072889983824], [64.0158346999068, 54.295720099782535], [64.01188650002858, 54.291512300009884], [64.01737960007455, 54.28790520021864], [64.0225294996646, 54.28469860019337], [64.04278549961508, 54.284398000074475], [64.06218319973586, 54.294517899869184], [64.06801969966388, 54.298625299910924], [64.07007970010372, 54.30814080020527], [64.07540120037093, 54.31214669978506], [64.07083740029981, 54.31704940007065], [64.08295429995852, 54.31725359987406], [64.08930979974522, 54.31390689979187], [64.09767300005606, 54.314599099976085], [64.13359440044607, 54.310243899787075], [64.16695339960734, 54.30859430015242], [64.17446830013405, 54.308072100028106], [64.18287809965192, 54.30942809994354], [64.19032119963465, 54.31100959976095], [64.19457109959936, 54.3149093002247], [64.20203720004666, 54.313998099761584], [64.20828490020268, 54.31619789999157], [64.21075320021059, 54.32221210024736], [64.21877440021457, 54.323118000217676], [64.22551909958977, 54.32177820009408], [64.2305363000461, 54.31871249979207], [64.23921540011303, 54.319296700117896], [64.24940949992349, 54.32184249999157], [64.25796680011604, 54.32284729995128], [64.26663900022331, 54.32695030005889], [64.27631519971301, 54.32945019988781], [64.28240399957335, 54.32731869984383], [64.28748669979021, 54.33101930010071], [64.29690539989865, 54.33061749999488], [64.30666309994072, 54.33049019988026], [64.31463920002592, 54.33087599986097], [64.32318280001212, 54.32986690004054], [64.33307179961275, 54.330529899853396], [64.3401431003741, 54.33305870026032], [64.35064230039444, 54.33475919990032], [64.35894300041933, 54.33669499976902], [64.36988439973157, 54.334124099817075], [64.38007600042891, 54.33366039994677], [64.3876138996236, 54.331829099740084], [64.39998400022492, 54.32828110024679], [64.40995730042675, 54.32688169990717], [64.41941060004662, 54.32646450012329], [64.43479220023005, 54.330036099967565], [64.44256309995149, 54.33269680024], [64.45374279985069, 54.33247049980444], [64.4572053004178, 54.3427141998565], [64.46490800004285, 54.343172799868825], [64.4640278001848, 54.35039529981], [64.46318550024854, 54.358380999798534], [64.47054590042782, 54.36130349979939], [64.4798928997052, 54.36203720008371], [64.48906629955393, 54.36468120001865], [64.49700150024255, 54.364187499916596], [64.50420510038732, 54.35975159986908], [64.51377970041834, 54.35784039984962], [64.52033939984558, 54.35571669997369], [64.53054349970186, 54.35492519979472], [64.53766639969312, 54.35702960018294], [64.53971390007578, 54.36349580022659], [64.54766509975964, 54.364150500144724], [64.55859330012542, 54.362401099826585], [64.566127800095, 54.363529699997585], [64.5693348000324, 54.36928929974461], [64.57524519986718, 54.371512699754504], [64.58055369971561, 54.375392699932284], [64.58344859977042, 54.370283499973574], [64.58644299992106, 54.37532220012031], [64.59261080032243, 54.37301439987909], [64.59978350021817, 54.37504599986665], [64.59533930004733, 54.37870160000843], [64.59810420040577, 54.38400649995636], [64.6051098001839, 54.38675250026078], [64.60922010015689, 54.391849899979746], [64.61666130020276, 54.39416990011986], [64.62311090031221, 54.392586999741305], [64.63059959967705, 54.38251779991201], [64.63565560016707, 54.37409440002727], [64.64992490007747, 54.36595370002503], [64.65904180038632, 54.36075279998996], [64.67537910023424, 54.362396899991204], [64.68464019990913, 54.36332410006584], [64.69457349992804, 54.36431860015124], [64.70972650043116, 54.36156999983412], [64.73864799995528, 54.353919999848586], [64.78319699999702, 54.363544999871166], [64.80201900039489, 54.36828699987702], [64.84468000042423, 54.384220000256654], [64.85347579973146, 54.38660160009461], [64.90668900038294, 54.400693999925885], [64.93078699958221, 54.41275599989669], [64.95608700032717, 54.41722399988959], [64.97479099982593, 54.42417800025812], [64.98288100000099, 54.41496499986831], [64.98830999986158, 54.41213900015652], [64.99917699980367, 54.40695299997751], [65.03574699999848, 54.38729799978799], [65.05551900025036, 54.37568300021819], [65.07019900002713, 54.36551799988439], [65.08683799996146, 54.34845500026093], [65.1042429996268, 54.3345340002442], [65.121106999692, 54.33038600023311], [65.1500250002781, 54.337162999813884], [65.19093600038731, 54.3428630001926], [65.22195600034772, 54.33428599976803], [65.23413100034404, 54.34220500019827], [65.26271500012096, 54.362418999892895], [65.23919399960845, 54.37574999998793], [65.22906999983113, 54.4148580002488], [65.22200700040135, 54.43698799994997], [65.20090799982862, 54.452180999940886], [65.20127799972444, 54.46584900017252], [65.2183090001943, 54.47035400021817], [65.21448299994073, 54.477149999950996], [65.22333700019695, 54.49006999999956], [65.21246500023199, 54.531771999976655], [65.21445359987811, 54.54139300001822], [65.2380079997529, 54.54939699991725], [65.26360800007355, 54.54662000000012], [65.30602600042863, 54.56839599985427], [65.32863200034892, 54.57001299992964], [65.35790300021411, 54.57740399983184], [65.3731479998804, 54.57613000009384], [65.3793979997236, 54.57339499984564], [65.4258830003567, 54.58121799976881], [65.464698000041, 54.56644699981713], [65.48109299957785, 54.56574400012444], [65.50382999991773, 54.5709179999308], [65.4957180000014, 54.57844099997079], [65.4948250000488, 54.59665299992887], [65.45645100040547, 54.62437499988075], [65.46483600013329, 54.64226499987969], [65.48955400037198, 54.655537000251364], [65.53051599963646, 54.64951800012756], [65.55002599994748, 54.63688599987816], [65.57038499983018, 54.636958999760566], [65.59448399975271, 54.63711700004728], [65.61354799999988, 54.640253999790815], [65.62762100005435, 54.63894100020433], [65.67508740025387, 54.62811560025756], [65.71377599979125, 54.61669499984853], [65.74728999966146, 54.60741899980197], [65.7796789997755, 54.61234400012798], [65.78224899985332, 54.62489599979336], [65.79970399974738, 54.62402399987212], [65.83076800008867, 54.653156100007195], [65.8452855000205, 54.69724319980355], [65.86957269968995, 54.700632799775995], [65.90580599963818, 54.70614440007068], [65.98177899987142, 54.71704059986628], [65.96418579956082, 54.63781689998935]]]}, "properties": {"ADM0_EN": "KAZ", "ADM0_PCODE": "Kazakhstan", "ADM1_EN": "Kostanay Region", "ADM1_PCODE": "KAZ012"}}, {"type": "Feature", "geometry": {"type": "Polygon", "coordinates": [[[62.86015379997431, 47.21465319984305], [62.89007999956664, 47.17734870007992], [62.95008930029558, 47.19077049992635], [63.01831950010939, 47.19920629992584], [63.40708740042587, 47.1134824000388], [63.37061709975282, 47.06415640000741], [63.20782670005855, 47.031274199922244], [63.30312550015547, 46.971510700025185], [63.44727330020064, 46.93652950005988], [63.50890140010581, 46.92886389972324], [63.53382329994773, 46.91979219989688], [63.73954189995937, 46.83010590013472], [63.746616999696066, 46.83134740018331], [63.76082950002937, 46.840122499954774], [63.77139479988489, 46.83956689987187], [63.781387100353335, 46.83597069975285], [63.78983660001685, 46.83202510026144], [63.803915699632135, 46.830798399760624], [63.81595960039421, 46.83346210024785], [63.83078670019713, 46.83560839992602], [63.84862519986906, 46.83563559972154], [63.90217949981705, 46.82293690020348], [64.02996689983688, 46.79515660030168], [64.17890679959608, 46.74202829969856], [64.4472821998706, 46.688871499964506], [64.94176680007621, 46.501354099727315], [65.14084249959726, 46.476547400170126], [65.37255600022675, 46.31171370014839], [65.55062669978474, 46.23606779971788], [65.58595840020818, 46.212706000077695], [65.69824300024476, 46.20989160019221], [65.8925691002462, 46.178001700187096], [66.00265349977654, 46.175962599855325], [66.04122769976077, 46.18024830015207], [66.38999600011257, 46.16247380001664], [66.67693459974484, 46.15861870001922], [66.90166420030023, 46.172474800137024], [67.13684500029703, 46.14330659976064], [67.1411960002571, 46.1362814998223], [67.1498195997109, 46.13594800018846], [67.15818530003315, 46.136138899882624], [67.15762669974173, 46.12646660030226], [67.15055190004232, 46.12005879992595], [67.14384060002939, 46.107641199895056], [67.14943100019708, 46.09731669988545], [67.15719629982108, 46.08892060000975], [67.15939840026418, 46.07806750017148], [67.1560641000679, 46.0700491998787], [67.16106959996759, 46.062694399690876], [67.1634207003736, 46.056939799903056], [67.17769340040739, 46.05352019992048], [67.182583800068, 46.04465879987177], [67.16733279965558, 46.039040500209914], [67.16093090008775, 46.030722400110065], [67.16371449977719, 46.02514179987812], [67.16929380036123, 46.020831299848496], [67.17062079978379, 46.00968540022353], [67.17413410008018, 46.00372630029631], [67.16732350029574, 45.99435129984918], [67.1794215002992, 45.97461740001587], [67.16307180010718, 45.95565050014862], [67.17525240020095, 45.934170000258156], [67.20401590043964, 45.91561570028322], [67.24139249972474, 45.89926219973053], [67.23740750036085, 45.88611969969267], [67.25146639956029, 45.875946999846676], [67.2670874995816, 45.8663852000193], [67.27130840013236, 45.85617249984673], [67.27830499968964, 45.84724290024013], [67.29501369990685, 45.852029600078424], [67.30411780012129, 45.848799799845764], [67.31480940041084, 45.834101699864895], [67.31858599961201, 45.8209437999905], [67.32562410043708, 45.81065459970267], [67.3260505001597, 45.80289130018575], [67.3326622003638, 45.798687900279745], [67.348111699708, 45.79366119977725], [67.35635150024484, 45.77534559973654], [67.36544950000011, 45.757503100076185], [67.36150130012189, 45.75259240019145], [67.34210360000111, 45.74229049976545], [67.33437880002336, 45.7263547999387], [67.33592379990412, 45.7170069998529], [67.31892929978092, 45.6975871997629], [67.29352340024039, 45.68739510011199], [67.28906019980295, 45.67552190031053], [67.28562699958552, 45.6660455998296], [67.30070110015893, 45.66048730000714], [67.29808329982657, 45.652268299941575], [67.30087279965075, 45.646628400309375], [67.29310509972832, 45.644468200272165], [67.29053020023899, 45.638857499928164], [67.28946429974704, 45.631610999721076], [67.29077680036086, 45.613957199856316], [67.27481229955927, 45.60386989974779], [67.26228099987352, 45.59642340003443], [67.25352630028719, 45.58405039971781], [67.25674550024439, 45.57167470011689], [67.24484280027198, 45.56441120004266], [67.25770939973074, 45.551105400155585], [67.26176600021273, 45.52707549994894], [67.2597061003842, 45.51432639997276], [67.264684299584, 45.5031384999381], [67.25816109960508, 45.48857879976624], [67.26382599975422, 45.46956129969631], [67.25266799955905, 45.45451130030678], [67.23903830013093, 45.44342540028431], [67.23346329978216, 45.43103579994491], [67.23746029973992, 45.42376479981177], [67.24545530037872, 45.42111670023601], [67.24240099966661, 45.41351839991551], [67.24587040019347, 45.406150999848755], [67.24033489966602, 45.395637900164175], [67.22002210013837, 45.3874544999313], [67.2030548001037, 45.38276810007198], [67.1943030999921, 45.37208639998051], [67.18329189978562, 45.36752869991025], [67.18168950025316, 45.35724039988398], [67.16816680005692, 45.35119880027967], [67.16736429997931, 45.343648699785845], [67.1669915997477, 45.334880700295955], [67.1786066995904, 45.321227799807765], [67.16789940034293, 45.31323969995328], [67.17202250041042, 45.307036000076174], [67.16790309960528, 45.30223850024969], [67.17454690020774, 45.30014639986255], [67.21706490012195, 45.271887899767755], [67.32523200018855, 45.22236169981124], [67.39087659978142, 45.18177119983763], [67.51621389966101, 45.14776839970818], [67.50904040026465, 45.070473699918736], [67.50634960013738, 45.04839729996782], [67.52228719998946, 44.83661949984188], [67.51061549999567, 44.81343699984791], [67.52684940016104, 44.67846370029525], [67.52594850042382, 44.64914449969792], [67.51612300003572, 44.549097300028556], [67.50854810013283, 44.46707810011487], [67.50898679958831, 44.43343319979213], [67.48740709972729, 44.42187329980394], [67.46202910006282, 44.367757300125966], [67.48240259965252, 44.352556699787456], [67.55932649985162, 44.31201929995331], [67.58298609963273, 44.29505030027621], [67.59559850012067, 44.29870789993823], [67.6306880003705, 44.31118679992359], [67.73338199958425, 44.27197799975245], [67.74103650010278, 44.26383730017564], [67.75642109976086, 44.22214590022816], [67.78659180011232, 44.20333189974659], [67.80692739978016, 44.166165000292295], [67.88695800032022, 44.132283900165795], [67.90637349966, 44.11571339995168], [67.91619770018592, 44.09864579995733], [67.95802920037355, 44.078303299854426], [68.00421970001885, 44.062993500051206], [68.03984720039398, 44.03283410018841], [68.06030239996213, 44.02649659995347], [68.05047890012212, 44.00029599987898], [68.04406379981117, 43.99414280019854], [68.0341106003121, 43.97830150024132], [68.0263461001887, 43.96249340008323], [67.96559639991779, 43.93501959977327], [67.93951330001043, 43.90847530003859], [67.9216295998083, 43.88645029992181], [67.92112379979436, 43.875516599820614], [67.954950699946, 43.86998470022116], [67.97928780013117, 43.802469599939975], [67.97871789993178, 43.79471240029961], [67.97193899989712, 43.770505899726764], [67.96891579975848, 43.74226620017344], [67.93537380029917, 43.70612129976231], [67.9189822997003, 43.70190099987102], [67.90898310017053, 43.70269569980665], [67.89878069992679, 43.70501269972499], [67.8837983002759, 43.72888649971715], [67.86561199987536, 43.73607859988426], [67.84569080023462, 43.74210649995379], [67.82392469995213, 43.74366409968577], [67.82635560039981, 43.71789100012684], [67.83821029979335, 43.639219199765215], [67.82861499988323, 43.6196772002898], [67.8256755999842, 43.59879429981693], [67.81383700019711, 43.56304960012088], [67.79354919988552, 43.56379070023216], [67.77502370012537, 43.53659369993941], [67.73411920022555, 43.48017540022003], [67.75070470009481, 43.47182040002448], [67.7250357998902, 43.4072830002349], [67.66405520025191, 43.383074199865355], [67.65012550034986, 43.37671519978647], [67.65717809998361, 43.37507539973269], [67.66541300021063, 43.37078499987736], [67.66684990042333, 43.362712800281976], [67.66501129966672, 43.355412799713385], [67.66104200015904, 43.3484789003084], [67.65991819965377, 43.33866390015985], [67.65874550025431, 43.331117400176744], [67.66236299973379, 43.321442500212335], [67.66912510037436, 43.3181563000559], [67.6733951001436, 43.31303709968813], [67.68023959965194, 43.30978029975291], [67.68696320029603, 43.31191829975565], [67.68401630036271, 43.31889630028398], [67.67950989994323, 43.327525100060875], [67.68187119982096, 43.33787009986512], [67.68163690033025, 43.348488699679024], [67.68679219969349, 43.3564185998049], [67.69176740031692, 43.36125469992361], [67.70323169997286, 43.365841399674565], [67.71527290039923, 43.36787260020541], [67.7323527000502, 43.36637840020764], [67.74247079969273, 43.36319520021237], [67.74710339993486, 43.35911950022195], [67.74807399995495, 43.35198570015182], [67.73869490027923, 43.3532221999776], [67.7330347998286, 43.358150200130595], [67.72577049962172, 43.358962800265616], [67.71699109995834, 43.35514219988265], [67.7137940003537, 43.34971019997654], [67.71844460013918, 43.34516159993831], [67.72637729991804, 43.34043100031955], [67.73373179996265, 43.336642100017755], [67.74272239983755, 43.335281400088256], [67.74796750018639, 43.332375099970164], [67.75613629967981, 43.332995000083486], [67.76803480002832, 43.334886399780665], [67.77874379978662, 43.33529469983818], [67.78864049974592, 43.3314844000142], [67.79582450044788, 43.32752430020947], [67.79191340009254, 43.32233219982921], [67.79153689998728, 43.3142308998484], [67.79733219958311, 43.303792200021796], [67.80323760029339, 43.29943930008373], [67.8132567999147, 43.29740009981844], [67.81665909988301, 43.29234989991592], [67.80908329986818, 43.287103400158166], [67.80115840016092, 43.284453399691245], [67.79539110015425, 43.281437900002004], [67.78507900034296, 43.28260100012644], [67.77817979972205, 43.281393099842646], [67.77000600020574, 43.28024220020111], [67.7663880003647, 43.2750404001864], [67.77626429958386, 43.27349959994859], [67.78385310001747, 43.27203090009082], [67.78257470035007, 43.26286449991108], [67.78457179985543, 43.25618949979288], [67.79280630033213, 43.25899339981431], [67.80438440036491, 43.25648719998204], [67.81325019999232, 43.25521540019267], [67.82093730037253, 43.25579149992352], [67.8299756996037, 43.255049699843866], [67.82225130027454, 43.24532779981436], [67.8148912998455, 43.242139100310425], [67.80598640014708, 43.23930979971741], [67.79624460028545, 43.23627709984632], [67.7896786000748, 43.233650799794454], [67.7858804996973, 43.22927330013874], [67.78815849969709, 43.22332450013785], [67.79633390001125, 43.22207129986205], [67.80887479999245, 43.22531030019809], [67.81464260036076, 43.22808630018247], [67.82485520007626, 43.22721879985848], [67.83141669972736, 43.22253409982406], [67.83636429961372, 43.217308999850324], [67.8450160001662, 43.216769199979524], [67.85393219977264, 43.21819599980419], [67.86314439965506, 43.220216499786126], [67.87207930038909, 43.21985929974925], [67.87534689977723, 43.21484240013756], [67.86906089994905, 43.20802470006074], [67.86331830001933, 43.20417940005141], [67.8578170998644, 43.198287799751725], [67.85261620022077, 43.19381430005882], [67.84455289977262, 43.19250499967529], [67.83909560028565, 43.188938700176834], [67.83428909967922, 43.184558000116], [67.82672380007178, 43.182929300210624], [67.22427619972711, 42.95124520004516], [67.12427169988013, 42.89852750001723], [67.06003840031104, 42.86078629997884], [66.9848917998336, 42.816329300087986], [66.57748139958103, 42.57775100022554], [66.14853319958716, 42.32270649998364], [66.07067560036324, 42.337941099937495], [66.09502399955807, 42.56615800027758], [66.09669309989867, 42.93813749998802], [65.84415580027871, 42.85825459974969], [65.74181950032964, 42.99984500003458], [65.64386370011626, 43.15542049988295], [65.55925819992143, 43.289474999943266], [65.53212900018761, 43.31509269996952], [65.49546949994266, 43.33291390018185], [65.18486200027124, 43.49516169975006], [65.00215630017269, 43.71539679984369], [64.93226339961625, 43.73537439971072], [64.72307829973792, 43.649387000308145], [64.63992360028652, 43.614679499981015], [64.5348606996511, 43.57068719994559], [63.85762829980114, 43.599257899781215], [63.34907640024987, 43.65048459984793], [62.242499399922444, 43.518553799719385], [62.09051940001911, 43.50969940026707], [62.08540319982865, 43.514113200241425], [62.00405499983717, 43.50540099991971], [61.92799470042633, 43.572041799993364], [61.56225493814505, 43.88311759900411], [61.42544809963481, 43.999477099999645], [61.138081600093365, 44.2248498998044], [61.1075956000603, 44.36049480007488], [61.0668611000398, 44.37173859977846], [60.87305309978525, 44.480707299723626], [60.58384870017309, 44.64182070010125], [59.844880900250594, 44.9843717001913], [59.09730209974618, 45.32184429990201], [59.0638221002111, 45.666601800229905], [59.03060230039306, 46.00704429976393], [59.111812900042565, 46.05298150025263], [59.29396969985813, 46.23570010014323], [59.47382040037187, 46.41358169971877], [59.49979770029833, 46.44215429987502], [59.56138839974493, 46.499964100217156], [59.769255099773034, 46.66253220021481], [60.01321799976895, 46.815363700158954], [60.12960879986756, 46.89486709981759], [60.164199300350106, 46.89916100013863], [60.32726420004241, 46.91324780030244], [60.47442180005711, 46.9108108998974], [60.48443430004305, 47.00180160022041], [60.49500160044672, 47.12180870012475], [60.531331600442044, 47.116713399733946], [60.70245629984779, 47.10408479997827], [60.92349940042843, 47.11033740010094], [60.930960100204224, 47.1268497000644], [60.93695509977926, 47.13123690029363], [61.00101790000568, 47.234702500042516], [61.31422090023095, 47.790051199999965], [61.32101540040887, 47.79603209984773], [61.35159239978017, 47.815401600226515], [61.35979720015688, 47.818785399774136], [61.56225493814505, 47.82198891189739], [61.92486290025802, 47.8277265002569], [62.07583199992096, 47.72331120019219], [62.21252869958749, 47.5455563001492], [62.33261640035528, 47.53112850029294], [62.605725800006205, 47.3284453001206], [62.58116869971298, 47.24234530024032], [62.86015379997431, 47.21465319984305]]]}, "properties": {"ADM0_EN": "KAZ", "ADM0_PCODE": "Kazakhstan", "ADM1_EN": "Kyzylorda Region", "ADM1_PCODE": "KAZ013"}}, {"type": "Feature", "geometry": {"type": "MultiPolygon", "coordinates": [[[[51.21368640005033, 43.59581100022293], [51.21996739985563, 43.594067299707135], [51.21254510036329, 43.597458899904915], [51.20940980035866, 43.60284079999986], [51.212690499878576, 43.5975096001417], [51.21368640005033, 43.59581100022293]]], [[[55.603103799626886, 46.42082719989104], [55.628427799762974, 46.415567000089396], [55.64016768368347, 46.41643729984855], [55.65828309982154, 46.42154130022741], [55.66767660038959, 46.41707519999609], [55.69804620032133, 46.39968409987651], [55.707568900186835, 46.40172519997001], [55.71863580043241, 46.408646499770015], [55.7403834996246, 46.40962259970959], [55.76328940030587, 46.405363500182695], [55.77628649982269, 46.405186000210556], [55.78902630028252, 46.410332400266505], [55.80433980008253, 46.407759199920655], [55.817980399668336, 46.40119279971292], [55.825830099606506, 46.39427049970244], [55.830848800249306, 46.38051209980798], [55.83110619991758, 46.36461900015027], [55.82510099997242, 46.34845419986851], [55.832907799965916, 46.34143699977663], [55.8405840999015, 46.33298260028482], [55.857250099599995, 46.3132232000647], [55.8590197995743, 46.30340380014541], [55.837897699722426, 46.287986099777505], [55.81969580007696, 46.276160899874256], [55.81772209988813, 46.26286139993064], [55.82681409979565, 46.25398020004786], [55.836060099689014, 46.25024179990507], [55.84378130011742, 46.25148740026], [55.857053399993816, 46.24857479982999], [55.88488739993324, 46.240103099780555], [55.902232700259766, 46.23588880023726], [55.94641539966798, 46.25487630028542], [55.95764960035546, 46.259191700001466], [55.96684259964702, 46.253335699850254], [55.97309080016468, 46.248353799793705], [55.97401260010528, 46.23637759999339], [55.97771090034964, 46.22424789989471], [55.981456799625946, 46.210459300002164], [55.998068799796066, 46.21268240030754], [56.02221120002492, 46.215852700054434], [56.044759800293484, 46.2114759999912], [56.05696920037533, 46.201809800175404], [56.121737099946415, 46.15454470017098], [56.19713890011798, 46.138594500168765], [56.27129940014519, 46.151462299886724], [56.28616789970623, 46.151583200006854], [56.3245545000181, 46.14598140016173], [56.33343700022496, 46.14566410001494], [56.35093510038799, 46.145829299886124], [56.369884700183775, 46.13459899969058], [56.43671760021759, 46.13484160019823], [56.46663009960356, 46.13218859992906], [56.490104800047995, 46.11604650023195], [56.50944050024442, 46.10203600015514], [56.516504699823436, 46.09735609980002], [56.55252609977265, 46.005867899922926], [56.55980399957457, 46.00008900012352], [56.60577769980922, 45.92613340017668], [56.64483299973034, 45.6668958000495], [56.65941880036985, 45.652936900273694], [56.74410580021882, 45.17741100030988], [56.65304009979422, 45.15592220015642], [56.35774169997449, 45.08631850003215], [55.998920300277526, 45.000136100145845], [55.99890489956027, 44.43675200008443], [55.99892039999047, 43.75327020024227], [55.99897350030521, 42.55639379968713], [55.99899260028482, 41.94937169988754], [55.999011700264376, 41.64395950012805], [55.998731799594914, 41.33719010033084], [55.99855310043036, 41.3222103000598], [55.972039599704075, 41.32580190021326], [55.87671360041693, 41.33178620006153], [55.87072200006694, 41.32405299973473], [55.859080999998014, 41.32059399995766], [55.846351000157874, 41.31686999971826], [55.83978699959709, 41.313916000045104], [55.83204200010185, 41.30495900032935], [55.82146499968965, 41.29984900015006], [55.81521499984652, 41.293611999828485], [55.816548999840066, 41.28649800007683], [55.811716999656035, 41.27833799982795], [55.800545999940375, 41.2811540000977], [55.77382099986357, 41.28408199986356], [55.766290999555196, 41.28850800021107], [55.761695000271025, 41.29564499997472], [55.75157300014356, 41.29626299975311], [55.747288000305716, 41.30011800016945], [55.74105600000585, 41.29469699977958], [55.733108999945955, 41.29557200022361], [55.7247640004012, 41.29398900029232], [55.721775000023705, 41.287452000036666], [55.728604000000075, 41.28440000012379], [55.72384200013624, 41.28033399979698], [55.71625800029955, 41.28120500004196], [55.7075809995954, 41.28153700028025], [55.69822199972416, 41.284876999971104], [55.6917340002296, 41.2865590001853], [55.687697999913766, 41.282487000174946], [55.68233299962726, 41.28689300023315], [55.67329299959827, 41.28722400020239], [55.666039000372756, 41.28590399985678], [55.657703999975304, 41.284862999878044], [55.65255600032211, 41.27861100004335], [55.64500000007451, 41.28166300000578], [55.6356100002411, 41.28281300012376], [55.628289999995, 41.276299000023066], [55.61994999957478, 41.27470999974152], [55.61302299968907, 41.27037899973141], [55.60677799986876, 41.26276500021956], [55.60885699967691, 41.25564899985693], [55.607302999575325, 41.24718899995773], [55.601928000141406, 41.25104500024415], [55.596935000298885, 41.256537999934416], [55.60275800034479, 41.259509999712535], [55.60216599979277, 41.26989500029663], [55.59496400044577, 41.27239500022503], [55.59103699990991, 41.27651599989983], [55.59203299979466, 41.269406000203624], [55.58412400026792, 41.273276000042685], [55.576874000342016, 41.27195000029004], [55.57258100010827, 41.275799000196066], [55.57482399994794, 41.28179700030422], [55.57126999968093, 41.287007000153096], [55.568073999614235, 41.291941999907294], [55.55797699960114, 41.29472900008205], [55.56078600005354, 41.28761099991137], [55.55104200021781, 41.28957500031742], [55.54628500037685, 41.28495500014509], [55.55457499967006, 41.28245299975933], [55.55702599992221, 41.27561000007541], [55.553666999648875, 41.26688500008131], [55.54902000031105, 41.27155400023691], [55.5449299995686, 41.2620129997448], [55.53727299993694, 41.25658900020164], [55.52788099955543, 41.25745700013967], [55.51883899987658, 41.25722900019619], [55.50833799963245, 41.25591600011828], [55.4996120003211, 41.25158699995778], [55.49352599961113, 41.257081000138655], [55.48525100038651, 41.2609450000071], [55.47701899992127, 41.26890600024422], [55.46438799981534, 41.27142300028389], [55.45530199975558, 41.26709300028599], [55.44992499977351, 41.27176099982782], [55.4503959999517, 41.282413999876255], [55.44542499985051, 41.291450999707195], [55.439293999833055, 41.29339000014383], [55.4366790004477, 41.28520500023025], [55.43047200026224, 41.27949499975272], [55.43093800041755, 41.28987400021183], [55.42628100013573, 41.29453800030068], [55.414691000120385, 41.29321999997175], [55.410411000305366, 41.29952099994988], [55.41445699976862, 41.30633499995181], [55.41307599991944, 41.31317000027021], [55.40768499969364, 41.317016999935376], [55.398285999639455, 41.31814699990208], [55.39508600027311, 41.32417000018802], [55.396975000110466, 41.333687999830744], [55.3896029999858, 41.33746799987831], [55.38323500014185, 41.33998599967673], [55.37519000017268, 41.34477400013787], [55.3594290001223, 41.35636600020368], [55.34970200000509, 41.36291599998073], [55.34532799958045, 41.374267000258925], [55.33760999984944, 41.38031399993312], [55.328887000012834, 41.38459199981584], [55.315465000061586, 41.39088200020369], [55.29832900000977, 41.407763000185405], [55.28353299988198, 41.42413999967219], [55.26840100019355, 41.43799099967836], [55.25526899977224, 41.4541149996826], [55.240111000144516, 41.471999999884744], [55.216835999679354, 41.50424599972322], [55.213368100237346, 41.51086869995503], [55.20164899973932, 41.52389099985917], [55.17939500017155, 41.543514999879044], [55.16858900032883, 41.55584999982912], [55.15810499980309, 41.570201999741215], [55.137159000289586, 41.59158799968306], [55.12366399964513, 41.60037700004733], [55.11960599958796, 41.60465299983075], [55.11553599983528, 41.61119999982058], [55.11280900029693, 41.61800400026869], [55.10870799968378, 41.63010200012405], [55.10226700004492, 41.63891099986677], [55.09070899981661, 41.65981399967162], [55.0781279999394, 41.68146799970907], [55.066234000150516, 41.69933899975131], [55.04620800035377, 41.72348499989532], [55.03294200003807, 41.74260800024799], [55.018339000254215, 41.758696000240626], [54.99923300017423, 41.78108300024875], [54.98581600024582, 41.79197999984088], [54.975419999583636, 41.80134999970296], [54.96400600019373, 41.81021900032291], [54.95766500011394, 41.82133500008269], [54.94997599979694, 41.83321300009214], [54.94802400021043, 41.84506800017733], [54.94809799983028, 41.85716800020464], [54.95195000002307, 41.87958800003702], [54.95236099992684, 41.89143400005049], [54.95211499987952, 41.906307999772366], [54.947409999917134, 41.91061100021429], [54.92892499980312, 41.92832499989418], [54.912094000248196, 41.940989000218174], [54.891904000419935, 41.95945799967856], [54.86899700020073, 41.97818399978883], [54.84164100011218, 41.99999900030284], [54.83629500009222, 42.004318000295015], [54.821909000043256, 42.01499900020592], [54.800859999699306, 42.03302099981738], [54.779482000365626, 42.05254899995952], [54.76470399978121, 42.06096399985535], [54.683365000334945, 42.10808800020778], [54.61369999967122, 42.14878900025242], [54.549006999831896, 42.18664999997347], [54.50178700032826, 42.21432099991656], [54.45216099988006, 42.24324099986024], [54.392687999663984, 42.27821500015544], [54.29589399959073, 42.33315700020103], [54.243098099626444, 42.36351199978004], [54.22655790000031, 42.373720100022425], [54.21780990004934, 42.37908650007601], [54.19469389959279, 42.37644040002539], [54.182055599776874, 42.37469950009223], [54.16618099967401, 42.37225030032088], [54.15050400018753, 42.368566000084385], [54.06233500004161, 42.356722000324766], [53.99815400038836, 42.34810900021403], [53.981103999651964, 42.3457520000937], [53.90848700021731, 42.33583299977813], [53.85396199963792, 42.32899299983281], [53.81511799964126, 42.32401900012178], [53.77422499997375, 42.31804000017166], [53.741855999951206, 42.313243000283286], [53.70404600037244, 42.307972000225234], [53.66539950038087, 42.30346570014629], [53.62299999993078, 42.29717200006467], [53.5705580002558, 42.288923999737335], [53.54737700040024, 42.28250899992465], [53.51669999967316, 42.27360999968737], [53.48092399969666, 42.26372099993755], [53.44720200031231, 42.25431499999944], [53.406000999774896, 42.24291600017755], [53.38080499968527, 42.235215000043205], [53.35051700001897, 42.227024999733786], [53.31818999982923, 42.21757399998156], [53.27499099967448, 42.205127000277216], [53.2352110000676, 42.19416499978712], [53.167235000122965, 42.17418799987281], [53.146509999644074, 42.16793600020497], [53.10099800022782, 42.15441900026397], [53.05855999978125, 42.141886999971454], [52.99876699989801, 42.12519099984434], [52.98478799955487, 42.121175000006566], [52.97631800033656, 42.11664600020196], [52.95350999985157, 42.10304100011479], [52.940110567376884, 42.09588607822415], [52.934303000387565, 42.09278499990393], [52.90922600012368, 42.076774999668], [52.884799000138145, 42.05931100018482], [52.84851840029687, 42.03577760029801], [52.82925400028287, 42.02285399990825], [52.787743799624664, 41.99510299985163], [52.751885000131786, 41.970868200081135], [52.719104199806615, 41.9488907997266], [52.65582859955178, 41.905909099966635], [52.58457400034844, 41.8570250000408], [52.540459999601524, 41.82736980008041], [52.49676810013867, 41.797299299683935], [52.45071679983652, 41.762436499917484], [52.44529460022261, 41.76549869977644], [52.44195810005223, 41.77448710027409], [52.444281899758415, 41.782282999740374], [52.452585399832024, 41.79667980009649], [52.470002899554544, 41.82724129985497], [52.48923469970689, 41.86994889975068], [52.49649189962979, 41.89939510027229], [52.49431480019942, 41.913978100077884], [52.49540340022025, 41.92099839968813], [52.49540340022025, 41.9404350002854], [52.49250040005653, 41.95392919978111], [52.48596889964432, 41.96175459979845], [52.479800200029324, 41.98090910029747], [52.473268699617115, 41.990349300013854], [52.46383419993955, 42.00113650027802], [52.45875410034538, 42.005181200121065], [52.453673999852924, 42.008147100307355], [52.44750530023793, 42.015156999912506], [52.43915950029414, 42.02243570005771], [52.43988519980483, 42.035104000041166], [52.44641670021703, 42.053158700201166], [52.44823110035991, 42.06555149998861], [52.44460239978715, 42.07228570030767], [52.436256500130405, 42.07848050030427], [52.423919199715044, 42.08009649967648], [52.425370599634796, 42.0978692000205], [52.42827350008551, 42.11456020027865], [52.43589370023156, 42.145507700284114], [52.445690999808036, 42.166489500134375], [52.45403690036307, 42.18128030017387], [52.46165699989781, 42.190421899837474], [52.48959749960574, 42.21085129998037], [52.50882929975815, 42.22939339988486], [52.52370669982708, 42.24578110028129], [52.536044099955376, 42.26189610020433], [52.5534615996779, 42.27720140009172], [52.57632199979172, 42.31048450018982], [52.59700519986381, 42.349381800177476], [52.61841420005789, 42.394955000321815], [52.6303886996761, 42.40888850008112], [52.64200040029371, 42.42442589997547], [52.65397489991192, 42.453079799854045], [52.663409299876484, 42.477706299921316], [52.67211810004337, 42.49964780029841], [52.67524659980134, 42.5216603999134], [52.680377400310135, 42.54313619968189], [52.6826203004368, 42.55018909995748], [52.68176909999271, 42.564903899708135], [52.67848329983859, 42.58163660025678], [52.67506390043883, 42.594956000251415], [52.67097579963317, 42.60425240032708], [52.668016500253955, 42.61098129994991], [52.66525229968308, 42.61664100000881], [52.662291100367014, 42.62200610011363], [52.658963100055864, 42.627487600264864], [52.655558500400375, 42.632195400161606], [52.65123929990304, 42.63781470025446], [52.64575649994009, 42.64399050012775], [52.63495020006006, 42.65480490014093], [52.62663030034262, 42.66159969992947], [52.61695289980544, 42.668071799973404], [52.607187999766325, 42.6757665998937], [52.5921245002116, 42.6857779997243], [52.5839797998223, 42.692311999814414], [52.575747399606755, 42.70206330013381], [52.56896010032412, 42.707694600164324], [52.56028989986671, 42.71271409979196], [52.555473100075574, 42.71747569996692], [52.5531960999007, 42.726804899968776], [52.55070010034109, 42.7334953998599], [52.556655399770484, 42.73101870031889], [52.56515049971445, 42.73873789978796], [52.57474030013835, 42.74285440014453], [52.57384640007383, 42.73265339986202], [52.57170990000273, 42.72273640030453], [52.57496109974696, 42.71741330031393], [52.579605599971664, 42.70983740006829], [52.58861599961374, 42.69993950005431], [52.593755999769314, 42.69623020019129], [52.60245319999094, 42.69629920027762], [52.60897630025692, 42.692324900104865], [52.61142249991218, 42.686236800288626], [52.61524470029205, 42.68173240009612], [52.628806699985425, 42.67909190026024], [52.632305600287836, 42.67417479986341], [52.64611529964098, 42.66490879978552], [52.64902589955201, 42.6593074998267], [52.656921600419246, 42.65154229976571], [52.66385749991442, 42.647101300308464], [52.669957299645475, 42.64106569983489], [52.67385869999242, 42.63471049985718], [52.67810070017258, 42.62327420029428], [52.684355300288345, 42.61081030023954], [52.68887600009044, 42.5992555999018], [52.693799199937075, 42.58824590002978], [52.69683360027065, 42.577826999983465], [52.70067310040633, 42.57308440006925], [52.71783890027101, 42.57638259978247], [52.73453059987155, 42.594015600286546], [52.75231100010415, 42.624727800130664], [52.75956820002705, 42.660228300013415], [52.75775389959715, 42.68850739986291], [52.748638800410376, 42.7170265002652], [52.73743350032226, 42.732767700145224], [52.711307399858875, 42.740763200195474], [52.70198460029693, 42.741729799757245], [52.69318820001679, 42.74041999985107], [52.67052740016923, 42.7437426999846], [52.66466729970209, 42.753195599887775], [52.6554262998316, 42.75408669999919], [52.64127460017171, 42.75035640024783], [52.632614999834566, 42.74636290027904], [52.635026299941, 42.75936190011555], [52.63438020014766, 42.76847290028454], [52.630351799579124, 42.779977700247365], [52.62453230026792, 42.789338899712746], [52.61260840005474, 42.80282629999797], [52.59176830023512, 42.809321500299234], [52.565825299782794, 42.815014399992876], [52.551093999915054, 42.81850189971216], [52.5406451998738, 42.81959479988324], [52.534814099718915, 42.821845500098256], [52.52753999979058, 42.82369870022033], [52.51667160027333, 42.82577210008579], [52.47237200040223, 42.83569280011749], [52.42556329994137, 42.838180099794414], [52.37807610014975, 42.83320549979705], [52.34076480030096, 42.826240300077345], [52.3156643998222, 42.80981919985882], [52.30086940041769, 42.79121860001377], [52.29776210000213, 42.7856104001078], [52.29247249980901, 42.78239759995215], [52.287234499744095, 42.786155799937305], [52.278170299999665, 42.8039035999793], [52.26953409987739, 42.81230749985673], [52.25053919983847, 42.84215960014493], [52.22408209983726, 42.86354470029023], [52.18473560023705, 42.875477299973916], [52.13996199981467, 42.88044859989562], [52.077550300385475, 42.87100279991792], [52.02260089973321, 42.858571999809996], [51.970365100246916, 42.844646599993695], [51.9445863001504, 42.83270800031496], [51.93302720038423, 42.83032310006001], [51.9223571003727, 42.82954050016854], [51.91366680011075, 42.83071079993621], [51.90508370030322, 42.833228499980784], [51.89924730008827, 42.841284699749636], [51.88070780008427, 42.869221300151096], [51.84980879959941, 42.90343270031516], [51.82302959966992, 42.94290310012398], [51.80837200028302, 42.9555371001985], [51.803555600242255, 42.97575130020086], [51.79991170017488, 42.9806704001741], [51.791443900032384, 42.98737129976498], [51.78898030001007, 43.00016489973334], [51.78045760022732, 43.01172730019744], [51.765113200178206, 43.03350589979164], [51.745095299592016, 43.05188090019122], [51.72106270044042, 43.06542689971864], [51.66073199957082, 43.103499500285245], [51.65762960036349, 43.10848829999332], [51.66205209993201, 43.11232149999615], [51.66914680000987, 43.11611239991376], [51.672178800045046, 43.12357900016072], [51.67162429966456, 43.133863200282796], [51.6668177002435, 43.15991409987106], [51.66757770012669, 43.16758749977897], [51.66474530035777, 43.17610069974203], [51.66081519973581, 43.18023360020583], [51.65582629980425, 43.183589800162586], [51.64526910005764, 43.185412499709884], [51.638831799681064, 43.18378530032183], [51.63179369975429, 43.1868831997966], [51.62085029989396, 43.18760290029579], [51.60585999956016, 43.18626190002711], [51.602327799608474, 43.181777999760854], [51.59345889989497, 43.18461710027291], [51.59715069992996, 43.17972520013701], [51.59064740032945, 43.18230350007572], [51.578546499665975, 43.18254930026919], [51.565232000206464, 43.17984240030311], [51.54853790030758, 43.17568009978616], [51.533903799950195, 43.17424050024354], [51.515659100073066, 43.17373679993435], [51.50310940019527, 43.17166620017954], [51.49673099965695, 43.16859200022412], [51.492212400116024, 43.16502680010166], [51.485325899876585, 43.1623773001795], [51.47718109977429, 43.16550499991212], [51.46766789959293, 43.16551869977524], [51.45914839960923, 43.16522929975202], [51.452230699981676, 43.162595100066326], [51.44332529992162, 43.162506100042116], [51.43422049991956, 43.16006430022021], [51.41814659958776, 43.16065609981561], [51.4063172003458, 43.15971649979249], [51.37337779976225, 43.158008500075105], [51.36018670007669, 43.15652309986673], [51.337748899811885, 43.15412369972016], [51.31156990025635, 43.14974080007122], [51.303639899914906, 43.148118900053575], [51.290192700423304, 43.1472953002423], [51.27872050008446, 43.14861539974774], [51.27025339972959, 43.152602399924895], [51.265799900198914, 43.15860409993785], [51.26472639995966, 43.16579270032318], [51.2672495996078, 43.17589420004732], [51.2682886997616, 43.18493450030611], [51.26943669998231, 43.192107500059954], [51.285729499985926, 43.24200189983926], [51.28881940003437, 43.251754999787465], [51.308388799646956, 43.31448749993564], [51.314784700265335, 43.35611160027816], [51.31731519962341, 43.391627099712814], [51.31665460012309, 43.42530389982829], [51.315964700273085, 43.43285630026085], [51.31520179972986, 43.44010629972371], [51.31428749982355, 43.44728220015556], [51.313896500011325, 43.45552320017261], [51.31161680039904, 43.46129429998524], [51.30875640014267, 43.46681720018072], [51.30506659975754, 43.4741835997119], [51.30099859965466, 43.47965110010143], [51.29811869966849, 43.484984700222746], [51.29502570043226, 43.49085419995252], [51.295328500056684, 43.499565300155425], [51.29330770029915, 43.508038700085244], [51.2898466999186, 43.51377450000298], [51.285307099562914, 43.51735630017621], [51.28540050009792, 43.52539049984892], [51.283854699818306, 43.5349541998523], [51.281228999701256, 43.54045749971024], [51.278495499953536, 43.54851509990766], [51.2750424999689, 43.554533899835945], [51.27205839990133, 43.55974099970357], [51.267952400163594, 43.56612640014614], [51.26444110041531, 43.57064579991806], [51.26017239961, 43.574669100165416], [51.25607010003291, 43.578834199970736], [51.2509444001583, 43.58179810011493], [51.24537409979509, 43.579222099945724], [51.279200099834824, 43.60019560029918], [51.26994500000772, 43.59501599994428], [51.26106110022563, 43.589480700111835], [51.249313900425456, 43.582229899861005], [51.24321520023234, 43.57899519993627], [51.24834020031933, 43.58223090002798], [51.24476510042298, 43.58719160011598], [51.23941149975742, 43.59068610004658], [51.231003999926656, 43.593203399801666], [51.222829400011484, 43.59396309971411], [51.219237499822626, 43.59956620027269], [51.21601220030467, 43.60441399977895], [51.20545619980887, 43.60796139977676], [51.21482540005019, 43.61046050003229], [51.212650199658256, 43.61663379971152], [51.20842830018093, 43.62059630030086], [51.202725599822884, 43.62305920023915], [51.19610530004661, 43.62460249987656], [51.190308399652935, 43.62696690017512], [51.18374009975511, 43.62860360001273], [51.176944500039326, 43.62988590020268], [51.1690725003225, 43.62971890031735], [51.16301630032376, 43.62717689968877], [51.159540100448595, 43.63223410005943], [51.15408800041045, 43.636918100161346], [51.150074299873246, 43.64137890003158], [51.14606789994434, 43.64547409974744], [51.14186719980936, 43.64985770017199], [51.137703900132976, 43.6538890998127], [51.13448789997476, 43.65881309970771], [51.13216280040634, 43.66473859981706], [51.12845489986658, 43.66932880028539], [51.12448329977343, 43.673615099978704], [51.121825100406156, 43.67923940013004], [51.1178191002275, 43.68364439986278], [51.11549220043528, 43.68945380001459], [51.11410139996634, 43.69614909968188], [51.11027610039869, 43.700479100043125], [51.10727469967702, 43.70598990023173], [51.10022430001736, 43.716288300047374], [51.095323699986686, 43.720925900163635], [51.0897885003949, 43.726149099825214], [51.08464109991797, 43.73098969993982], [51.08270899981157, 43.73713290014663], [51.07174110019851, 43.757356000207864], [51.05844979973121, 43.7706479000049], [51.04315949982176, 43.784688900089584], [51.032945600244076, 43.796491999965724], [51.02995990027691, 43.803058800013815], [51.026623199782286, 43.80933049970411], [51.022911099618504, 43.81392050021858], [51.0231465004438, 43.825960500208296], [51.019332499885806, 43.83198399983221], [51.015130100138336, 43.83579040015029], [51.01784709963086, 43.84107380005892], [51.014847800068715, 43.85364290029164], [51.00776050031214, 43.87247319973234], [51.00560020027584, 43.87892400004586], [51.00523479975429, 43.89027260024834], [50.999741599995254, 43.90783699972301], [50.994248499949165, 43.93676980025064], [50.9763956999962, 43.95876909986096], [50.953736400335174, 43.9802660997392], [50.93863020026167, 43.99632210021264], [50.929017199947246, 44.00447189981414], [50.922493999968324, 44.00694129982663], [50.91047769994332, 44.00990450022851], [50.90292460035573, 44.009410600271565], [50.892684099865846, 44.01282559978615], [50.88573540027618, 44.016496200308346], [50.87837629995905, 44.02065499985892], [50.873394999774796, 44.0239131001321], [50.87073519960961, 44.02972909983721], [50.86836960039493, 44.03555859972445], [50.86851289964904, 44.0435018002351], [50.87012470005095, 44.05126390005999], [50.871593200300445, 44.05796949978553], [50.87614540042626, 44.078016500154966], [50.873398900259744, 44.111057100272994], [50.85726269996635, 44.150730799811946], [50.84711319971305, 44.18259199978996], [50.84356099966994, 44.18946319968265], [50.840718800179566, 44.197347100145365], [50.828835699649964, 44.20786870000399], [50.81478299972428, 44.21906299983248], [50.808780899865205, 44.22124219972702], [50.803915099670284, 44.22471970001206], [50.79812410030978, 44.227292800203216], [50.79289330024185, 44.23110920019004], [50.78764759981833, 44.23478520021517], [50.773384700404364, 44.24314269996454], [50.74832890038119, 44.253605200226986], [50.726993200019265, 44.25849719983268], [50.706200700129955, 44.26344550031366], [50.67907820003149, 44.26959180007711], [50.63135630010055, 44.278441400120485], [50.58157450034106, 44.285323499745395], [50.50879009985327, 44.291467599683465], [50.47102460011873, 44.294908000130576], [50.43033550005437, 44.29722570017311], [50.414305200353155, 44.29916890021015], [50.4010006003281, 44.30168789968255], [50.39172419964894, 44.30453550007919], [50.38357739989684, 44.30608370008589], [50.37528449994349, 44.312001300011566], [50.356299500237334, 44.317681200318], [50.33781540023531, 44.32095009968961], [50.33248000033573, 44.325353200035536], [50.314044500088826, 44.333242699831985], [50.30058990027593, 44.34070710018583], [50.28061519967184, 44.35362409987109], [50.26842199980782, 44.35691659993522], [50.267558300204904, 44.36521410029009], [50.26083999962094, 44.37319489969699], [50.254965100307814, 44.378410600236485], [50.247390600155235, 44.38600979987822], [50.24443159991497, 44.409308799858564], [50.24362069969114, 44.42085510007852], [50.245942799784835, 44.42664850029992], [50.24744139988457, 44.43434149988021], [50.24463689999167, 44.450484699929824], [50.242206499905684, 44.47093349985203], [50.24106069965908, 44.48645840005246], [50.2421885003623, 44.51063290011774], [50.24047439981586, 44.51754789986291], [50.24082239997042, 44.52901230012726], [50.238366999770065, 44.54545809999709], [50.23616449957666, 44.555106699810224], [50.23247349994065, 44.567625399822354], [50.2307326996673, 44.57465120011624], [50.226748700128326, 44.58143929993127], [50.22349320014877, 44.587431999887436], [50.22684880029877, 44.59638419988894], [50.22529619977236, 44.587253599998654], [50.22915269962642, 44.578585399795735], [50.23226840018826, 44.57357709978201], [50.23868890027234, 44.57008289996288], [50.245931100126576, 44.56554599984815], [50.251533700314184, 44.5626853001558], [50.25187860038265, 44.5529540996811], [50.24932969993424, 44.547391899764506], [50.25385639958415, 44.54385850005392], [50.260232399824005, 44.54208509979147], [50.266884700285736, 44.54351499980761], [50.27086589977599, 44.552011199982694], [50.275279300308945, 44.556890499910395], [50.27405170037089, 44.563666900036026], [50.27935879974578, 44.56731780021456], [50.27892159957848, 44.57554799980413], [50.28338540009047, 44.57959529996111], [50.27958879989959, 44.585032499756686], [50.28529060014565, 44.587526900218684], [50.28775730025401, 44.59374190022745], [50.29061210041281, 44.600824700239386], [50.29401779960622, 44.60738610020095], [50.297373500367456, 44.61232429980179], [50.30138030004668, 44.618260399799695], [50.30417459956944, 44.6264414999179], [50.30557100013594, 44.633299900282324], [50.30841140030078, 44.63910060014814], [50.31056580020226, 44.645314799737555], [50.31834690029378, 44.64505710020276], [50.32578350006709, 44.64437970018018], [50.33283880003662, 44.6433705002384], [50.34530790037214, 44.64094459999926], [50.3599356002331, 44.64131559973124], [50.369020799893946, 44.63987120005999], [50.37655240010186, 44.64252170015039], [50.38597020009829, 44.6369596000079], [50.39676119987236, 44.63513489992275], [50.40523490014966, 44.634751699746815], [50.41365700029864, 44.635611300184856], [50.42189029972783, 44.634944100158805], [50.4293232999518, 44.63188250021602], [50.441157199753306, 44.62752729985489], [50.44957929990229, 44.626420199904985], [50.45876320015838, 44.62543669992937], [50.46570249977689, 44.62401869991944], [50.47295089980326, 44.62478179976762], [50.48073470023056, 44.62380440031629], [50.488771800415115, 44.62390949978732], [50.49900049973709, 44.62465589991022], [50.50662669973089, 44.62552519974745], [50.514278400200716, 44.62670229977273], [50.52206119990473, 44.62796709972933], [50.53024290010394, 44.62758800013317], [50.53627250008879, 44.62511399984431], [50.54306920024087, 44.62384639997567], [50.54990890005057, 44.62215879982299], [50.55745659986501, 44.620371899899915], [50.56546569956213, 44.620700299705696], [50.57148989977384, 44.623231700056984], [50.57710229968285, 44.625923900230305], [50.58324870041757, 44.62785520015585], [50.58936420000482, 44.63001220016877], [50.59561639982212, 44.63239630002538], [50.602893200086164, 44.631169000268024], [50.60766969965705, 44.62780679999123], [50.61407799972125, 44.62355629992763], [50.618077799727736, 44.619368900297715], [50.623680300202345, 44.61507959976104], [50.63018739967645, 44.61354829991255], [50.63788529960304, 44.613223699723115], [50.64440849958197, 44.610161000142924], [50.65144119973555, 44.60917190006365], [50.6585598003899, 44.61051230029435], [50.666059199588055, 44.60898469989763], [50.673505099619575, 44.6081827000012], [50.681189600275296, 44.607539200093306], [50.68899749980674, 44.60728139995414], [50.69672229978442, 44.60807199979396], [50.70370670022014, 44.60994710024858], [50.71000990009108, 44.6121543996915], [50.71835160012386, 44.61192530000689], [50.72486399965815, 44.61034809995177], [50.731344199979404, 44.60879380010379], [50.73784049990717, 44.60688419973889], [50.74503960039073, 44.60546349983443], [50.75459360025566, 44.605914199926076], [50.761760499729526, 44.607739700289045], [50.76964880027546, 44.60798600017832], [50.77759620008566, 44.60884719994954], [50.783818900127336, 44.61152049979092], [50.788936599606046, 44.61497259981988], [50.792927700327354, 44.61962350025855], [50.79645219992038, 44.62444010017562], [50.799708299974554, 44.629798400245484], [50.802390600242674, 44.63555129994691], [50.809326700062165, 44.63394429990652], [50.81715880020734, 44.63412749974175], [50.82439000019094, 44.63321129980861], [50.82827919961967, 44.62899289991116], [50.83478090021894, 44.62595389989946], [50.84149720025475, 44.62444970008667], [50.84965650006402, 44.62448019985342], [50.85723639998981, 44.623731899843385], [50.86461780008551, 44.62234969980271], [50.870969299674314, 44.618424600151386], [50.87730420019335, 44.615388499924734], [50.885646299976436, 44.613933999722725], [50.891911999675784, 44.61156629991145], [50.898606800331876, 44.60906110005742], [50.907125499916724, 44.603378100264095], [50.9129989996546, 44.59785079971677], [50.9182726996672, 44.59496720025938], [50.922231600277165, 44.59028379990488], [50.94206339958085, 44.576578499968136], [50.94858649984684, 44.567284800092615], [50.958905000154466, 44.55869750002229], [50.971599399759924, 44.55519770018031], [50.97893150031282, 44.553390399982874], [50.989720399825785, 44.55454789980314], [50.998389300421024, 44.55687809992518], [51.007418700329694, 44.55834890011865], [50.99902230008263, 44.550131899881656], [50.99596509960879, 44.540128699758064], [50.99699509982874, 44.53107379994127], [51.00454820031462, 44.51956969996764], [51.013336699911854, 44.51417950025147], [51.03695519997202, 44.50817210017839], [51.05051429990362, 44.500642700318814], [51.057181199785326, 44.49585829985447], [51.06269360013522, 44.49277070011596], [51.06827259978364, 44.490153199888375], [51.07349749971677, 44.485767500078154], [51.07781050004204, 44.4819784999067], [51.08638280030319, 44.47899310019523], [51.0988327000478, 44.474741699933375], [51.10788339991018, 44.47357299994074], [51.1306674001057, 44.475711399906], [51.140842399936595, 44.475502300053094], [51.15543360034925, 44.474736700123145], [51.17096689993299, 44.47469499976593], [51.18038150013045, 44.47410170022667], [51.18836480021265, 44.47395470016815], [51.19897029967719, 44.47543760011362], [51.20601480010033, 44.47806570012006], [51.2119520999864, 44.48078329991329], [51.2258707003048, 44.48859989989379], [51.23330250037954, 44.49349660004837], [51.25328150032065, 44.51059070012153], [51.2551740997073, 44.51702629975582], [51.26014699974534, 44.52184600031301], [51.271734199711894, 44.525578800122446], [51.2773990001481, 44.52918899973179], [51.282149447677355, 44.53396258721217], [51.28568169973131, 44.54041589974805], [51.3003158000887, 44.54375000012612], [51.315336099661444, 44.5440557997785], [51.33584969960452, 44.54564629994812], [51.35129910013394, 44.548031999772974], [51.36340129976137, 44.551151399783514], [51.3762396948152, 44.54407350111613], [51.36932359957879, 44.53665349980676], [51.363143699768784, 44.52894429997683], [51.370525199577564, 44.52564010005598], [51.37687670006466, 44.52833240007768], [51.38339980033064, 44.53139180006991], [51.39163950025618, 44.52723100018011], [51.39867769989591, 44.519031000208834], [51.40382749977296, 44.511931500298786], [51.409663999700975, 44.50887110003796], [51.416015500188074, 44.50434140023277], [51.42545680011238, 44.50752450020286], [51.43541320030885, 44.51107460011932], [51.44571289977588, 44.51413490005114], [51.45189269987288, 44.524171400207365], [51.44828780016358, 44.5327379002686], [51.4635656997289, 44.53029050028977], [51.47317870004333, 44.52882189976206], [51.49154630023115, 44.51511419988233], [51.505622700409006, 44.51229870030014], [51.52433380019175, 44.51376760015959], [51.53835779085929, 44.5167864868261], [51.56366439961146, 44.511155399842536], [51.572623500060985, 44.52737910006929], [51.56607243883345, 44.53396258721217], [51.54961702669541, 44.54116319330582], [51.54029830009498, 44.54888830006245], [51.519355600093526, 44.5587966000766], [51.464595600235796, 44.580931199918965], [51.4287183996527, 44.59327890027076], [51.420650300404326, 44.59425689988154], [51.40743240038054, 44.594623599994904], [51.37807830006343, 44.59327890027076], [51.35215739996374, 44.59034510016058], [51.33499130006173, 44.59010059989735], [51.319541799819234, 44.59205650027678], [51.30125989980788, 44.591689700162284], [51.289672799554324, 44.58777770013411], [51.283149599575346, 44.586188400142895], [51.280660499975404, 44.57909710029113], [51.27611149964862, 44.584293399715], [51.27007217180753, 44.58666384126804], [51.269966689830255, 44.60033536023569], [51.27250659993927, 44.60733490031945], [51.27676589987519, 44.62041979985959], [51.27195428785485, 44.6275067738188], [51.2646099001454, 44.64667399970456], [51.24572740000979, 44.67475679970644], [51.221008099908914, 44.708438299974055], [51.215223487570015, 44.71106498803623], [51.21144055434787, 44.71663683326263], [51.21002180010385, 44.727589000203345], [51.198177199570715, 44.74234409977951], [51.18633250022288, 44.75502319993549], [51.18171330014984, 44.76042179976507], [51.17233269489773, 44.76552236591667], [51.1564634999579, 44.77647379989975], [51.141357299884454, 44.78427199982797], [51.10392872228037, 44.80271602408861], [51.09088880007399, 44.81435839982203], [51.083164000096254, 44.820203300278465], [51.07114770007129, 44.82677819980479], [51.061191399587834, 44.832500100039375], [51.046771799852344, 44.83529999971453], [51.03029230028826, 44.83919530019277], [51.01873719982174, 44.84064630015759], [51.00804269258392, 44.84758780931718], [51.02259239981363, 44.85904599973276], [51.0060522999005, 44.89871739980661], [50.99259733177827, 44.90701512090327], [50.9865186999486, 44.917410100033905], [50.993900100044364, 44.932724299917425], [51.011002148269995, 44.94970983829678], [51.035270500386495, 44.96783440006809], [51.05071999973063, 44.977914000017186], [51.064796300195425, 44.980463899765915], [51.07646920033846, 44.98799170008044], [51.08711229968753, 44.99126969981249], [51.11612300012273, 45.01093330020751], [51.14015560017268, 45.024402699830716], [51.149596999809994, 45.0296197001767], [51.16401660044377, 45.035078800109275], [51.17019639964248, 45.038354100131734], [51.23531640556722, 45.04093990984895], [51.23886089986188, 45.035200099951204], [51.25285090007572, 45.01564220011484], [51.23807679997625, 44.98087840015306], [51.27064959988901, 45.0147200001056], [51.258781000863046, 45.06264500071256], [51.25998030027634, 45.082054700100755], [51.253800500179395, 45.109199000235094], [51.25036720024892, 45.147954299899595], [51.246774300235195, 45.15934460018045], [51.2489565002998, 45.168389600210425], [51.259882600404374, 45.19273609971012], [51.263074499661805, 45.19926649990716], [51.28916270020341, 45.219582099768864], [51.30274979972409, 45.237892900288536], [51.32109170000993, 45.25004500001193], [51.34031780035177, 45.26720339985284], [51.35645399974688, 45.27662619995471], [51.3691569001098, 45.29329359976302], [51.37705329986636, 45.29884830009736], [51.38803970028272, 45.30585119991131], [51.41104230011278, 45.30585119991131], [51.42958170040372, 45.310921800249744], [51.45258439994674, 45.31961310024656], [51.45876420004367, 45.324199700063375], [51.474900299725775, 45.326854900094936], [51.49412640006768, 45.327337699857786], [51.5088892999722, 45.328785900148645], [51.52536880043452, 45.32806180021053], [51.585106899779184, 45.341818299890264], [51.64312850007552, 45.368115300122085], [51.69497019966355, 45.38837259969142], [51.72724260025036, 45.40283759993519], [51.752277299745835, 45.407632899870215], [51.7595885000954, 45.4089654001009], [51.76890890025723, 45.408618900303985], [51.781448699802205, 45.409878199852855], [51.788691799768365, 45.408939499736], [51.801319500362276, 45.41048369986652], [51.81229270003553, 45.41159850004983], [51.87349799976738, 45.41705799977662], [51.91092020023124, 45.41753999985792], [51.956582200333635, 45.415370999882256], [52.01803690023615, 45.4100687998595], [52.058143999794176, 45.40127040022738], [52.08520889991662, 45.392746699786564], [52.099111300017206, 45.38792889995874], [52.11774000003389, 45.37751520013472], [52.1405716001597, 45.36614599986557], [52.290091499877065, 45.387252300291735], [52.43744960027, 45.37650609993737], [52.61937889994317, 45.34393470004705], [52.67922405780841, 45.32730886193903], [53.13573830017386, 45.200482699707806], [53.27524370025548, 45.22257109986295], [53.32220870038931, 45.24369759977095], [53.369753699582894, 45.25563900022003], [53.42028990002644, 45.286784700164006], [53.45724360032351, 45.29680530009759], [53.55245459998292, 45.30556969975759], [53.442911299765676, 45.342046099895555], [53.42319329994048, 45.34374389972418], [53.42729230000553, 45.35534049982683], [53.40358899988084, 45.355378599731274], [53.389973400409446, 45.34659349982309], [53.34723270005141, 45.35023040020306], [53.3296003996698, 45.379224900225026], [53.30626109959318, 45.39598879993025], [53.29210710024611, 45.40949780009534], [53.26332169997916, 45.425134899843734], [53.23357330033771, 45.42920300002109], [53.18841919961213, 45.4226811999533], [53.158167599681136, 45.435789299756806], [53.135641799552836, 45.43580599975358], [53.10205680043579, 45.44239950008041], [53.089239799658706, 45.452187599791934], [53.07582909961541, 45.48713770030154], [53.070234899574075, 45.50714110027637], [53.04564349980666, 45.54421060029883], [53.040677700052655, 45.57004869979037], [53.040701800055096, 45.59418439977574], [53.049805799658174, 45.614702799712866], [53.069505100152426, 45.63033380008993], [53.00459689990366, 45.648372599915504], [52.99792789976084, 45.65906799993671], [53.00703399962508, 45.673025599782775], [53.04063010012236, 45.686027199956456], [53.06777450024914, 45.701572000145205], [53.0693655001606, 45.71070340016883], [53.06463600044541, 45.71980879984684], [53.0670775001151, 45.73032329983862], [52.94316490042833, 45.760678799998985], [53.05982609971572, 45.75808999969076], [53.15326099980265, 45.75001239971095], [53.18545890040799, 45.81786039993969], [53.31070429993913, 45.806610700241144], [53.474038699606446, 45.84418530029002], [53.65509120044326, 45.90534869995695], [53.77639159989509, 45.99002220025893], [53.673361300185114, 45.996493199963695], [53.68447180016298, 46.01885620006156], [53.89253889995791, 46.125697299862985], [53.96855679978563, 46.19243679998344], [53.97173480030901, 46.24613029997986], [53.99871829959196, 46.24661480025659], [54.049050199783665, 46.24255880026845], [54.074474799553506, 46.24137860028858], [54.10371760040354, 46.25293449988094], [54.245214299568765, 46.24918309992016], [54.307689800044386, 46.25703309973906], [54.473684299914254, 46.292352099856224], [54.50474559991991, 46.30104990004201], [54.53087900009328, 46.29576349969359], [54.69276430042638, 46.32305069986161], [54.79475369975884, 46.35113079980896], [54.83257819994292, 46.36354270017276], [54.97136219985082, 46.36833030007306], [54.99871750015175, 46.37425469974427], [55.08958629974758, 46.379528199717974], [55.27047520030312, 46.367362600125325], [55.380084700068615, 46.4444239997167], [55.4879188997623, 46.520131099873026], [55.523143699768646, 46.48797830027126], [55.603103799626886, 46.42082719989104]], [[55.43225892363549, 44.53396258721217], [55.523289499932524, 44.50701470014182], [55.43217620567364, 44.53398711602327], [55.43225892363549, 44.53396258721217]], [[51.59028200789274, 43.99555329003819], [51.63076250028346, 43.97164169969102], [51.590153622512325, 43.995629134395415], [51.59028200789274, 43.99555329003819]], [[52.94031056739345, 43.535686887108554], [52.999267499851825, 43.511804699849584], [52.940196457623124, 43.53573311657846], [52.94031056739345, 43.535686887108554]], [[51.39867089875088, 43.49416212212287], [51.42611350002611, 43.520862099907376], [51.39846533171429, 43.49396212436498], [51.39867089875088, 43.49416212212287]], [[51.59912299964525, 43.25395739975541], [51.59021513691317, 43.237905736948434], [51.59028200789274, 43.23802620497036], [51.59912299964525, 43.25395739975541]]]]}, "properties": {"ADM0_EN": "KAZ", "ADM0_PCODE": "Kazakhstan", "ADM1_EN": "Mangystau Region", "ADM1_PCODE": "KAZ014"}}, {"type": "Feature", "geometry": {"type": "Polygon", "coordinates": [[[68.98015019993234, 55.42484309977467], [68.99955060038883, 55.42471060006003], [69.02571830003642, 55.427973900009775], [69.04795650003501, 55.42687049988939], [69.1310727003883, 55.39850159993645], [69.15538460013482, 55.39179969976431], [69.16634520003791, 55.381490800226466], [69.19947449998097, 55.3301148001707], [69.2183222999938, 55.334926800022885], [69.23382820006302, 55.33584819998073], [69.24767939978565, 55.33780070015849], [69.26436779987408, 55.34015310015377], [69.29241300002506, 55.34471680008252], [69.30747090038066, 55.34829320018066], [69.31369900019553, 55.35011869998721], [69.33109580003894, 55.35676710007377], [69.33304309963988, 55.363466300090415], [69.34106290006868, 55.364082100254215], [69.34628379980386, 55.37585229995505], [69.35458660008992, 55.38455950022238], [69.36232029967712, 55.38681239983656], [69.37086050043823, 55.384252699877436], [69.37922899991091, 55.385691000057555], [69.39250229993652, 55.38245680019107], [69.39888599963669, 55.385607700149976], [69.40627809956578, 55.38441930012217], [69.4164491000971, 55.38145110022617], [69.41895960026204, 55.369429599839414], [69.4029736000808, 55.35220789998824], [69.4106859000013, 55.350034300097754], [69.41841069997905, 55.35269379996727], [69.42466729974463, 55.3500119002445], [69.43725229981979, 55.35137829976887], [69.44931499962581, 55.35168119981892], [69.44176910003522, 55.34209329994129], [69.47010399967878, 55.34141609994156], [69.48161599987627, 55.34104389996612], [69.48938369979874, 55.33840799975029], [69.49822420017284, 55.33957960021696], [69.50637819992193, 55.339433099879464], [69.51689240001086, 55.33871309980224], [69.525067800325, 55.33752939991842], [69.53243849968909, 55.336790999782565], [69.55014909992587, 55.35065999999562], [69.65950009958685, 55.34918839997134], [69.70705300036171, 55.35138750005845], [69.74507330004003, 55.34558310021808], [69.73757920000372, 55.33818530001241], [69.77584359979254, 55.3371403002118], [69.78445349993822, 55.32635819977514], [69.81580260039787, 55.31581749998132], [69.86292960001506, 55.299966400051126], [69.9119979002838, 55.243328899920996], [69.95051580015416, 55.210092500058046], [70.0570785998532, 55.20894279977093], [70.08642200033701, 55.18358470022898], [70.1132761997112, 55.17220169982839], [70.17980579975904, 55.159328999765485], [70.20435329975679, 55.14637259977447], [70.22771000020042, 55.14804030014793], [70.29182550009304, 55.19236780008453], [70.31253470010441, 55.196739399890795], [70.40197850036839, 55.21561489975844], [70.40991250000944, 55.25372849983287], [70.46013950033219, 55.28582760006506], [70.47518669995608, 55.28125100021587], [70.47801369995187, 55.2725516001556], [70.62035320031326, 55.25331269980091], [70.69520830017599, 55.28945359993259], [70.7889086003271, 55.289291699830706], [70.80746410022462, 55.292630399908255], [70.82160470030081, 55.279353600070905], [70.79888100041708, 55.27148809993723], [70.88128120036978, 55.180215400255], [70.92554170016986, 55.166793900094746], [70.92162969970258, 55.13037879995153], [71.01883830012724, 55.085095000236564], [70.993223200025, 55.07340440013449], [70.98774070009935, 55.05242820021654], [71.0043249001064, 55.053085799920616], [71.00423370044378, 55.01197330007678], [70.98858830009576, 54.99967519974655], [70.99996089972753, 54.98971699981139], [70.98679999960521, 54.98520000008863], [70.97819749978076, 54.98254220016399], [70.98622130040758, 54.97637529980061], [71.0083829998765, 54.9702673998602], [70.992879899856, 54.927012399808355], [70.95627310017557, 54.8885120999922], [70.97555280029553, 54.87871769998492], [70.9806006997783, 54.87542769986805], [70.97501640006972, 54.86797319977154], [70.98573440004881, 54.86235750000217], [70.99895239978558, 54.854076100213724], [71.01929430023687, 54.8521522001643], [71.02597560011253, 54.82748200016013], [71.0220193998383, 54.820197900163805], [71.01111889992269, 54.813620399841355], [71.02582810033611, 54.79971390002466], [71.03046159979186, 54.77848239974745], [71.06606130000391, 54.7480217998712], [71.07007380039188, 54.73357860020781], [71.09286300003629, 54.715828100213045], [71.09279209960417, 54.70560650004681], [71.21046600025404, 54.700061200051685], [71.21009049997365, 54.68660249986593], [71.23956130042941, 54.686299300239455], [71.2390195004304, 54.66834799984391], [71.29321219981314, 54.667750900213846], [71.29126490021221, 54.605815200065], [71.28196299995538, 54.60653299985098], [71.24745369998801, 54.608238699972624], [71.23596310035549, 54.6088072001581], [71.22659679987595, 54.60920180019111], [71.21591090029521, 54.60980140007989], [71.1933911000146, 54.60006370007448], [71.16754529997097, 54.560538800183245], [71.16971560005304, 54.54875919999953], [71.17281319956177, 54.53194000017764], [71.17043140012926, 54.46085270013574], [71.20165230021814, 54.4611753998954], [71.19981500022206, 54.407284300178034], [71.23075430002889, 54.40691119983845], [71.23005239958503, 54.38156960013662], [71.2292870996417, 54.3539208997747], [71.19851950022499, 54.354211699996966], [71.19797229955442, 54.33352010020148], [71.20569169975903, 54.33313860013489], [71.19868839966801, 54.31170260017583], [71.10969510002745, 54.32193019984541], [71.11254930011175, 54.334980800102315], [70.99857149973207, 54.33607860003457], [70.99635600001824, 54.27543640009573], [71.07321739993145, 54.27478490010581], [71.07147929999387, 54.20539680009139], [71.05885149968697, 54.205547400078885], [71.05474230015027, 54.19138210009699], [71.11280949982874, 54.18822139990376], [71.1034833998564, 54.166636199839466], [71.13810539976444, 54.162082200169735], [71.1223553995847, 54.12927889985399], [71.17897150027905, 54.09494579990138], [71.22050709990363, 54.11762650004281], [71.27466199997589, 54.14717939983959], [71.29610100030722, 54.18494490011519], [71.38710020024794, 54.18148800011877], [71.38413900003358, 54.167446400148634], [71.49082659998005, 54.1584104000269], [71.48787250004973, 54.10114630007161], [71.6097783002227, 54.116836199894465], [71.61596750029078, 54.10009860023919], [71.67105990015988, 54.099095200185225], [71.67158470044036, 54.11063020011787], [71.7204594002906, 54.10646169991373], [71.76414039959582, 54.14728520015085], [71.74303609986124, 54.16583550002077], [71.72649460037293, 54.18753440024058], [71.75121719998585, 54.254149899746736], [71.81449410010285, 54.24338749986026], [71.83269020022479, 54.240265300113265], [71.86609719996497, 54.23475290008343], [71.8858623002571, 54.231643400104836], [71.93446400029583, 54.229316800110624], [71.94897469998092, 54.24369790022132], [72.0733326996569, 54.19957310022229], [72.0647764001876, 54.18371379975485], [72.11562570033851, 54.173905800245365], [72.10123570009165, 54.14764129985607], [72.1843063998775, 54.120593000262716], [72.21846699990267, 54.18188360003361], [72.13565380039641, 54.20900480014988], [72.08529799962827, 54.21879039978108], [72.08908260012365, 54.227043300111056], [72.11747110044357, 54.27826939989387], [72.1329850000104, 54.275417599839635], [72.13612319977676, 54.30507850012125], [72.09461330005416, 54.31360990018231], [72.08912010029519, 54.32727339988654], [72.07681949965244, 54.33257549975771], [72.06465840018683, 54.33301969988429], [72.04374249962515, 54.3272672000423], [72.05144050016305, 54.33820219986227], [72.03269760001922, 54.36646990001589], [72.1891923995899, 54.35479879998057], [72.23552590024862, 54.33401620003279], [72.24091170012721, 54.33100219982963], [72.27866650002836, 54.31718660004462], [72.29994180036549, 54.293624400245335], [72.29070960039152, 54.24964070025068], [72.33707959960032, 54.24649230013519], [72.33460659960683, 54.23940630002101], [72.29934099991692, 54.1868434000511], [72.34362779969359, 54.178680600149036], [72.38242340025933, 54.16437969974738], [72.41774439995113, 54.15115059988018], [72.50700290022989, 54.13997110000473], [72.51538750020734, 54.112688200204396], [72.51294670032533, 54.10505880024506], [72.48904289982245, 54.107927099873244], [72.44003350029033, 54.11995789993357], [72.43595700032823, 54.10941900009051], [72.43324279998606, 54.10240029996902], [72.40894690013309, 54.10494200022508], [72.3783159003351, 54.10869759981667], [72.37551969997719, 54.10058309995845], [72.36958260041543, 54.08334830022462], [72.40726230026054, 54.078256500198215], [72.40297539958758, 54.06744920001294], [72.39919779966317, 54.05792320012309], [72.39669849969322, 54.051619700154156], [72.43547919990337, 54.04641980024251], [72.41762630023739, 53.99831010018678], [72.41276409959181, 53.993082799742695], [72.40842010020272, 53.988412099813935], [72.40009370027585, 53.979458099886386], [72.38642749960283, 53.964757599875306], [72.36959539961161, 53.94472430009424], [72.3872986004254, 53.93541589998592], [72.40355930003062, 53.926684400081896], [72.43037220025798, 53.91228259979004], [72.45194210039762, 53.90786739983573], [72.48668789982978, 53.90075419997798], [72.52669080020485, 53.95419529978887], [72.53691870002619, 53.96784800002967], [72.54305180030481, 53.97603269975328], [72.59276389978142, 53.97204149994889], [72.63210649979504, 53.962820899823704], [72.67320870002428, 53.955473200133845], [72.7144825000323, 53.950889700236445], [72.71878770028599, 53.99297730023075], [72.70270229972186, 54.01760980002089], [72.68014970015365, 54.044503800246], [72.61947000020297, 54.04714190023837], [72.60663099968463, 54.048243699988454], [72.59292199967817, 54.04942009988757], [72.57120059956422, 54.05128399997563], [72.56682180033931, 54.03901300010381], [72.53272459981358, 54.04355940021743], [72.54752229955388, 54.08357579979595], [72.55264229961804, 54.09689380013085], [72.56016289995527, 54.11644809978383], [72.61285890007348, 54.12195119997053], [72.60836029972567, 54.13705060000579], [72.72375679955202, 54.1230558002398], [72.82540439980032, 54.12156610021651], [72.83166200028911, 54.09797379994692], [72.99413259974227, 54.098518099836916], [72.97848799979316, 54.04946409996391], [73.05965890019532, 54.04032280006398], [73.05743459968657, 54.031958399840406], [73.0722254003655, 54.030172800216015], [73.06750429989825, 53.995769000187], [73.06682579966916, 53.985494799859126], [73.11387700034102, 53.979924700046645], [73.19325099978205, 53.97052629974305], [73.24761749981607, 53.95706279980159], [73.27811819988041, 53.954375499806225], [73.2758139996171, 53.94266199974461], [73.40379550041696, 53.94568109993734], [73.4025883003207, 53.978856700254255], [73.45781690005815, 53.9639714001053], [73.50454400025356, 53.93902359989653], [73.52239080035878, 53.94100339993446], [73.5374517999021, 53.95238089975725], [73.52082819978666, 53.966183600140575], [73.51876220039738, 54.00411550016956], [73.58375669999882, 54.0154656001379], [73.59020000022313, 54.009700000193], [73.60884729985781, 54.0083577999963], [73.64560000031344, 54.04000000011069], [73.65713849991351, 54.046333999829955], [73.6273722004417, 54.07013580012094], [73.70368910002026, 54.066025099813565], [73.69912200043703, 54.04863619983943], [73.76767509967982, 54.05405530008766], [73.7627647996406, 54.04140479977474], [73.73608340019446, 53.9725975000333], [73.69095679959466, 53.85622869997163], [73.67453629958182, 53.858506700057255], [73.66188169983508, 53.860028500117465], [73.57565400034062, 53.86873730002507], [73.53722329993482, 53.87076469981676], [73.45227779998143, 53.87618559994245], [73.42909809998804, 53.84838749996968], [73.42904450020998, 53.822904699959224], [73.4491302002439, 53.80731969982011], [73.4008706002249, 53.79338870002611], [73.34314940015283, 53.788044200180686], [73.35556809961103, 53.76615960012701], [73.34799879980557, 53.7413064002199], [73.34185119981997, 53.71818379981105], [73.32278610003492, 53.67573930022962], [73.2843183001062, 53.67488940024585], [73.27471469976287, 53.674688100185556], [73.25289580010124, 53.6742283001417], [73.25507099959482, 53.6411079000193], [73.27709999993002, 53.63943350012409], [73.25155730044642, 53.597446000061424], [73.24587099973226, 53.584353200175585], [73.23853249958124, 53.56727429991355], [73.34706539991977, 53.543032899911125], [73.34518790031466, 53.533873799932664], [73.39763040035126, 53.52185850005334], [73.38677290009333, 53.488364700059336], [73.36226820032725, 53.46758770020875], [73.43826589973925, 53.43539480019798], [73.45759830042364, 53.41707569974542], [73.51893329981456, 53.357187799803604], [73.58060560042495, 53.2999296002023], [73.5873542002851, 53.290554599972516], [73.58978020042282, 53.28187749977728], [73.58429840028481, 53.262972800064574], [73.54190290003261, 53.26099419973234], [73.49607189987582, 53.27394959980973], [73.43103369993072, 53.29232780020638], [73.42549660040207, 53.27744969992994], [73.42249139980676, 53.27042930021495], [73.41989939998766, 53.264352000077416], [73.41812900022573, 53.257813900159675], [73.41596770036459, 53.25187150008776], [73.41364630005845, 53.24241799986949], [73.41150669990125, 53.22521129984493], [73.41073299981164, 53.21752310022397], [73.41093700002617, 53.20612449993241], [73.40976589962796, 53.19897519993154], [73.40753069985989, 53.19276289996139], [73.40631860035205, 53.185134800192074], [73.40651939986924, 53.173997399882026], [73.40820160034166, 53.16005319978769], [73.41213450011398, 53.15111680007883], [73.41431880043969, 53.14489979980991], [73.41883189959619, 53.13899160005326], [73.41867849968497, 53.147131800173895], [73.4245526003959, 53.143946400053], [73.43024740007098, 53.13968710011788], [73.42850930013341, 53.13335490021637], [73.43052500015503, 53.12658520020388], [73.51545850041289, 53.13732410020218], [73.65334749982009, 53.207964200119726], [73.68627119964913, 53.19013260014897], [73.7345797003589, 53.19919500025829], [73.7763556002203, 53.16569410025436], [73.74455519963657, 53.14666379994128], [73.73206499967169, 53.126226500085785], [73.66250019978969, 53.098166599969495], [73.64880760032538, 53.06247670023397], [73.59065209984777, 53.0188032998835], [73.5764475001974, 53.008129300268095], [73.56795379982862, 52.98037709994254], [73.53701269979794, 52.952912599790615], [73.51396609958698, 52.9543546002135], [73.50936019997009, 52.95060310005714], [73.50751970017497, 52.944416900030035], [73.50428879966117, 52.938993099831194], [73.52360099992978, 52.93978240013536], [73.53601720027486, 52.94077720012037], [73.60548650025899, 52.98068810016203], [73.6118116998712, 52.98432020021862], [73.6534469999159, 52.94431989999794], [73.66789640036261, 52.93279049984923], [73.63187049985392, 52.903955600214275], [73.6223794000252, 52.89635580016305], [73.60850500041205, 52.8926537999854], [73.5917324003337, 52.88205320008982], [73.61615790013269, 52.87275670007063], [73.62156610040124, 52.85662089988009], [73.62880969983073, 52.814235000058176], [73.66318360032858, 52.812161100068295], [73.681876800281, 52.806076599888385], [73.68836129993922, 52.798222699731525], [73.7019669002632, 52.806576799861276], [73.73204820027755, 52.81579010005785], [73.73830780041614, 52.822081900009316], [73.75079539975835, 52.819622899757995], [73.76678559956356, 52.80955680009656], [73.79041700032951, 52.833703499980885], [73.85642180009674, 52.90107660001925], [73.86484569957128, 52.89810100014475], [73.86960539974801, 52.893623099937884], [73.88728639959787, 52.89972180018753], [73.89890109969025, 52.90438790008528], [73.91544269978986, 52.90970380018831], [73.97929350030422, 52.927971900110784], [73.9898525002747, 52.93047659993144], [73.99566599973814, 52.91795709989469], [74.03496069978421, 52.83324030012292], [73.983861199962, 52.83002170007146], [73.98618540031681, 52.762344099735124], [73.91810870012716, 52.76143780000592], [73.921992700107, 52.65255429982527], [73.85400619975505, 52.651872300259015], [73.81293609992416, 52.678963500089104], [73.80383569987042, 52.69355959977368], [73.77364919994974, 52.698085300258626], [73.74979779997405, 52.698499000140245], [73.7401888995706, 52.706734500134004], [73.73350099977247, 52.71246570013482], [73.7239908996772, 52.71085829995504], [73.71502159975596, 52.712418300231434], [73.70231609966862, 52.70687909999643], [73.69295179973719, 52.69334469979483], [73.66883399987243, 52.69219090005075], [73.69023420017005, 52.67424190004749], [73.74656829993378, 52.62695740017875], [73.92211660024256, 52.62642590024998], [73.92187979984207, 52.59283290021158], [73.54599810022401, 52.60237500022063], [73.52913410015876, 52.60278689999835], [73.52432309989112, 52.61368470018228], [73.49317620032043, 52.66598890019713], [73.42473200024631, 52.65389509986822], [73.39163340022807, 52.69912850010471], [73.3200893000598, 52.70942019986659], [73.24651329965197, 52.704425199841566], [73.20747619959853, 52.71733729996125], [73.11814760018488, 52.730066399934444], [73.06456580011111, 52.749349600093375], [72.91224349986373, 52.714382999871795], [72.93005700031966, 52.90951670005844], [72.93125360029555, 52.92262769976558], [72.89736560033147, 52.93218860023383], [72.89415830035684, 52.945701599856044], [72.87863400009563, 53.01013460026517], [72.86936469970045, 53.02746420006464], [72.75293969984064, 53.01913960017008], [72.73783479962943, 53.011812199786725], [72.6935000998852, 53.014689100234136], [72.66917209963381, 53.012179900045304], [72.64666059978649, 53.01443399978457], [72.60483559980828, 53.000955100035014], [72.58069559987788, 52.99629399992755], [72.55830399996815, 52.98852520026213], [72.5382912000162, 52.983873700265214], [72.52847999990901, 52.98608109999157], [72.49060800040597, 52.98436280026974], [72.46958270031413, 52.980155300245606], [72.45905209968308, 52.98074619999713], [72.4492999997385, 52.97783770001482], [72.20272569990651, 53.01254930016831], [72.20327090002887, 52.967211199819666], [72.20416989982922, 52.8923500000392], [72.13183989955147, 52.87257080026659], [72.10536070009593, 52.865327600068696], [71.91487649963027, 52.854485300185054], [71.86870780030036, 52.87363169980603], [71.82256869956065, 52.89274820004955], [71.8106380997121, 52.90047859979732], [71.79863869969253, 52.89629379999108], [71.77270880027035, 52.914491899904256], [71.77311799995022, 52.926397800153374], [71.76185949983434, 52.94127090003842], [71.77870169958423, 52.98259619979426], [71.74262449988292, 52.97866850023308], [71.66888999982812, 52.94531170022361], [71.6509745001632, 52.978588100055184], [71.64734750010132, 52.98532179975158], [71.63369130037238, 53.01066559975249], [71.62287170003624, 53.03073480020812], [71.6065989001241, 53.041801899915185], [71.71958620010516, 53.07572519996714], [71.71650410012832, 53.08355000019095], [71.7104998002951, 53.098944399828696], [71.69651440035389, 53.134265299948844], [71.73953989989461, 53.21254419998629], [71.66841660024976, 53.29706169976957], [71.64188649955534, 53.3091648997511], [71.63280750006662, 53.310622900066704], [71.62705619995339, 53.32829200014547], [71.60908419985039, 53.38345900007217], [71.60587659983844, 53.40159109988527], [71.57283189963556, 53.423233799892685], [71.5271975999833, 53.4076061002325], [71.51289010011375, 53.39864550002376], [71.45369080039515, 53.39005339974515], [71.43256829989458, 53.384685000002065], [71.40609980027244, 53.37043900007304], [71.40514999984445, 53.3591370998168], [71.39346090038191, 53.348706200127985], [71.31545870024497, 53.326013800068054], [71.2926515998719, 53.326428999931956], [71.27018760024187, 53.316128899896576], [71.24903740018948, 53.30392540025931], [71.22322809959422, 53.307705999952276], [71.19472829980724, 53.31592579985382], [71.17199450016467, 53.316729899834534], [71.14250220032928, 53.31622930004746], [71.1445227997625, 53.32853849976396], [71.12988449978114, 53.32944720010155], [71.07810260014324, 53.3302018998541], [71.01194670015198, 53.33097819995205], [71.06339510024061, 53.42172009995465], [71.02316379961135, 53.42101700002928], [70.89021379962006, 53.42858290005971], [70.5836548003216, 53.430128100022266], [70.58434319998506, 53.33365620022502], [70.55638430008514, 53.33426940000266], [70.53425009984363, 53.333657400224816], [70.47617410026866, 53.3255964001301], [70.44785370033209, 53.32166500017032], [70.44697920028442, 53.27968039975974], [70.4554978998692, 53.2656053997599], [70.4555085997026, 53.2338225999915], [70.36006569995264, 53.22138749999915], [70.31887139994895, 53.22756979994437], [70.31603669959449, 53.25055949989383], [70.30839099987085, 53.26338919989753], [70.29631760023142, 53.292198399889195], [70.23385260016319, 53.36737189981019], [70.21008950008836, 53.3675335998741], [70.20983259988341, 53.35846750016351], [70.01090400038841, 53.36048209974027], [69.99740440036969, 53.36239719999193], [70.01423340027482, 53.37989599978264], [70.0093703004156, 53.41844840003948], [70.03095260000111, 53.425744499860066], [70.05182529968232, 53.42911830015416], [70.06479219963596, 53.4299065002029], [70.0710748002391, 53.433342599980804], [70.07162250037285, 53.44955980017936], [70.07207499974783, 53.46332129976782], [70.0703089002211, 53.48730750007506], [70.07443420026274, 53.50042230006572], [70.05546900032375, 53.51034899981151], [70.0336149998907, 53.50919659981377], [70.01523840038041, 53.509566200029205], [69.99617389977162, 53.51601969997485], [69.9781842998756, 53.523026899749226], [69.94340299992163, 53.52116510025727], [69.9286586996351, 53.52087649979187], [69.913541399978, 53.524104100141194], [69.87414999988489, 53.529984600133524], [69.87072299983946, 53.51912070009651], [69.83998509962439, 53.5186335999457], [69.84069320024037, 53.632183000220756], [69.80286529993293, 53.632230600210356], [69.8029556003819, 53.668289700145095], [69.68076690006475, 53.66827200026409], [69.68074009972655, 53.677123799894886], [69.65802859986269, 53.6772726997514], [69.65219200022167, 53.67975060017764], [69.64721690020949, 53.68285040015545], [69.64188780019502, 53.679911500063675], [69.63593920040101, 53.67769629999844], [69.59784890040248, 53.67960560012421], [69.54558800019046, 53.67926270004096], [69.54566489957202, 53.64921240006226], [69.48392689977501, 53.64940889983613], [69.47888549960334, 53.635474900244], [69.45684830034452, 53.63516010013594], [69.43930630041189, 53.634915700036885], [69.42764310027725, 53.60274540020202], [69.41868610008895, 53.60285539979771], [69.37951620029041, 53.59843460005188], [69.37985920042203, 53.572615300185525], [69.41014049955464, 53.57220549988443], [69.41084080009904, 53.55122889989727], [69.42785970026196, 53.5508306000832], [69.41838430028946, 53.52761699989907], [69.37424109980421, 53.51949539980218], [69.36807080028973, 53.51640590025421], [69.3443853999954, 53.511433600106976], [69.30541520017607, 53.50725649974092], [69.305777099963, 53.557477699983686], [69.27084399999737, 53.55569679980964], [69.27104670034964, 53.56923620018894], [69.24075809971045, 53.569370200084755], [69.24085159995845, 53.585698100216995], [69.24091100015832, 53.596242300062165], [69.20570650028077, 53.59629770020963], [69.13535400006549, 53.59640849975337], [69.13551659962354, 53.63138759981004], [69.13572990009614, 53.67723150016678], [69.05460020002617, 53.67667999982252], [69.02811289956341, 53.676499900191985], [69.02788019997217, 53.61484439990852], [68.89156030044823, 53.614742699878676], [68.89687640004395, 53.626283800001765], [68.89939079979555, 53.64403949992091], [68.81822759975199, 53.64788149991359], [68.8183758999273, 53.63445790017927], [68.72940939972665, 53.64174820018716], [68.73283769963425, 53.6327064000668], [68.73616380000861, 53.6092654999927], [68.75540740043051, 53.59590470017839], [68.74807849967665, 53.57855030020894], [68.75671089992521, 53.57110740019174], [68.76950319972694, 53.566297100045695], [68.76295790029369, 53.55391879981901], [68.75159230033465, 53.55334309993835], [68.65264490018477, 53.55247519984074], [68.65248509977722, 53.52947070015635], [68.65002559966591, 53.50431779982353], [68.62063819969946, 53.51231080001692], [68.60421359977566, 53.508803499990364], [68.5945512999184, 53.48908279974303], [68.58466349956869, 53.48151890004405], [68.56389780001754, 53.48496819977778], [68.5599455002283, 53.46395269987168], [68.53148610037456, 53.462255600003274], [68.5037933003264, 53.474440600123735], [68.48115159956008, 53.46052800014892], [68.50703540013686, 53.40815760017313], [68.50073440024006, 53.39334759973506], [68.51903410036878, 53.37960600002038], [68.52932240021494, 53.32665959979854], [68.54950869988255, 53.32735930010514], [68.54753179989463, 53.31788730017146], [68.55664470000559, 53.306867999930944], [68.57333270034371, 53.29891499987399], [68.57923189998363, 53.27226040024792], [68.58887280017419, 53.27041860025436], [68.59584890017663, 53.2692924999852], [68.60425290017099, 53.270302800153125], [68.6178254999847, 53.27227520022786], [68.628097400187, 53.27376799980194], [68.63735609956352, 53.27509540002116], [68.6461597995537, 53.275206700181606], [68.65957930039177, 53.27447610004741], [68.67605310014535, 53.27105560023093], [68.6849669003517, 53.269621199873264], [68.70259609974897, 53.26702760019751], [68.69711359982333, 53.21493609973763], [68.72784080020507, 53.206880599993745], [68.72604700022828, 53.19658999979993], [68.75207880004474, 53.19553059980085], [68.74267169988158, 53.12549870020135], [68.70231249981715, 53.11487890008044], [68.71667400011337, 53.10757769978484], [68.7267920997559, 53.10010569982402], [68.7368974999152, 53.09414780025252], [68.78420360024387, 53.09121270023426], [68.77341509958285, 53.07723789973087], [68.74321819986616, 53.033637700187], [68.70119879996896, 53.0077031998459], [68.67144670016687, 52.996252900097836], [68.6646869998247, 52.99365100018183], [68.62848400005097, 52.98295170003394], [68.62101200036729, 52.97047420020669], [68.63963920019744, 52.938395500121295], [68.66597760041026, 52.870062799812864], [68.65516990005676, 52.86980630024427], [68.64031460034046, 52.86322129980689], [68.64688200012635, 52.85703209979253], [68.68784000009117, 52.827708299762605], [68.68361260022935, 52.81235209976246], [68.67689100013335, 52.79503309985842], [68.6577237996297, 52.791609799838184], [68.63172660022305, 52.80095920017936], [68.59495910002313, 52.78390129993377], [68.57373960033652, 52.782140900001316], [68.5629941002316, 52.78225509981598], [68.56131230040779, 52.77351149992985], [68.55556619974347, 52.76689879995282], [68.53906910038631, 52.73763449979479], [68.50357159970757, 52.73841329985683], [68.49528839976269, 52.755853299911976], [68.48397919963048, 52.750746100065456], [68.4559381002888, 52.73593749977676], [68.42013890042173, 52.72079190014816], [68.40279189958449, 52.71634640026709], [68.41185319956715, 52.70829630024254], [68.39326359962155, 52.656126800077494], [68.36104810012142, 52.65705219984745], [68.34107299976702, 52.615345900187855], [68.33812169988536, 52.60566000014419], [68.22869879996733, 52.60677970009741], [68.16133900029016, 52.593837200100886], [68.15695920034202, 52.57617729998921], [68.15296440035841, 52.56739159997859], [68.14971270025251, 52.5602388999025], [68.14000989985074, 52.54515740005507], [67.99038880042501, 52.54426259988584], [67.99011410010267, 52.53520940007144], [67.99169109977046, 52.52652540007377], [67.9936807998528, 52.506781899900055], [67.99604970037619, 52.483262999891735], [68.03912610025756, 52.48353650014658], [68.05103829991411, 52.46085959995707], [67.99528830001945, 52.401827500121165], [68.00032630006787, 52.37951700027193], [67.96887139962722, 52.36267639981594], [67.98456460022986, 52.35474490018807], [67.97901029976018, 52.35158769989295], [67.96954890003133, 52.35125350009005], [67.91389599993408, 52.37663819984647], [67.88070690004085, 52.336999800261324], [67.90332130010735, 52.32679130027447], [67.86010660009643, 52.27377520019188], [67.80590690014273, 52.305164299982096], [67.73336409975393, 52.34692559981554], [67.6950520003218, 52.359481799883184], [67.5957040000643, 52.37273200010178], [67.57160060019346, 52.39517990020015], [67.5379326003375, 52.42651619987695], [67.4737058997925, 52.42699600010215], [67.42870399972716, 52.4273321997783], [67.29905489967157, 52.42808379999602], [67.2968662002959, 52.315368799835824], [67.29718129965312, 52.20696040017514], [67.1743062999336, 52.23895090006146], [67.13818680036218, 52.247301500081605], [67.09997179982918, 52.256976900142405], [67.05723849979249, 52.24364960008445], [67.02470509998811, 52.24434689989245], [67.00393450012707, 52.24687529995038], [66.98544090044088, 52.25070270001486], [66.95554240040029, 52.24767059973046], [66.93136150017503, 52.244641200225075], [66.9123776000068, 52.24331770023033], [66.82861650000935, 52.2605123998845], [66.78097590030654, 52.28121050021329], [66.62364520039772, 52.27348119976793], [66.5420402996273, 52.28179829984838], [66.54218199988023, 52.290088699953166], [66.54919699962946, 52.296253399837866], [66.55550329958642, 52.301213400255314], [66.56280169984149, 52.301921999925355], [66.54120699991186, 52.36862210011538], [66.49064289959225, 52.37532950007365], [66.4423906998946, 52.36579549990298], [66.38846929981246, 52.36194440012433], [66.35487029955344, 52.3599826001744], [66.3153028997332, 52.35042260013429], [66.23998579991311, 52.33221919995677], [66.07819800002596, 52.45167549986035], [66.05991589969031, 52.44795720024247], [66.04223980015033, 52.44341130023317], [66.00679349984948, 52.43434700024616], [66.02084600034915, 52.74223310020116], [66.01859389967734, 52.75178690020235], [66.01877009972873, 52.760916399858324], [66.12868010032983, 52.76440090025323], [66.12539610039957, 52.8287773000422], [66.11838090032606, 52.89354800013923], [66.30790660018015, 52.88625209989515], [66.32135760044375, 52.96993619980229], [66.19548200040148, 52.974602800096434], [66.10853799957083, 52.9786339997613], [66.07070510013888, 52.98158999987561], [66.05902659989836, 53.01982429990157], [66.05318169982411, 53.04789839997344], [66.05050850038819, 53.060724800112304], [66.206925200428, 53.09343190018757], [66.20022139955107, 53.11092509990414], [66.40213940007217, 53.08951429977925], [66.4004241999878, 53.154863400108546], [66.25720250011842, 53.19372729974689], [66.25728309966071, 53.23973779998334], [66.25743919990761, 53.33165729973528], [66.25050110043826, 53.3389447998036], [66.24926570042867, 53.503391599876366], [66.11090310022051, 53.50271369989887], [66.10532119991204, 53.60587849992082], [66.10859130020988, 53.61945099993996], [66.13056669986872, 53.64409829982109], [66.15923579974742, 53.67111200025676], [66.17370620011053, 53.67087540006297], [66.17926049968197, 53.80557510024863], [66.09167259993033, 53.805055500257474], [66.04750729999087, 53.80323899999536], [66.03835360019633, 53.8552150998757], [66.03296820006804, 53.89847729996324], [66.02533339960372, 53.93266820003765], [66.00213399955618, 53.92756010013185], [65.99672059983874, 53.93646470002032], [65.97715620024908, 53.96889659977817], [65.96311469962, 53.999050900158096], [66.14982500032197, 54.075230900075354], [66.30025519974768, 54.09924380014026], [66.31772840040765, 54.10201910012612], [66.26681349988476, 54.18328929973928], [66.19110119973011, 54.18343099998976], [66.03168159968044, 54.25145669999308], [66.0599543996867, 54.25571880009731], [66.08508849956507, 54.25847069994672], [66.176894799856, 54.29346079988131], [66.08489809984395, 54.41926640002198], [66.10702519980143, 54.44387520000814], [66.09172589967109, 54.45671130004265], [66.07383199999724, 54.46963870009302], [66.0822964997294, 54.47174629979883], [66.09527739992669, 54.48070309974063], [66.10991250010895, 54.4894601001548], [66.10366100007927, 54.50080920022744], [66.07887319984468, 54.571267000071366], [66.07958239999854, 54.588127799863756], [66.07744289955434, 54.60465010000867], [66.07541299986305, 54.64049270022063], [66.35151269975364, 54.69753329997264], [66.38172099998965, 54.70372399984762], [66.65407689996675, 54.74389439988593], [66.67912330001884, 54.74253959998037], [66.70200530012363, 54.7368522998716], [66.73780199997923, 54.74355069997924], [66.7561139998408, 54.7539050997703], [66.78219530042267, 54.76864809989448], [66.87525989967817, 54.779702100105865], [66.9324660003764, 54.78539429993379], [66.94283010006623, 54.78637179993992], [66.99400800035491, 54.78960489986247], [67.04351479975476, 54.77715279999074], [67.06935520002519, 54.791537199865985], [67.07475180034847, 54.80327600008559], [67.10067810022132, 54.813036199789366], [67.1263361002683, 54.80715010013396], [67.22033950008107, 54.813943500199734], [67.23894600003217, 54.81862169991991], [67.28195780026478, 54.825626400158924], [67.28970939968238, 54.86237599996284], [67.31101250018264, 54.867812699894], [67.33235120001922, 54.87325780003049], [67.34516440002429, 54.86756409999832], [67.35298279996306, 54.86408949991909], [67.39825309956723, 54.85540089976883], [67.4610919003033, 54.8641235001824], [67.47610150004273, 54.85835289995241], [67.49495210010431, 54.86096349977583], [67.51668869971286, 54.8619159997636], [67.53162860006763, 54.8574913997502], [67.56283339965165, 54.8443767998399], [67.64278739994913, 54.86515460006251], [67.69131119988309, 54.863117000115416], [67.69773239975477, 54.870637199910654], [67.71818820029583, 54.87482530017342], [67.7735639000594, 54.88595259978376], [67.7983903997164, 54.92544030018386], [67.80107260027151, 54.94086580015331], [67.81373229975415, 54.96208900020592], [67.81927410016667, 54.97137589975588], [67.91061940032512, 54.9836688998516], [67.95597030036993, 54.971391899958114], [68.03226830029313, 54.950457199902296], [68.05946049977618, 54.95284469998692], [68.10339129990066, 54.95667279991821], [68.20617200001404, 54.96596250011428], [68.23474289965915, 54.968958699794506], [68.23373969977747, 54.977236499804626], [68.21631069982264, 54.9830009001268], [68.19670919981176, 54.99018169977339], [68.20365339974018, 54.99683039989976], [68.21824140035379, 55.00450490012288], [68.237811300328, 55.01480769993005], [68.23758600015977, 55.05409830023005], [68.2616362000028, 55.05977780024627], [68.3121030999137, 55.066846699841065], [68.31593869956443, 55.07202530016939], [68.29525349984249, 55.081308999752714], [68.28734640025259, 55.07974299994166], [68.27127189984616, 55.084924599859946], [68.25615759966374, 55.100428599800715], [68.25615759966374, 55.11749289977908], [68.24021860023649, 55.11279549976158], [68.18950469955502, 55.15143979980301], [68.2186656998153, 55.154756300109554], [68.20976349955428, 55.177608699865594], [68.1769787996424, 55.17764850008117], [68.17714779969678, 55.19879320023738], [68.23962990009485, 55.187149599957806], [68.26564019963324, 55.19813999985325], [68.2819000997379, 55.2051202999105], [68.30420140009701, 55.203530799891155], [68.317918200175, 55.186169599942104], [68.33350180002476, 55.18030119989384], [68.35354330025177, 55.180953599794925], [68.35880380041958, 55.206462900008994], [68.38038950012836, 55.204156800033694], [68.44464179996397, 55.1964954000512], [68.49232610001044, 55.200291800119004], [68.52224890037772, 55.20505529978847], [68.55874029978183, 55.20906670000572], [68.55667769961757, 55.215232300072984], [68.59497959957791, 55.219408000224156], [68.59980629970175, 55.200833700084075], [68.61979540029989, 55.19821300021494], [68.635671399978, 55.203931800141845], [68.65782919986033, 55.23573460003656], [68.63638759980458, 55.242261599786], [68.63511619980987, 55.265378600043626], [68.67442499981262, 55.27728439981376], [68.6934139997168, 55.287019500121346], [68.70996589989946, 55.307404899764926], [68.70255770036387, 55.31509229974682], [68.70260060030853, 55.325726499893435], [68.72236309997795, 55.32563489979976], [68.72236309997795, 55.34000530022332], [68.70871600018285, 55.34805380011282], [68.74865409968648, 55.378842300153224], [68.79000000027587, 55.367800000095954], [68.81396590041598, 55.36138600009014], [68.85148989976446, 55.34261810010116], [68.8650298000035, 55.3411414997701], [68.87994290002013, 55.33647369994515], [68.89645459969556, 55.33181140014751], [68.92896289967263, 55.31848980009686], [68.95622490004986, 55.32736220014057], [68.98115869987427, 55.28538460010304], [69.00116799998987, 55.2884638997755], [69.00085689993229, 55.32922990008048], [68.99245079967677, 55.331753500182096], [68.98607249974975, 55.335271600198205], [68.9836692997523, 55.36576509985457], [68.91588449992763, 55.36533220021435], [68.92111479963394, 55.40603740021344], [68.92547609967708, 55.40979559982267], [68.93268580028098, 55.44202709985588], [68.98110780043199, 55.442170100021684], [68.98015019993234, 55.42484309977467]]]}, "properties": {"ADM0_EN": "KAZ", "ADM0_PCODE": "Kazakhstan", "ADM1_EN": "North Kazakhstan Region", "ADM1_PCODE": "KAZ015"}}, {"type": "Feature", "geometry": {"type": "Polygon", "coordinates": [[[76.78072450019202, 54.37765239976121], [76.78807819983766, 54.36003899991486], [76.82074850019643, 54.368105599817646], [76.86020130013921, 54.36114439978924], [76.87716140017696, 54.3080435999187], [76.87051129968931, 54.29760099978815], [76.86477350035655, 54.286170499952235], [76.82871080036222, 54.274150500087785], [76.83545630013636, 54.26267859994146], [76.83263479962679, 54.248645099827975], [76.8278407002629, 54.224883699881836], [76.81095739989378, 54.21714489997136], [76.78956100036812, 54.19945109997236], [76.77010719955958, 54.19057210001042], [76.74936969992189, 54.18302920014623], [76.75646579957491, 54.1618259997417], [76.69534599969522, 54.1469984998065], [76.67135890021271, 54.13265630002658], [76.64502019996256, 54.12444760014271], [76.63361690040597, 54.137032799749], [76.61659689980682, 54.153284300248316], [76.61628019965175, 54.162004899979834], [76.58268150032828, 54.14879330017164], [76.44043999987623, 54.16733059999497], [76.43491499975612, 54.12257240015343], [76.49828450000926, 54.07125109986884], [76.50409969998356, 54.03178610018856], [76.5293864999854, 54.017187100003554], [76.5348332999634, 54.006008499945565], [76.53783129966335, 53.99985260024397], [76.58278390018589, 53.97637370014179], [76.61877710022165, 53.95756469976158], [76.68708689975276, 53.92215920007704], [76.76522640019436, 53.88203829998476], [76.8290166003597, 53.84946070016733], [76.89284980018267, 53.8176902998141], [76.99962169983206, 53.764635100189764], [77.01663129973683, 53.756264900099765], [77.03241850005081, 53.74850950008951], [77.0855628996329, 53.72201189973881], [77.09262909976013, 53.718846699836746], [77.16622410043446, 53.68205690012406], [77.23971879971582, 53.64579459994703], [77.33912789978567, 53.59493180010898], [77.41528480042889, 53.554856899882715], [77.42547689969133, 53.54948459984524], [77.4960428998052, 53.51177479984373], [77.52997670037401, 53.49348030001025], [77.56261419964848, 53.475833499876714], [77.57798389984931, 53.467404399833555], [77.62240929979282, 53.443290000200534], [77.70528700013308, 53.39955219973337], [77.8386834996516, 53.327907099833304], [77.90650609968503, 53.2914099998921], [77.92043050042527, 53.275617999777715], [77.94086340021475, 53.2526337000669], [77.98376799999296, 53.2056534002114], [77.9977583999571, 53.19059470011192], [78.02557829993987, 53.16102109982687], [78.13484069966272, 53.052093899775585], [78.16184079981211, 53.02624049989317], [78.18630960020451, 53.00266309997727], [78.21208829968967, 52.97784729985542], [78.26697570041758, 52.92381610019339], [78.32253630041606, 52.86639990001492], [78.37819750004823, 52.80753180020884], [78.40284700015327, 52.781280199860255], [78.44989840025107, 52.73014909993641], [78.48266419960943, 52.69397150014862], [78.5137432997324, 52.65939269985801], [78.53600260025864, 52.63457029986427], [78.62523969997231, 52.5335091997317], [78.68977899986314, 52.460088799726954], [78.71736379995625, 52.42892300013376], [78.76398540020811, 52.377661400267115], [78.8001814003091, 52.33820880005779], [78.82112679974804, 52.315506800226], [78.87294169989623, 52.259788599898535], [78.90294079957052, 52.227636900238615], [78.97481870022366, 52.150502799995905], [78.98237200013561, 52.14265020001144], [79.11304229961631, 52.0031661999321], [79.18737169998494, 51.923294999929645], [79.19832199980493, 51.90859560001595], [79.20822469961197, 51.89529830019728], [79.25672480019207, 51.83000559994941], [79.28079840024992, 51.79752879976202], [79.34714020030108, 51.7090085001936], [79.33253010023313, 51.707195100020904], [79.31961890031872, 51.70610320006283], [79.30350550016557, 51.704461900096135], [79.27369150015213, 51.70247500012222], [79.25502539967692, 51.69971390027525], [79.24802620039523, 51.69215339989723], [79.25919180033776, 51.688439800275354], [79.24143559982052, 51.684854300001504], [79.23229289989668, 51.68211870005385], [79.23082209996008, 51.67096249988204], [79.23755080034007, 51.66634610007143], [79.2461990998709, 51.661744399776765], [79.24853569967159, 51.65182759977769], [79.24564979983757, 51.64585469975786], [79.23048400013822, 51.63586300012144], [79.2204959999051, 51.629901899861146], [79.20238840000832, 51.619092699764884], [79.15045320017215, 51.60606650017676], [79.13428829960374, 51.60129360003532], [79.11063969969341, 51.59360930018491], [79.06153510030067, 51.586820900273146], [79.10134949999312, 51.5254022002756], [79.081995699642, 51.51128889998671], [79.02902139965217, 51.479437300147914], [79.001466199946, 51.45910429972916], [78.98336660044512, 51.44925830022611], [78.95284970016294, 51.45357040022895], [78.91922879987557, 51.45785769987201], [78.8416297995708, 51.45394139999797], [78.8377725002161, 51.47561049994697], [78.8558945001069, 51.485182700241346], [78.84788649994766, 51.49019920020016], [78.83322210031409, 51.49121240018953], [78.82457090012316, 51.4937644998744], [78.80860719972047, 51.49562569984366], [78.78342519987463, 51.49575140020574], [78.73634550015039, 51.49607440009715], [78.70821839969663, 51.495329800206534], [78.67977149990014, 51.49618499973064], [78.67146109986679, 51.491063499978516], [78.68013130032426, 51.47006880027923], [78.70342370025818, 51.46588490000052], [78.72078649976643, 51.4655690001193], [78.74025279973378, 51.46765400021044], [78.7474579997781, 51.381430500210186], [78.78995270008882, 51.382534399740074], [78.78329360027875, 51.373346899927846], [78.78476570007754, 51.29883220000185], [78.76347300027174, 51.30092130017146], [78.72861989977378, 51.30723839972877], [78.7187995997328, 51.3098030999812], [78.69966870014976, 51.31173030017694], [78.69693039980517, 51.301602400278135], [78.69585820032644, 51.2934481997766], [78.68823539955764, 51.29581790006404], [78.67307589974342, 51.29401810022566], [78.64150110026351, 51.29174679989671], [78.63206069955285, 51.27336019998387], [78.5724538000538, 51.24949899995021], [78.54217870019494, 51.237727300241914], [78.51372160002838, 51.231169599892446], [78.48383919959429, 51.229947599996585], [78.450607600405, 51.22411470025632], [78.43060319970093, 51.22342379983102], [78.4196628999266, 51.22133020000269], [78.39064829990484, 51.21888539988625], [78.37582979967408, 51.22660960015524], [78.34014970024413, 51.24476129998176], [78.3243877003688, 51.23390579987037], [78.31024629989365, 51.211491699856005], [78.28631370030112, 51.20033589998285], [78.26198190017614, 51.19259809999565], [78.24427780014878, 51.188789799763605], [78.21222860036735, 51.18651579988042], [78.19374110024192, 51.18563130006095], [78.17450789961603, 51.17869320028097], [78.15548710024919, 51.17222319973905], [78.11909779976695, 51.15496569975097], [78.11322219976792, 51.148607199934105], [78.09975319996104, 51.14889820012053], [78.08912150023292, 51.148104199860924], [78.07550339985175, 51.147384099781554], [78.06878950011442, 51.142135600026414], [78.06379069985016, 51.127230199899145], [78.06913280028341, 51.109168000026656], [78.07428269987345, 51.10140750022924], [78.07393939970447, 51.09019559975241], [78.07977579991949, 51.07984380001818], [78.08998179971256, 51.07262089999955], [78.09862920002976, 51.07251299985529], [78.1131774995994, 51.072890500247475], [78.12043019986103, 51.07104339992726], [78.12937800040255, 51.06637799987747], [78.13454929965926, 51.05894750021985], [78.13304730033454, 51.05031530010663], [78.12566590023877, 51.03768769991086], [78.12450720018474, 51.02979380012595], [78.12937800040255, 51.02637939975596], [78.1454497995749, 51.02532670019128], [78.1599176002136, 51.02650540002165], [78.17199819985001, 51.025979099859335], [78.18066710044523, 51.02321229993257], [78.18834899957997, 51.015572399999726], [78.19107410007976, 51.00824169972198], [78.19422840035094, 51.00139600004497], [78.19474340001175, 50.991740100004], [78.19620250029008, 50.98132569994438], [78.20179520014493, 50.96489630013216], [78.2076530997396, 50.960787900131386], [78.2213431003778, 50.95703050025557], [78.22877789992732, 50.95371040001678], [78.2421675003412, 50.93835229991289], [78.2452574003897, 50.92342199989835], [78.2493772997598, 50.91389870015782], [78.26139359978475, 50.90220839974138], [78.26929000043961, 50.88726640001815], [78.27821640041611, 50.88250129997455], [78.29126269976274, 50.88250129997455], [78.31598190015066, 50.883367699761784], [78.33623790010115, 50.88011860005635], [78.34962749961674, 50.871886399860124], [78.35821060032258, 50.859752099923625], [78.36542039974115, 50.85368370004163], [78.38807970030054, 50.85303349985008], [78.40043929959619, 50.84848170007922], [78.41430759964858, 50.84097079976964], [78.42460720030095, 50.84227159998854], [78.4358014996202, 50.84327900026675], [78.45090769969364, 50.841761500158476], [78.46253779960495, 50.837100100138926], [78.46738720015603, 50.83048670013933], [78.4649840001585, 50.819209199968306], [78.46738720015603, 50.812484800023505], [78.4721937995771, 50.805759400069036], [78.47937889981694, 50.79976689979315], [78.47754370008201, 50.79349360005088], [78.46989229964949, 50.78324019989677], [78.45442609972591, 50.77062889989911], [78.45777229990476, 50.759735399963134], [78.4573328000503, 50.74253600026561], [78.47275010018139, 50.72391209992276], [78.5204197001965, 50.683787299812366], [78.60536010041409, 50.68543940005242], [78.64869139995227, 50.69010629981253], [78.66424420016415, 50.692430099781426], [78.68290130041859, 50.695217600073065], [78.68812720017664, 50.698210299992695], [78.7121904004384, 50.70786469977963], [78.7189747002463, 50.70149070012542], [78.70234929990704, 50.67126450003699], [78.69631330032406, 50.6602856997527], [78.70079300011832, 50.65199359995272], [78.70986710019554, 50.63519260003912], [78.69498660004055, 50.59397959978041], [78.70485359989986, 50.47282430005855], [78.78002229983164, 50.45060129994591], [78.7887470998921, 50.42224029991482], [78.81980980037125, 50.32104849980433], [78.76155919974605, 50.2662308997179], [78.70994840042366, 50.19637259975213], [78.65211469983697, 50.13172680026299], [78.64474009998794, 50.12347730024982], [78.61342610029965, 50.08843240002049], [78.50291120023738, 50.04496040020122], [78.4143216996053, 50.03774460001214], [78.16042099992916, 50.09166420004984], [78.11968640019565, 50.10030910021025], [78.03021340019342, 50.1263004002291], [77.80306000037272, 50.19222349992101], [77.75559300009857, 50.23526690018938], [77.69717019961995, 50.221852700147664], [77.60031719999543, 50.27831399980726], [77.64339049979077, 50.36117219990566], [77.6459056999413, 50.46462009976595], [77.59348769965744, 50.487728199764284], [77.56676210040432, 50.49950560010902], [77.49367990031497, 50.53169649983523], [77.45045009962413, 50.550727799976215], [77.37847679968435, 50.548063000137965], [77.25312690003463, 50.56719799985298], [77.07699299967018, 50.667503700035795], [77.06173679980893, 50.659695500120115], [77.0108702996152, 50.65475899985134], [76.98638539961628, 50.6564544002172], [76.84538700043079, 50.63980769972569], [76.78147899969072, 50.59136189986776], [76.7419519000908, 50.49533209986796], [76.65060199965977, 50.27265190012545], [76.60449639979197, 50.29885180005597], [76.52603830015678, 50.33050829983136], [76.46723209961314, 50.32768099976456], [76.37128719972283, 50.32661480019947], [76.32976340036784, 50.32867339983466], [76.31997679972648, 50.328601200041234], [76.32637509974491, 50.31481680020671], [76.31009229978706, 50.31194480012375], [76.30220650015082, 50.31069309995695], [76.2725270003934, 50.304784200155424], [76.26604640032183, 50.287580199856976], [76.2668493998627, 50.26290249994347], [76.22296290015647, 50.23571570018487], [76.21616469981791, 50.21274090013347], [76.10660509966978, 50.25771820002162], [76.03666180003272, 50.257211599792605], [76.02159150023127, 50.25126990027442], [75.9926236000278, 50.247834999897975], [75.97822880008238, 50.24318939998311], [75.96829709996295, 50.23814280021532], [75.9290787998352, 50.22105280002228], [75.91213709998951, 50.220301999946024], [75.85688899962385, 50.2082437998403], [75.84785619959183, 50.20405529975116], [75.81658220008656, 50.203504899956926], [75.79419569991263, 50.20432470015135], [75.7763873998039, 50.20333099981162], [75.77030380029066, 50.20936720011183], [75.75539880038296, 50.221673599765126], [75.73434199996736, 50.2225045000836], [75.72707350013657, 50.23390919982368], [75.70468649960105, 50.234237400273344], [75.69654099971113, 50.23162749979929], [75.68921689955407, 50.22271699990862], [75.67264539992851, 50.22008099988597], [75.64199900031164, 50.18923469999485], [75.59080639999168, 50.18153839991658], [75.57025300018996, 50.18089019998976], [75.51015789957167, 50.18257159994794], [75.44124939985304, 50.18759910012819], [75.39204850016365, 50.180735999822105], [75.34989730034623, 50.17462120018177], [75.32948240010005, 50.172795199746865], [75.24892860007728, 50.136745599918235], [75.07818819995009, 50.06024559998565], [75.0624499003269, 50.04905040020928], [75.01242940023008, 50.02959950015832], [75.0099236000507, 50.022640599798734], [74.94496339992341, 50.01343610010442], [74.93069590023687, 50.02419440011632], [74.91257830029433, 50.03799440017386], [74.87283899975967, 50.040374599899216], [74.8450606998594, 50.0406922999937], [74.83778199965849, 50.05267459984855], [74.83029629976839, 50.06394199998254], [74.81805739991093, 50.0810536001327], [74.81324990037793, 50.09188299990503], [74.80331070022427, 50.1067636999504], [74.81226560015149, 50.11171410018525], [74.82168310011062, 50.11618390005753], [74.84106909967478, 50.11947630019259], [74.8459100003667, 50.12370169980754], [74.86527300036461, 50.134433700229685], [74.87089100037112, 50.14038379984337], [74.87586509966003, 50.14507789984997], [74.88312449955704, 50.151201999820636], [74.88822559996589, 50.15641950020445], [74.8994662002515, 50.16425589972586], [74.91888439992701, 50.17452810026687], [74.93632349964048, 50.18441619999322], [74.98386249988461, 50.18830350007516], [74.99957379974359, 50.20058899974385], [75.06705880031686, 50.21335550011157], [75.07098040018128, 50.20548689976097], [75.11625530005806, 50.21806500020593], [75.10920400028647, 50.225157100227015], [75.12120709956838, 50.22976119985853], [75.1304663002048, 50.23152669992029], [75.13984270044311, 50.2548244002502], [75.09697289960236, 50.276386700032994], [75.03886219990454, 50.29427829997871], [75.01866000005641, 50.30272349971892], [74.99164619970061, 50.319943899785656], [74.97230300036819, 50.32987490012091], [74.9597405003959, 50.346739899815745], [74.97323219973173, 50.3517318998619], [74.97159589957714, 50.36231780009853], [74.96648669995766, 50.373059699942125], [74.96765769974455, 50.38909870013416], [74.96611609998713, 50.41196959974572], [74.95531899975401, 50.42829669977788], [74.93911500001282, 50.44550420009843], [74.91414230044164, 50.467831499859386], [74.89272610025056, 50.461166899796346], [74.87125839964423, 50.4544300000596], [74.82652110014247, 50.482736599819326], [74.75846979981749, 50.54575049991052], [74.7252724003893, 50.52860149973483], [74.72825769970778, 50.522163999885876], [74.72295709964402, 50.51321930021665], [74.70896319984352, 50.480385200255455], [74.67776229984618, 50.47890600022624], [74.64509219981177, 50.466445899747846], [74.63211599960005, 50.488777600279036], [74.61002639981405, 50.507856900038774], [74.60077609968548, 50.51584439989774], [74.596815200324, 50.554614299961024], [74.6275724996577, 50.58895849990146], [74.62782999993729, 50.607493700171254], [74.61315329967246, 50.61232830011444], [74.60598129956442, 50.61534180006716], [74.5809941999992, 50.62866380010797], [74.56923399978022, 50.629331900052584], [74.55548119971725, 50.63218090019956], [74.52671609957899, 50.63612509972891], [74.51805460020343, 50.638363899740085], [74.48115199967295, 50.64512579976238], [74.47153109957387, 50.64957869982047], [74.45023059969643, 50.66332619987237], [74.40002580033759, 50.66229399988928], [74.36815719965759, 50.63711649987479], [74.3180234004438, 50.62466720011458], [74.30323949972465, 50.619487099970925], [74.28666709998717, 50.61685279983781], [74.24349849972003, 50.62035159977148], [74.11180850010238, 50.61520720011805], [74.05791779994507, 50.612313000272], [74.03810879988335, 50.61182120003304], [74.02219729968357, 50.610215800247516], [73.99396650040833, 50.61075560019933], [73.9641217995718, 50.625952000080275], [73.89419970017546, 50.664421499990766], [73.88077469985119, 50.6977136997336], [73.92282960027013, 50.73225579999895], [73.94420700042748, 50.74931149988389], [73.93557520025348, 50.760599100033836], [73.92120589988566, 50.77965010007961], [73.99356850002512, 50.83255139972345], [74.00134939979228, 50.83419380005281], [74.00768659999841, 50.83669670021085], [74.02686529983602, 50.83870390019876], [74.03625040025786, 50.84386059973204], [74.0448100001375, 50.8420456998013], [74.05602780028285, 50.84346680024473], [74.0618997001213, 50.840305099792175], [74.05934569993701, 50.84736179977426], [74.05367669987685, 50.85283959988254], [74.06257570033883, 50.85825079993971], [74.06607320016775, 50.86443310016112], [74.05764019986108, 50.86463589994196], [74.05062339988802, 50.86704209998417], [74.05660049963267, 50.87307240003791], [74.06833219990094, 50.87481280005866], [74.06215209976664, 50.883845699994005], [74.05579829959235, 50.891082200101124], [74.05675990028996, 50.90145879976332], [74.05008250000094, 50.903566999751355], [74.06345470004776, 50.914686399859626], [74.05907909972359, 50.92019750014641], [74.06645040006063, 50.9177307998812], [74.07788700016472, 50.91601050007166], [74.0849536000422, 50.920695300041935], [74.08009450038101, 50.926943700030506], [74.08448599998735, 50.93065720010189], [74.08826649967347, 50.93848100004763], [74.09488759984875, 50.94336350017003], [74.09117049966213, 50.95229009984787], [74.07306060007821, 50.95305040006652], [74.0738857996847, 50.96039230006327], [74.06600960034393, 50.96131629974458], [74.05879449996684, 50.95812729996598], [74.05468929972974, 50.94967569987195], [74.05425319999867, 50.94154180027113], [74.04602449994375, 50.93940949976577], [74.04052299975152, 50.94197279989796], [74.03329279959284, 50.94644389980323], [74.02290339975133, 50.94178009971958], [74.01546929998949, 50.94415719997363], [74.00429809994945, 50.94930270018836], [73.99620040031415, 50.950574399968275], [73.99029429981627, 50.95274800023428], [74.00329670029156, 50.970557600140005], [74.0091059004181, 50.97582339988746], [74.01652810019745, 50.9914515998241], [74.01963409985241, 51.000347399954975], [74.02718720033835, 51.00185979988289], [74.01808909997166, 51.003912199989884], [74.01911910019162, 51.01136509990474], [74.0127675997045, 51.01525300021647], [74.00092300006966, 51.02626710002908], [73.9997213003579, 51.03565949975665], [74.00057969990068, 51.044942000057944], [74.04864480028762, 51.09844200019698], [74.04401000007137, 51.10458630002916], [74.0458983001211, 51.11794979978755], [74.03716630006365, 51.12158750004843], [74.021224099939, 51.13570489980836], [74.01620079992199, 51.1442345998365], [74.0163744999619, 51.152166299956654], [74.0111578995637, 51.15910370000837], [74.00404959989072, 51.16274350007955], [73.99978890037968, 51.16924059998838], [74.00016909974723, 51.17795109972137], [74.00634130009692, 51.184796100089194], [74.00986299964123, 51.18999289981619], [74.01494560014515, 51.19662220010917], [74.02244370037943, 51.198353299957155], [74.03049530027097, 51.19999949976852], [73.98685680026188, 51.211105199975016], [73.82767100023953, 51.24515180006054], [73.67106800038958, 51.27862150010746], [73.68563600001342, 51.287392200104975], [73.6885699004263, 51.30081110020126], [73.69052289983775, 51.3107380001144], [73.69865299990869, 51.31982809998556], [73.70094669976464, 51.339157900073054], [73.718614799807, 51.34648949976316], [73.73169029979029, 51.36087089984515], [73.78326940026122, 51.374662700270946], [73.7974686001384, 51.381535999880235], [73.80307359972606, 51.39013430011719], [73.81433489989077, 51.39406720009047], [73.81839519963499, 51.40461050011648], [73.80870460015137, 51.41089499988442], [73.8041446996669, 51.42422709977559], [73.81195220034631, 51.42684890024135], [73.81118170005576, 51.438873499902975], [73.98559360008909, 51.501284299891104], [74.04703320021, 51.509150699868876], [74.07821799970255, 51.5086628001417], [74.13426990000801, 51.51289389974958], [74.16285570000878, 51.53014600003383], [74.26003789984554, 51.52349390002587], [74.25350730044356, 51.5392966999917], [74.25067190030161, 51.5618401998413], [74.16980950023262, 51.578060799857425], [74.09935979960865, 51.59465220020558], [74.06543280018487, 51.59505759991905], [74.03692990031178, 51.59892429999375], [74.0199413003234, 51.61943119981486], [74.00782960011352, 51.64205129980806], [73.90083729970748, 51.62882660017479], [73.79199770015802, 51.625180100078595], [73.77785950038017, 51.62743080002111], [73.78354020009854, 51.6329704997689], [73.78266690020016, 51.64081660021616], [73.78739299979195, 51.64652569990402], [73.79034339956168, 51.65306939981441], [73.79670559988212, 51.65601810023782], [73.80319650003675, 51.660078099936904], [73.80488100019627, 51.66723199992852], [73.80108300043015, 51.67267490003296], [73.79522500022412, 51.67564229974782], [73.79332600034107, 51.68192239978091], [73.78991419979029, 51.68749659978267], [73.7907082000087, 51.6956437000091], [73.78919540023928, 51.70289339988256], [73.79033269972831, 51.709947599778346], [73.79366929961168, 51.71667489994588], [73.79228530028777, 51.725075999940636], [73.79629790038875, 51.731003700202294], [73.7987332995993, 51.737933800051266], [73.80061089981574, 51.74537439983192], [73.79805739999306, 51.75234889992107], [73.80482729980692, 51.75569620023015], [73.80963380041327, 51.75986680017723], [73.81391459972885, 51.76632770022648], [73.8137643996167, 51.774520399937586], [73.81527179961296, 51.78132110016203], [73.8161570003922, 51.78845920014254], [73.82190229975932, 51.79083500013255], [73.81939709965455, 51.79639409980472], [73.81159719962079, 51.795451900226126], [73.80932810012884, 51.8017916001155], [73.81313679972835, 51.806382500045395], [73.81883380027583, 51.80915539982519], [73.8230609998134, 51.8135696998059], [73.83655879960834, 51.80627920010267], [73.85558140009734, 51.81966829972639], [73.9050376998052, 51.84952309976667], [73.93216640007573, 51.87666539984866], [73.96907250044255, 51.892988399775966], [74.02752410001091, 51.891639200016016], [74.03020490009249, 51.93210270025063], [74.00038379979509, 51.93211720015319], [74.00035339990758, 52.31870130026836], [74.00036920037509, 52.452679199935865], [74.0003955003517, 52.54352349991094], [73.92153739978501, 52.54373559977774], [73.92187979984207, 52.59283290021158], [73.92211660024256, 52.62642590024998], [73.74656829993378, 52.62695740017875], [73.69023420017005, 52.67424190004749], [73.66883399987243, 52.69219090005075], [73.69295179973719, 52.69334469979483], [73.70172009981694, 52.70042319992494], [73.71149520022608, 52.71198179998142], [73.7207051004214, 52.710507600108144], [73.72740270022797, 52.71208029973494], [73.7401888995706, 52.706734500134004], [73.74576989976713, 52.70195139982588], [73.77364919994974, 52.698085300258626], [73.80383569987042, 52.69355959977368], [73.81293609992416, 52.678963500089104], [73.85155400025202, 52.6534902998085], [73.921992700107, 52.65255429982527], [73.91810870012716, 52.76143780000592], [73.98618540031681, 52.762344099735124], [73.983861199962, 52.83002170007146], [74.03496069978421, 52.83324030012292], [73.99566599973814, 52.91795709989469], [73.9898525002747, 52.93047659993144], [73.97929350030422, 52.927971900110784], [73.91544269978986, 52.90970380018831], [73.89890109969025, 52.90438790008528], [73.88728639959787, 52.89972180018753], [73.86960539974801, 52.893623099937884], [73.86484569957128, 52.89810100014475], [73.85642180009674, 52.90107660001925], [73.79041700032951, 52.833703499980885], [73.76678559956356, 52.80955680009656], [73.75079539975835, 52.819622899757995], [73.73830780041614, 52.822081900009316], [73.73204820027755, 52.81579010005785], [73.7019669002632, 52.806576799861276], [73.68924910044292, 52.802898600082756], [73.681876800281, 52.806076599888385], [73.66605170004524, 52.81177659994118], [73.62880969983073, 52.814235000058176], [73.62156610040124, 52.85662089988009], [73.61615790013269, 52.87275670007063], [73.5917324003337, 52.88205320008982], [73.60850500041205, 52.8926537999854], [73.6223794000252, 52.89635580016305], [73.63187049985392, 52.903955600214275], [73.66789640036261, 52.93279049984923], [73.6534469999159, 52.94431989999794], [73.6118116998712, 52.98432020021862], [73.60548650025899, 52.98068810016203], [73.53601720027486, 52.94077720012037], [73.52360099992978, 52.93978240013536], [73.50858779974271, 52.937674899852965], [73.5076023999783, 52.94512139999571], [73.51275529994142, 52.94831430007316], [73.50949449990168, 52.95330009994854], [73.53701269979794, 52.952912599790615], [73.56795379982862, 52.98037709994254], [73.5764475001974, 53.008129300268095], [73.59065209984777, 53.0188032998835], [73.64880760032538, 53.06247670023397], [73.66250019978969, 53.098166599969495], [73.73206499967169, 53.126226500085785], [73.74455519963657, 53.14666379994128], [73.7763556002203, 53.16569410025436], [73.7345797003589, 53.19919500025829], [73.68627119964913, 53.19013260014897], [73.65334749982009, 53.207964200119726], [73.51551529998997, 53.13733390007181], [73.4349824001706, 53.123507000235485], [73.4290051998146, 53.12868720018769], [73.4298755002383, 53.13590409998055], [73.42754249998697, 53.142583899906526], [73.42211690024966, 53.1452445998311], [73.42048949970454, 53.151894900204105], [73.4191421004402, 53.14482220017489], [73.42394969968619, 53.14072680013441], [73.41637419970873, 53.141835399937555], [73.41212290016871, 53.149594099782924], [73.40992479992357, 53.155681099890394], [73.40578069993975, 53.16680100006878], [73.4067291996072, 53.18026400004698], [73.40736850005216, 53.191184200138], [73.40976589962796, 53.19897519993154], [73.41093700002617, 53.20612449993241], [73.410227499835, 53.21390759990963], [73.41142650010934, 53.22140919982798], [73.41312610005046, 53.24042220010881], [73.414421099686, 53.24749110023403], [73.41739419988292, 53.25606010026771], [73.41959299991561, 53.26260490006462], [73.42191620044554, 53.26851860001402], [73.42451679983685, 53.275282399896376], [73.43003399988531, 53.29222089986126], [73.49607189987582, 53.27394959980973], [73.54190290003261, 53.26099419973234], [73.58429840028481, 53.262972800064574], [73.58978020042282, 53.28187749977728], [73.5873542002851, 53.290554599972516], [73.58060560042495, 53.2999296002023], [73.51893329981456, 53.357187799803604], [73.45759830042364, 53.41707569974542], [73.43826589973925, 53.43539480019798], [73.47079039993415, 53.45508629991125], [73.51453169955116, 53.48099690025728], [73.55069270039037, 53.50221280011115], [73.57973099976603, 53.519453799838296], [73.59385150003781, 53.55917760013414], [73.64504279959718, 53.55271590020804], [73.66631539959857, 53.61315059987369], [73.74757290028907, 53.606989100081094], [73.7966454001817, 53.58776389974611], [73.82089909987756, 53.578257599999084], [73.90077529978328, 53.651137200080946], [73.93020989992966, 53.64758870007742], [74.07198070024083, 53.62946659998196], [74.05633270016837, 53.58185009997158], [74.05152079978889, 53.56618479975864], [74.08898590019741, 53.56174980010804], [74.14628860033142, 53.55507569983196], [74.16165229978614, 53.60143159977838], [74.19533770000923, 53.59590199988027], [74.24318070002695, 53.588047100263665], [74.23438850026908, 53.56903610004292], [74.28737280030468, 53.56032069996908], [74.26809310018471, 53.52361890026128], [74.30506470031217, 53.51756240012023], [74.29171260006981, 53.49174779980064], [74.38068149967064, 53.459239499765204], [74.39354539969204, 53.45939599984124], [74.41534640042165, 53.488064700032176], [74.42773819982864, 53.50428860012538], [74.43662250025935, 53.51576220000823], [74.45453880032314, 53.539178900157324], [74.48666090018648, 53.572403200088594], [74.44747920011834, 53.581143100065795], [74.45072470005212, 53.59009130012684], [74.4210165997327, 53.593864299833015], [74.43447859986688, 53.629201000259485], [74.4423561996812, 53.65094009978898], [74.45711369981247, 53.69110039984443], [74.49288379965415, 53.686166400146156], [74.53199999996168, 53.6809999998155], [74.63488520019375, 53.66804549999427], [74.66772620021948, 53.75599019983911], [74.75701689971122, 53.74425050019653], [74.78348480015711, 53.814898800128496], [74.78844170030156, 53.8281165001294], [74.863296699553, 53.817952000154996], [74.88546249983125, 53.82410169980861], [74.91391540037392, 53.82235379993274], [74.94765760017408, 53.822328400124334], [74.9554359999299, 53.82260709987268], [74.97621770027281, 53.8225944000472], [74.98086330003545, 53.81863610003189], [74.98881340018137, 53.81873740001417], [74.98466129980157, 53.81266930016104], [75.02626779985827, 53.802491500150204], [75.02990479996592, 53.796037700257024], [75.0396603997469, 53.79403010024784], [75.21701569987728, 53.87593579996206], [75.24564039962475, 53.895707600166986], [75.26569249997203, 53.9095524001788], [75.33015130003363, 53.9418474999733], [75.37689680042106, 53.959607999978104], [75.41029570005225, 53.959513300214745], [75.41038159965466, 53.97219290016979], [75.441076699638, 53.972350699952095], [75.44036859992038, 54.00833620000637], [75.39093020004282, 54.05387109993968], [75.37510780014283, 54.069969100259534], [75.52877429985548, 54.11501360025466], [75.59776340001459, 54.098760100204686], [75.68928150010113, 54.122864099852684], [75.88405559981621, 54.17450000024219], [76.20292600020208, 54.260016700111855], [76.22782210042897, 54.27609579989606], [76.1864842002355, 54.30155260015486], [76.22928700023081, 54.3232218997429], [76.25728970018733, 54.359271399941555], [76.35205749983163, 54.33400119975834], [76.47592499959957, 54.31823960020804], [76.54471409974215, 54.32770769992357], [76.57536680014239, 54.33948549974231], [76.59815780001063, 54.34309149986317], [76.60759129986333, 54.3356169999231], [76.64567499993943, 54.33677789986799], [76.67480560031224, 54.34499900001178], [76.69127900031557, 54.37500620003235], [76.73046550008223, 54.40274479977212], [76.72975919969011, 54.41802909975466], [76.79552860042868, 54.41902449996005], [76.80316110030759, 54.42146059985611], [76.82660190012983, 54.42893380010663], [76.84413559962931, 54.439670900136235], [76.87479909957594, 54.44829039977385], [76.92896139996948, 54.45776790019279], [76.93953079973603, 54.437918199782054], [76.93624730016737, 54.42562770000236], [76.95246259981653, 54.41576680020191], [76.93563760010929, 54.415690700206376], [76.8775811002642, 54.402941099825725], [76.83488239973896, 54.38860949989316], [76.78072450019202, 54.37765239976121]]]}, "properties": {"ADM0_EN": "KAZ", "ADM0_PCODE": "Kazakhstan", "ADM1_EN": "Pavlodar Region", "ADM1_PCODE": "KAZ016"}}, {"type": "Feature", "geometry": {"type": "Polygon", "coordinates": [[[69.49873410009776, 42.47945719991285], [69.5058486996558, 42.478539399876304], [69.51399229960886, 42.47736259985167], [69.52163749986926, 42.478346399887336], [69.52974759984879, 42.47833429997634], [69.53779299956821, 42.475052800308774], [69.54490440022559, 42.47164949974956], [69.55139980004141, 42.469001500303776], [69.55937379986547, 42.466439600006844], [69.59280690015618, 42.45816770029399], [69.66423460022324, 42.44617830025961], [69.67401930002951, 42.44461909997507], [69.69919009968044, 42.441800199992215], [69.71552229979238, 42.43885209998648], [69.70591630004894, 42.42775460027068], [69.70711470024868, 42.41520360031866], [69.71680040032076, 42.416507900016086], [69.72702330011928, 42.413431500245636], [69.73488179995401, 42.411862099670316], [69.7419924002124, 42.40816239970156], [69.75086190000052, 42.4030874999801], [69.75647629955932, 42.40053369990439], [69.76121659971919, 42.39655040003449], [69.767556500261, 42.39421670013496], [69.77412329997226, 42.39001680024765], [69.77910879978049, 42.38497359978298], [69.77815780010162, 42.37791190002085], [69.78340249980185, 42.374458000212385], [69.78870969978804, 42.37157379984408], [69.79247349979302, 42.367004900075045], [69.80047409963097, 42.36540770009497], [69.80359059969332, 42.360519000028546], [69.81120239969314, 42.35864280010699], [69.81721020026102, 42.35606710027239], [69.81593510010566, 42.348742400232425], [69.81900099986473, 42.34369179967021], [69.82408390040591, 42.33994709989756], [69.83292960022885, 42.33547949977863], [69.83990029955984, 42.33438809982803], [69.84579070020159, 42.33712449968303], [69.85358280016375, 42.33680850027127], [69.8614111004352, 42.33504720010548], [69.86851880003357, 42.333387400201865], [69.8725862000619, 42.32594580022724], [69.87926640039964, 42.32332539991087], [69.8868451001762, 42.321434600000615], [69.88131540007056, 42.317456199723466], [69.88792520033788, 42.31546130024474], [69.89298980040007, 42.31178459973025], [69.89687249961943, 42.30712899974889], [69.90182460006537, 42.30294499992996], [69.90790219973077, 42.300915900331276], [69.91419200033091, 42.29832040010318], [69.92133579962733, 42.2969945998335], [69.92624229979276, 42.29370159982824], [69.9295080998554, 42.28886339975248], [69.93545770037258, 42.285246300235244], [69.92974479964451, 42.27628740020085], [69.92263390024713, 42.27976529988228], [69.91652520000825, 42.277237299828826], [69.91203119993301, 42.28125939980475], [69.9063459996551, 42.2784734999685], [69.90152750025146, 42.28172620031889], [69.89400509969038, 42.282555400071416], [69.88751919955864, 42.28690579969071], [69.88009139968187, 42.28505629987858], [69.87642970039546, 42.280320299890974], [69.87143990035197, 42.27550079976237], [69.86705300011987, 42.27148779987178], [69.86265350011756, 42.26769229983595], [69.85452770028186, 42.26689090001862], [69.8476327998962, 42.265511200223], [69.83955570042698, 42.26581689986475], [69.83390550030911, 42.26302489981215], [69.82865810027312, 42.2661047001692], [69.82142199997963, 42.26191130006988], [69.81385279988717, 42.25617759999992], [69.80266110029248, 42.24912480030479], [69.80935689987514, 42.24596479987689], [69.81276530030257, 42.240107199780034], [69.82108070035875, 42.230703099690906], [69.82587580044586, 42.227137500129174], [69.82782580038263, 42.21977169992069], [69.83235219999516, 42.215067099891115], [69.83668750009907, 42.21033070013425], [69.82675239985632, 42.21384369976845], [69.82039120025905, 42.21086180005402], [69.81302070032098, 42.21246739986365], [69.81146279973444, 42.205320699693665], [69.81407229963361, 42.19964710020354], [69.82145450012828, 42.19865199974596], [69.81558719966417, 42.19301860031212], [69.80709980007882, 42.198850599703974], [69.80181809967023, 42.206785700109066], [69.80006929989932, 42.21435090029142], [69.79353549980002, 42.21189550017417], [69.79464560009887, 42.2039838999167], [69.78923640000545, 42.19539980011993], [69.78212630010863, 42.197449999721066], [69.7838130002423, 42.20431099987234], [69.78746130025796, 42.20884010014788], [69.78486250019213, 42.21445259978271], [69.77796109959709, 42.208301399795566], [69.77204520027604, 42.20472900008834], [69.76698019956523, 42.20132980005844], [69.76101149996674, 42.19757360013492], [69.7585297997898, 42.19100270025284], [69.75503120042299, 42.19606769971209], [69.75226130004167, 42.202373800296485], [69.75533259957388, 42.21046710027973], [69.75758040001043, 42.220255999733915], [69.76179589988968, 42.22743409976707], [69.75756030020594, 42.23134149999172], [69.74698820010369, 42.231820600115626], [69.73210839973628, 42.231062599702355], [69.72174550019572, 42.22974870020162], [69.71517280034965, 42.227133000117234], [69.69671220027544, 42.20637839996891], [69.69148770009262, 42.19196389970122], [69.68446310004795, 42.194153000144134], [69.66892330025485, 42.19770049985762], [69.65836930030721, 42.19856749972563], [69.65535969976368, 42.190809800224415], [69.65157959982787, 42.17614160015403], [69.6456610998841, 42.172022500030465], [69.65374769993576, 42.17447639985919], [69.64933169967833, 42.16750119974474], [69.64771330025233, 42.16100400008497], [69.65025719977957, 42.1553239999214], [69.64379960017258, 42.15781939972137], [69.63471089977703, 42.16105839966969], [69.61676709958748, 42.16039739976298], [69.60860429994186, 42.143727899934085], [69.6159184997661, 42.14286119979725], [69.62002849970179, 42.138418400100164], [69.61689159979765, 42.13339820010425], [69.61191559967358, 42.12933509982951], [69.60030019979358, 42.12990259996885], [69.5888948996889, 42.134917599863236], [69.5767688003834, 42.138794699904096], [69.5678349003726, 42.13270049969383], [69.56109369993544, 42.131244199847245], [69.55370370026745, 42.132670899781466], [69.54536580010831, 42.129436399801605], [69.54100160030345, 42.123378600268545], [69.53800769961613, 42.108559299767414], [69.53711839982418, 42.115739400145344], [69.53934360044477, 42.121756999963864], [69.53741489956347, 42.131216100202934], [69.5336721003732, 42.136945000027374], [69.51792710021638, 42.13636570026074], [69.5133379002806, 42.12392280010738], [69.49071519978088, 42.124842800315704], [69.48584489992463, 42.121692400195954], [69.4801154998398, 42.12536879997382], [69.4812503999287, 42.13382900002557], [69.47808509978688, 42.13918620024345], [69.47543980022695, 42.14625769975394], [69.46105639990249, 42.145684899889794], [69.45448659981813, 42.14712280020717], [69.42563680022677, 42.166844300049675], [69.417247900014, 42.19102170030072], [69.3955436999428, 42.22018109975547], [69.38324519956122, 42.224402899804545], [69.33667389957546, 42.22916290000135], [69.37017830004858, 42.24942380017317], [69.36097450031231, 42.25918060001369], [69.35320970015162, 42.27898939975147], [69.3524827995934, 42.29655110005932], [69.35218840011521, 42.30511309979224], [69.34629069976353, 42.31664469995392], [69.34248209987702, 42.32344030021573], [69.33879149999132, 42.31878690018066], [69.3309453996025, 42.31683069992304], [69.32324369980229, 42.310854299932366], [69.31486349977305, 42.31221149980522], [69.3131831004228, 42.31919099992823], [69.30838210020087, 42.32241240005171], [69.30994559998663, 42.33695070020306], [69.31370750005475, 42.341997199750665], [69.31911390009938, 42.34902680023768], [69.31330050034893, 42.352320999995534], [69.30848619967097, 42.35574299971379], [69.30185260033683, 42.35738229967078], [69.30469419975259, 42.36403570005885], [69.31167679996453, 42.36626629970663], [69.31843729980719, 42.37099050028233], [69.3239432996607, 42.37394810029989], [69.35301210043352, 42.377663799702624], [69.36414879977669, 42.376787600305285], [69.36968229975597, 42.38069629981264], [69.37395339996145, 42.384736399922176], [69.38067560013207, 42.383069800193304], [69.38605950007381, 42.39036289973573], [69.38983200026233, 42.395757799909624], [69.38566839965023, 42.40609029981024], [69.39136540019783, 42.40899139997469], [69.3943365995596, 42.415564000113186], [69.40157829995059, 42.418573199817885], [69.40917180036972, 42.42003580005754], [69.41599069968903, 42.41868850032052], [69.42232410002151, 42.41701160030723], [69.43001150043902, 42.416205500030706], [69.43587500013119, 42.41873939977844], [69.44077210032559, 42.42341959985615], [69.43148589992497, 42.43177799998839], [69.4490468004112, 42.44010460005211], [69.45640969970368, 42.44412589974272], [69.46430860036995, 42.44446960000933], [69.46314810009213, 42.45137720023179], [69.45804139958577, 42.45442449995419], [69.45686599985058, 42.46176850007622], [69.45057789976123, 42.464167299722355], [69.46274110038631, 42.47295350013767], [69.47269309973615, 42.47912120009269], [69.48221750011244, 42.478142000321], [69.49060230041425, 42.477313499782234], [69.4969885001259, 42.47927819996309], [69.49873410009776, 42.47945719991285]]]}, "properties": {"ADM0_EN": "KAZ", "ADM0_PCODE": "Kazakhstan", "ADM1_EN": "Shymkent", "ADM1_PCODE": "KAZ017"}}, {"type": "Feature", "geometry": {"type": "Polygon", "coordinates": [[[67.17498010017708, 46.00053450018882], [67.65231509983747, 46.00006999992187], [68.23793560021387, 46.00030660026582], [68.9978451003129, 45.99960969982296], [69.06711030036956, 45.99988710018298], [69.2499636996705, 45.76915129974259], [69.26659259984612, 45.76936480029242], [69.2915988002892, 45.70140810015111], [69.35863849968791, 45.497441600000805], [69.36772530014665, 45.485189300155554], [69.37984809994009, 45.46488880005977], [69.46435630001326, 45.33840520011047], [69.53883200000902, 45.15488630007631], [69.59250740004379, 44.95593290002055], [69.65266659994921, 44.8879802998218], [69.66754980043991, 44.82058139971897], [69.69843240038264, 44.71114719985209], [69.71699100036618, 44.65391209977906], [69.8247939997734, 44.16055520012758], [69.76817959958983, 44.12479480006491], [69.76423030017367, 44.098789399958754], [69.74428580003108, 44.06869500005234], [69.70678499967481, 44.02728169973569], [69.73365489980357, 43.98748519993759], [69.71448089995155, 43.958754000102445], [69.70168300005238, 43.92607550016221], [69.69301010015748, 43.87709990015998], [69.6863176997998, 43.8514688000536], [69.68270990032873, 43.84180029995507], [69.6797653000825, 43.82005119973564], [69.67897919964878, 43.803568100034674], [69.68158989969717, 43.776209499823196], [69.68038699983616, 43.76348409988371], [69.66387229978764, 43.742205700233015], [69.64463500014911, 43.72488780028053], [69.63824089975462, 43.70899720023117], [69.61586119982745, 43.676481600304406], [69.60077349965893, 43.642167800230744], [69.55725840032207, 43.55587660003757], [69.52916340026667, 43.52386930029471], [69.52426660010964, 43.517820899764786], [69.51576590006817, 43.50901660003893], [69.4916209001149, 43.49567549992658], [69.48779920009666, 43.48877230022941], [69.46550039974902, 43.46970350004065], [69.45982460034047, 43.46587500007308], [69.45048790024786, 43.46375789968072], [69.44497220038596, 43.457121000184536], [69.44033379972207, 43.44773870018569], [69.43394440021135, 43.43131259972861], [69.45755200011388, 43.42599809994612], [69.48304079978216, 43.42125830032349], [69.50840049986594, 43.42297609969762], [69.54242540038436, 43.41198319997527], [69.53759250008841, 43.40214870024525], [69.53660669967542, 43.39190430025282], [69.52994989955242, 43.377900099895946], [69.52692480037527, 43.36962340025383], [69.52808860016518, 43.359368999915404], [69.53228409995297, 43.34805589992738], [69.53535100043528, 43.33061159975265], [69.53204789962717, 43.318763900051295], [69.52944360007515, 43.309422699924546], [69.53989529987818, 43.29847180021511], [69.56128879964206, 43.29223230000694], [69.59087179967676, 43.30000669997089], [69.62078599957357, 43.305984600211644], [69.62665790031032, 43.303276100009704], [69.63160230039759, 43.29737350006761], [69.63735970007158, 43.28382829985417], [69.63125110044408, 43.26342900027691], [69.63450910043504, 43.250289300002116], [69.64807550007663, 43.24949509972467], [69.65653719975994, 43.25571389992741], [69.67293859979323, 43.26084110003846], [69.69125760022587, 43.26151520015995], [69.7138445001666, 43.26046249996286], [69.72248269993867, 43.25825389971773], [69.73107090038039, 43.259374400148246], [69.75909379985444, 43.24306719994262], [69.76890180016248, 43.24189180013296], [69.77650290032898, 43.24275440032292], [69.78927129955422, 43.242666999997766], [69.8050796003959, 43.236093900176606], [69.80929420016324, 43.23071100019142], [69.82120389980844, 43.22670919996637], [69.83615310042137, 43.249253699920956], [69.84186139997855, 43.2616806003086], [69.84837920018434, 43.26789940027212], [69.86957610005499, 43.26336630007799], [69.88594039966706, 43.25840989978627], [69.9047167000714, 43.2295388997331], [69.91342830028707, 43.23299480006366], [69.91565350000937, 43.22657939988056], [69.9090868997241, 43.22323710009091], [69.91694200033376, 43.211293099860136], [69.94233400024196, 43.20709299983015], [69.95308569962069, 43.207876799977605], [69.9618451000909, 43.21204310010162], [69.9739675001341, 43.213187500001446], [69.9896418998961, 43.212554099923416], [69.99638509998312, 43.20788179971798], [69.99455300033422, 43.20004189977491], [70.00250320019309, 43.1973730999402], [70.00899850029599, 43.181973799833735], [70.00345729995804, 43.17470420032492], [70.0478328999972, 43.14891210022774], [70.05614540029165, 43.14910019998095], [70.06676260031274, 43.15023609970219], [70.07267059984913, 43.12998900029003], [70.06389680028323, 43.11693289977316], [70.07413970017325, 43.11075309986174], [70.10251520007436, 43.08914489993537], [70.1244905000202, 43.073764900111826], [70.14997989976304, 43.0925571997139], [70.17274329979253, 43.06860710001584], [70.16692149989578, 43.06602140024073], [70.17727630022578, 43.05409980030814], [70.14457159978156, 43.0282435999793], [70.17420420029465, 43.01912569973715], [70.18622960025344, 43.00083750030202], [70.19823349993429, 43.00653199996294], [70.19542330023094, 42.99792009989825], [70.20382149980357, 42.991218900119144], [70.1988087001938, 42.986686400178606], [70.19229189981294, 42.985079099903864], [70.19470989955482, 42.97350280011636], [70.20639779976644, 42.96941220014341], [70.19876670036106, 42.9536205998411], [70.21454509988014, 42.94410749983195], [70.2246022003216, 42.9428540000112], [70.22807060012516, 42.93620359984508], [70.22879059982539, 42.923643699707085], [70.22393590011242, 42.917242899673106], [70.22127989982089, 42.90400460005395], [70.22732910014695, 42.89356159975094], [70.2359747002403, 42.88426440023363], [70.25129429960114, 42.877971600223326], [70.23129309959444, 42.87576350027973], [70.22089309963262, 42.87198209985695], [70.20897330022869, 42.86138739979273], [70.20193699962746, 42.85641999983132], [70.20954610018983, 42.84185350026779], [70.21594690021978, 42.827745899805734], [70.19386629975632, 42.81119449985235], [70.20794440044497, 42.80415449970486], [70.22448170030938, 42.798937200246144], [70.23443070018449, 42.793724999989266], [70.22772579976969, 42.7789275997475], [70.21476199990215, 42.762792500318525], [70.20657630040328, 42.74703100025011], [70.21188510028895, 42.74404279982317], [70.22560290019193, 42.73334850002991], [70.23650569979469, 42.7302326996885], [70.23800850041664, 42.72059500006388], [70.27791749989501, 42.71737329969106], [70.2945317997523, 42.71909590021979], [70.30305770023236, 42.71469630003463], [70.30732200019116, 42.70797970005944], [70.3252024996959, 42.69483720006913], [70.34601550003835, 42.69621869972931], [70.37980670024233, 42.685244600295796], [70.39055790015775, 42.67026830001377], [70.40974109965663, 42.654768500112226], [70.42693980031858, 42.648833000078206], [70.44596779968246, 42.64800229987178], [70.4661780996395, 42.633398800267535], [70.49103069984716, 42.61707909989324], [70.50224199978314, 42.61247949999115], [70.5165411004047, 42.603743199870884], [70.50257960014162, 42.597415800190554], [70.52465620040707, 42.58450160003348], [70.53534969973515, 42.58802600006904], [70.5420277998118, 42.5856997001272], [70.5568438997441, 42.55587839970446], [70.57032480043189, 42.54690410025333], [70.5842483001618, 42.54842300030675], [70.60601239989614, 42.53934949971559], [70.61986409998045, 42.53158839980966], [70.62430279976672, 42.51938300003714], [70.62917970044364, 42.515645199772074], [70.63483810038342, 42.510203599779956], [70.64142689983596, 42.503700199725394], [70.64483769966357, 42.4987161002793], [70.64810509962562, 42.49236489996217], [70.65218740000954, 42.48659570019639], [70.6559164001787, 42.46880160000789], [70.66690050000959, 42.452185999929746], [70.69137459956383, 42.45040300031814], [70.72189959995491, 42.458802099679744], [70.73942409980754, 42.451150000247026], [70.7714134996388, 42.45032200013387], [70.78706470040864, 42.43874370015033], [70.79344490027246, 42.414203999885736], [70.77887140026417, 42.392620699725065], [70.7834659999731, 42.38901679978541], [70.80763539996612, 42.368315900282], [70.8236850996842, 42.34325279994188], [70.83559989996353, 42.33933609984482], [70.84312539971233, 42.3262515998225], [70.85080150022185, 42.32565330010219], [70.85724159974885, 42.32279630001906], [70.86558320006861, 42.32012360019971], [70.87016200020834, 42.31024900007364], [70.8675379997039, 42.302351999742875], [70.87217700044235, 42.29158399992643], [70.88233100035691, 42.28785300000313], [70.89168500020527, 42.28146700005037], [70.8952100001599, 42.27270800022918], [70.89067799955151, 42.266482999763], [70.90348799975762, 42.261496999872996], [70.91226900021884, 42.261226000088165], [70.92043999968637, 42.26634900016425], [70.9282191001281, 42.26658970012437], [70.9335699995596, 42.269744000071434], [70.94062799986484, 42.26624200024539], [70.93825949999007, 42.25553459991173], [70.93480149998258, 42.25064719972658], [70.9295879996704, 42.247858999898874], [70.92550079987498, 42.24293129971622], [70.92366000004256, 42.236317199921324], [70.91616800026733, 42.23709100018085], [70.91056000030657, 42.231708000313304], [70.90762419995683, 42.226188500040934], [70.89831800036309, 42.222618099904594], [70.89107979980845, 42.22053389998433], [70.88862019998413, 42.21364829994821], [70.88020869995542, 42.21133209989668], [70.87246869958477, 42.21181600001864], [70.86289019996715, 42.21111559976366], [70.85697570022134, 42.208865300192556], [70.85264010008018, 42.2030493998972], [70.84955640020378, 42.1975891003318], [70.83918699955547, 42.19584999991006], [70.83155750004957, 42.19519060012183], [70.82639319956726, 42.199289299978936], [70.81979190005752, 42.20182690027783], [70.8097768003471, 42.20512789992789], [70.79844980009753, 42.20746530014518], [70.7920743002193, 42.20911480025353], [70.78621150031475, 42.20597870021349], [70.77895310024263, 42.2027760003175], [70.77179890025188, 42.201101200109], [70.76801059959585, 42.19356959977853], [70.76132790014499, 42.191808499734876], [70.75212790028237, 42.193800099807966], [70.74755130011677, 42.190225200242786], [70.73968840033379, 42.18438850026259], [70.74241520044613, 42.17854750017728], [70.75097529978912, 42.17715680017629], [70.75555419964184, 42.1709478997734], [70.75102789974224, 42.166510899871504], [70.74111000044059, 42.1663718001191], [70.73398509990118, 42.16262310001824], [70.72717999960287, 42.158042300113834], [70.72534139974461, 42.1513914003277], [70.71988040009694, 42.145274200152215], [70.71462939961327, 42.14211320031061], [70.71115800033499, 42.13558900007659], [70.70724120016915, 42.130318100183814], [70.69719300023552, 42.128011900202274], [70.69128710006193, 42.123665899940264], [70.686511799742, 42.119062999886914], [70.68402390029121, 42.109728700194225], [70.68046179991535, 42.10014310007662], [70.67798229971251, 42.093509999682155], [70.67437689964162, 42.08576009986107], [70.66861579980697, 42.07974090028294], [70.66506870039801, 42.07110329967267], [70.65814900022235, 42.06318999981206], [70.65535700038669, 42.056655000062406], [70.65240399999418, 42.04816000020192], [70.64817139978517, 42.0392808999991], [70.64336300014025, 42.03349999973316], [70.63787409971825, 42.027277499740265], [70.63481120033228, 42.02061350008115], [70.63895970026437, 42.01664390000353], [70.63082449955917, 42.01536049974201], [70.62325199995473, 42.014591599797036], [70.61283799974917, 42.01132899998895], [70.60758899981363, 42.00771300017361], [70.59949510005197, 42.0086926999704], [70.59293300032627, 42.01022700014203], [70.58480019991953, 42.01219009966658], [70.57965549977838, 42.01613609985477], [70.57194220003294, 42.02035700029252], [70.56463599970625, 42.022689000240064], [70.55822310026778, 42.02609239992579], [70.55241480025315, 42.030368000039424], [70.54870149994021, 42.03501320004091], [70.55320420019896, 42.03961900019953], [70.55852930001548, 42.04302560032594], [70.55653369979838, 42.050020700017654], [70.55162850039336, 42.057765300048274], [70.55006399988446, 42.06501000016209], [70.54741120029031, 42.07043920031379], [70.54273510002888, 42.0764518003045], [70.53692149995406, 42.08111540027321], [70.52980860000858, 42.08489410002816], [70.52228519962257, 42.08327509999837], [70.51361639963865, 42.084313200320146], [70.50676180037159, 42.089529900028545], [70.50343539995993, 42.09472169980858], [70.49891750020662, 42.099325099865915], [70.49162139963865, 42.10418069983037], [70.48472020026622, 42.10615659968555], [70.47892299983529, 42.10853019973402], [70.47461869969354, 42.10294670015305], [70.4692012997782, 42.09773290026736], [70.46386770010243, 42.093098699671536], [70.45901900023725, 42.084991600259904], [70.45202869966678, 42.08728019992517], [70.4457031003042, 42.09052809967188], [70.43249610043812, 42.08798750028358], [70.42292669985599, 42.083438100252486], [70.41636599970552, 42.07805599970085], [70.41017060036363, 42.074742999862345], [70.4049894995888, 42.07149049976689], [70.39938250035127, 42.06900349998994], [70.38719899959742, 42.07110899975148], [70.37854019965926, 42.07001110031692], [70.37234610017958, 42.068012599960404], [70.36943800027998, 42.06256099979433], [70.36472449956003, 42.05908720011548], [70.3570187995618, 42.05750549991647], [70.35238520039316, 42.05336430022913], [70.3473394002732, 42.050172900060346], [70.34038390043673, 42.04855160012234], [70.33320790013074, 42.04729590014558], [70.32947519980092, 42.04106319990527], [70.3208407999025, 42.0386629997752], [70.32322110004678, 42.03019890019978], [70.32698689970155, 42.02460910006985], [70.33204749956586, 42.019414799753264], [70.33067049991456, 42.00638199970842], [70.33006200000577, 41.99706599992919], [70.33379809956061, 41.98942149971383], [70.33678399985202, 41.9836000002133], [70.3357967001508, 41.97641590031167], [70.32907799981658, 41.97299500008303], [70.32082790009501, 41.97007039976324], [70.3114436000721, 41.96834320029618], [70.30601499996183, 41.965697999925275], [70.29837050038735, 41.96303109972762], [70.28993199969611, 41.95942600029822], [70.28121480028138, 41.95672620020741], [70.27391000042817, 41.95290299966843], [70.26546679975142, 41.9523935999107], [70.2594778000242, 41.95005620018109], [70.25161229961846, 41.94642609989658], [70.2460427996541, 41.94363670025243], [70.24056629957622, 41.94103640009717], [70.23449830020628, 41.93796650010732], [70.22804520026048, 41.93462519996541], [70.22351800024904, 41.928379000248825], [70.22842319965392, 41.92119019998939], [70.22346550000884, 41.91470760017484], [70.21669680034421, 41.91295320028349], [70.2141591998038, 41.907241999877854], [70.20926679959497, 41.903685700326356], [70.2017712002704, 41.90438070029463], [70.19507650022561, 41.90186219989156], [70.194815999573, 41.89087600015063], [70.19177440014074, 41.88585460028448], [70.18512070010382, 41.88298419966626], [70.1819174003271, 41.875546199781965], [70.18338040019208, 41.86735880003899], [70.18063999958639, 41.85986279980431], [70.17586500020204, 41.85530800027166], [70.16581560011919, 41.8532189999022], [70.16013020041525, 41.84955329986908], [70.15621530018619, 41.844448000232994], [70.14819239967136, 41.83752360026818], [70.14189690015901, 41.84226899981426], [70.13551930001968, 41.84434569969485], [70.12747189975204, 41.842651000173596], [70.1202030998839, 41.84056600014965], [70.11361340031941, 41.837628299701336], [70.10411800025544, 41.83810799969289], [70.09949560038336, 41.833713599903305], [70.09614030027075, 41.82789119974808], [70.09108690040343, 41.82134030011399], [70.08563240006687, 41.81671179984819], [70.08020370024353, 41.813352900158996], [70.07321529960986, 41.807447800189806], [70.06782060012178, 41.80470159976608], [70.05863100005526, 41.80487799974136], [70.05096269961729, 41.79938769985221], [70.04980440021187, 41.78978820031812], [70.05141820026363, 41.78019290010914], [70.04435860005883, 41.77718869982067], [70.03620389962377, 41.77612319982731], [70.02838570000932, 41.78487689982346], [70.02143710013266, 41.78666179977873], [70.02142700037388, 41.79585940020122], [70.01320939990268, 41.79678040008165], [70.00629249977574, 41.80070459979932], [70.00341430030036, 41.806382999924224], [69.99528939967824, 41.80392350007545], [69.99842790038021, 41.79848180007308], [69.9998772997518, 41.788674199824904], [69.99040879973903, 41.78817230014935], [69.98634509987136, 41.78387790013243], [69.98078219982943, 41.78078660011517], [69.97960809995651, 41.77237679980576], [69.97266739986438, 41.770365500234625], [69.97545770008756, 41.76085509981988], [69.96922039972755, 41.75640760002491], [69.95999249998886, 41.75378179979873], [69.96058599982906, 41.74438399985871], [69.95762599976393, 41.73593500016341], [69.95212499993329, 41.731578000251915], [69.94321399977576, 41.728412199805604], [69.93725099998775, 41.72535620024404], [69.92855009960549, 41.72622630020636], [69.92190780008782, 41.72460199971037], [69.9227160996889, 41.717274599768004], [69.91754189977212, 41.713686799909446], [69.91039049983016, 41.712739700091014], [69.9037545001976, 41.710112600280425], [69.89685000041483, 41.708957599919565], [69.88960999963633, 41.70792700027659], [69.88228600009066, 41.70660399985699], [69.87574699964415, 41.709330999740985], [69.86723589980667, 41.71052359968772], [69.8621346996848, 41.71345309984904], [69.85372120000628, 41.71861410005984], [69.84513970009831, 41.72068660015068], [69.83765479970877, 41.71953300006596], [69.83003470017402, 41.71644319979855], [69.82398970037028, 41.71363480024926], [69.81760090003594, 41.71181930007395], [69.81286629968656, 41.70818640023919], [69.80425199959262, 41.70905300000222], [69.79747419999414, 41.7073452999403], [69.79216720033226, 41.7045759999256], [69.7871912002082, 41.699962200035515], [69.78014930040781, 41.69848830022897], [69.77393209985229, 41.69653290017929], [69.76634349974297, 41.69960129968128], [69.7609351997615, 41.69659599986246], [69.75482650042092, 41.69912459998108], [69.74744420021322, 41.70009509976606], [69.73730460029269, 41.69858860011107], [69.73093540029951, 41.694447000006214], [69.72562149977965, 41.689607799774045], [69.72061919967899, 41.68582469982406], [69.71540799995228, 41.67827599968631], [69.70535899961973, 41.678070200333536], [69.69750799981932, 41.674001799757704], [69.6824029998951, 41.677470999899136], [69.67558200031458, 41.67430399977619], [69.67191300041989, 41.66984900016593], [69.65863000038581, 41.66989499998655], [69.64958630019618, 41.67020680021201], [69.64159140016872, 41.66839520007134], [69.63457400012103, 41.66516530006224], [69.62033880025879, 41.66322309971697], [69.61425739982145, 41.657158500161586], [69.61022689989011, 41.65086359984531], [69.60494050039432, 41.646351300000724], [69.59726509967237, 41.642362799771156], [69.58322290015401, 41.634221900080526], [69.57646900023371, 41.629512000030246], [69.57156300042983, 41.61715999989405], [69.56585599983651, 41.61473399984621], [69.56391099992271, 41.60625800005503], [69.55966100024499, 41.59945299977897], [69.55275699992548, 41.59631700023793], [69.5405729997083, 41.589958000060584], [69.53759000007699, 41.58459400015585], [69.539008999561, 41.57797999966551], [69.5499640002649, 41.57285999966666], [69.52705299984781, 41.56304900006268], [69.5009839998971, 41.54713000027686], [69.484046000212, 41.55051800017113], [69.4748000003187, 41.55984799994141], [69.46874200009614, 41.562075999943545], [69.46070100032493, 41.568812999917654], [69.45286629955704, 41.56617930031461], [69.44559760030019, 41.56352549993685], [69.43834599957653, 41.555618000234176], [69.43218899961971, 41.54659199995835], [69.4277489999712, 41.540606999946064], [69.41995199969911, 41.53510600003419], [69.40731170023338, 41.52464570025489], [69.40284699960947, 41.51799699996609], [69.39778900036794, 41.50757599990271], [69.425125000365, 41.49854599987596], [69.43404300019529, 41.492976999715864], [69.43799479962293, 41.48775589994678], [69.44560450025988, 41.4894996002192], [69.45443159956659, 41.48825020024084], [69.4563140003798, 41.4811929996943], [69.45838899999, 41.47179699990851], [69.45715589966746, 41.46469969977871], [69.45136099982194, 41.462486399906304], [69.44409409989065, 41.46369240019709], [69.43698689975561, 41.462023700019], [69.42826929969213, 41.46204880000608], [69.42205499979667, 41.46386959992416], [69.41613290030357, 41.466135299747194], [69.41094509989337, 41.46903839974572], [69.40322390036332, 41.468569600309465], [69.39580500009603, 41.467553999834045], [69.38836780024809, 41.46647849969079], [69.3803457001322, 41.46554929976735], [69.37097790036441, 41.46654830023412], [69.36327910032595, 41.469541200209946], [69.35760959990424, 41.47192220015199], [69.3541646003155, 41.46735370002594], [69.34965729978416, 41.46378199978532], [69.34511560006565, 41.45980779973342], [69.33759119985474, 41.4591538003132], [69.33319729994999, 41.45480309976272], [69.32857210002919, 41.450856600165125], [69.322451899558, 41.448895800074126], [69.31790559956694, 41.44506729990344], [69.31368539970211, 41.441201499984466], [69.30756900000294, 41.43930820016398], [69.30106459996625, 41.43747850007161], [69.29302439969567, 41.43729669997013], [69.28983220040092, 41.442136499915755], [69.28130020036004, 41.44596049989978], [69.27672129960897, 41.45049900023132], [69.26779650043035, 41.45207150022148], [69.26143520022177, 41.453913700288844], [69.256473999842, 41.457206899673935], [69.25243199967841, 41.46211930005188], [69.24761269987579, 41.46549579998667], [69.24290059962938, 41.46212539984217], [69.23555349990617, 41.45884499980056], [69.22920200031729, 41.46090329967516], [69.22237849982706, 41.459655499973024], [69.21534900037086, 41.45803450027085], [69.20922669963859, 41.455878600328255], [69.20163950000281, 41.454855300206994], [69.19556809961118, 41.45286940029773], [69.18828510007334, 41.451906300089526], [69.18408259971453, 41.447880900135544], [69.18018370027735, 41.443600000005326], [69.17745239960543, 41.43830150022965], [69.17143320031497, 41.440816700220466], [69.16594300003067, 41.438131800123735], [69.16193419980334, 41.43321809970305], [69.15421650010964, 41.43280629997492], [69.15003760028993, 41.428875900247746], [69.15565079969957, 41.42604260000244], [69.16056350003718, 41.42266779973509], [69.16316769987615, 41.41521109993805], [69.16597700036586, 41.40901900013121], [69.17069300019894, 41.40286210002458], [69.16741900031445, 41.3956289999351], [69.16053000006359, 41.3935010001163], [69.15631049998639, 41.387805000089216], [69.15069499999129, 41.39238700025929], [69.13770999988303, 41.391825999853175], [69.12949300038474, 41.390834000140906], [69.12113100022319, 41.392415700278164], [69.11363900044796, 41.39136499987435], [69.10984590009338, 41.38638499983615], [69.10526339979302, 41.38266770004077], [69.10297259969872, 41.37685249984379], [69.10002520030207, 41.371565400289036], [69.09782879966949, 41.3651384998939], [69.09659499955933, 41.35820700012894], [69.08972899977302, 41.35694499968783], [69.08281699995597, 41.3581730000862], [69.08379299974919, 41.36565000012034], [69.08181699987325, 41.37416800007158], [69.06697800008779, 41.37359600008352], [69.06027899980774, 41.371471000311566], [69.05217699993716, 41.368605999781884], [69.0452950002573, 41.364596999679655], [69.03394999956605, 41.363540000290044], [69.02895300042388, 41.35908799994087], [69.0219570000429, 41.355350000047636], [69.03575100043814, 41.35020800019123], [69.04632649976544, 41.35007859995838], [69.04558510039853, 41.34130990029591], [69.04313600008324, 41.33469300014854], [69.03996000010802, 41.32611600026192], [69.0430467003575, 41.317490999768026], [69.044781899635, 41.310768499965796], [69.03598700043969, 41.30283300030403], [69.02612300005505, 41.29881600004329], [69.0167769997043, 41.2966650003121], [69.01340400008561, 41.289568999745676], [69.01554099962004, 41.28223399985433], [69.01721899957019, 41.2734140002536], [69.02564199983117, 41.270351000073966], [69.0316919996578, 41.267802999882704], [69.04014500005594, 41.26473999979241], [69.03948899992983, 41.25521000027708], [69.0252600002397, 41.25052600028399], [69.02099600031828, 41.24589499992637], [69.02645799979084, 41.24285099982559], [69.02778599993655, 41.234942999998275], [69.02918199985439, 41.22475800033597], [69.01860000031773, 41.22578000023349], [69.01171100006688, 41.227684000312884], [69.0071249999301, 41.23274600012592], [69.0011589997691, 41.23883799971898], [68.99299599979912, 41.230414999974506], [68.9973369997135, 41.225455999883714], [68.99351499965793, 41.21739899967975], [68.98809800039122, 41.21351600010286], [68.98094100035169, 41.209632000284124], [68.97169399973515, 41.204997999780275], [68.96498100010967, 41.20160449992489], [68.95105280039417, 41.1953610997306], [68.94419500042979, 41.19351719977442], [68.93799370005478, 41.1899002001346], [68.93367699956885, 41.18611499994997], [68.92707600009643, 41.1826714001384], [68.91946820029456, 41.18151429995641], [68.91477969968896, 41.177663300258544], [68.90997000018186, 41.17124309990408], [68.90293560041573, 41.1677543000772], [68.89763720032607, 41.16479220002547], [68.88595670043576, 41.16219000007597], [68.87957410027346, 41.158811199681175], [68.8745755003335, 41.15484259982049], [68.86496139958285, 41.14711779977374], [68.86055510023212, 41.14348380011158], [68.85231640013157, 41.14096209978761], [68.84143269961005, 41.13485680013251], [68.83514599999425, 41.132928700040026], [68.82883319982786, 41.128515600065484], [68.81533199990957, 41.12085810017661], [68.80793119979695, 41.118148799981164], [68.80008730028058, 41.11183439993569], [68.79505150020633, 41.10780700001553], [68.78797349980961, 41.102793300076705], [68.77967790041889, 41.0962356001935], [68.77306139961786, 41.09154110000218], [68.76646750042941, 41.0868673003225], [68.74903100044035, 41.07045369971424], [68.7429283997623, 41.065994399922026], [68.73214920025778, 41.05813949984516], [68.72602839971205, 41.05316629993198], [68.72192029971316, 41.04746380029075], [68.71376109961687, 41.032180800045204], [68.72201690004724, 41.02850959975593], [68.73295490013437, 41.01477969998545], [68.74231470040459, 41.00574790029533], [68.75335869989861, 41.01366839987144], [68.75793240030251, 41.0099935997667], [68.75535949956466, 41.003717200265996], [68.7580864002883, 40.997640999915276], [68.75376289955565, 40.99379679989761], [68.74784059973824, 40.990302400190195], [68.74972479987701, 40.9840651998326], [68.74481919982344, 40.98040930021952], [68.73924210011181, 40.97769899992436], [68.73383290001837, 40.97399859980365], [68.72939920025493, 40.97030170022913], [68.72088929966833, 40.968783200110515], [68.7131137996743, 40.96578750031394], [68.70451569979811, 40.967217600244204], [68.69655489981886, 40.966422300007565], [68.68487360042792, 40.964422000310456], [68.67843530022654, 40.962727599782475], [68.67072669956832, 40.95951309982526], [68.66418580008333, 40.955523299776395], [68.6597055002145, 40.95126630020526], [68.65554339978893, 40.94637369979801], [68.65088819973096, 40.943027799813876], [68.64256059965484, 40.94333930029369], [68.63544859982122, 40.950149599978666], [68.63184759969857, 40.95559439997592], [68.62858649962153, 40.96052479988198], [68.62772680021656, 40.96858800002368], [68.63342060006671, 40.9733041002638], [68.64041739994832, 40.97494680013485], [68.64819069996818, 40.97535970005707], [68.6594786998597, 40.976911999747024], [68.66720650021055, 40.979435600225614], [68.67331229978934, 40.98380929981026], [68.67070839998763, 40.990863300161465], [68.66527160005543, 40.99369039980436], [68.65775439984155, 40.99561999992018], [68.65073129998338, 40.99673510020694], [68.64040260020403, 40.997059000023285], [68.63075630024026, 40.99688330015256], [68.6229586001806, 40.999864699668535], [68.61709529991444, 41.00366379978384], [68.61106720011608, 41.01017409988173], [68.60886610039621, 41.01598149993729], [68.60955790018308, 41.02497140020265], [68.6063590003546, 41.03117899971095], [68.59829940006716, 41.03105729973669], [68.58953940042063, 41.02884699980847], [68.58347330008918, 41.02504050017911], [68.57864960033835, 41.02084109988032], [68.57320260003604, 41.013484400211645], [68.56564469985166, 41.00898430015368], [68.55917460018742, 41.007036800318076], [68.55108719973681, 41.00878960000834], [68.54328629987813, 41.01133010016036], [68.53628459968665, 41.01278489992585], [68.53115729991256, 41.016168800290636], [68.52462669961228, 41.022445499984876], [68.50470239988552, 41.00182340032833], [68.50401050038566, 40.991059900300634], [68.49692860040227, 40.97991709987286], [68.4999714996968, 40.972499700057426], [68.5092233997249, 40.97268309994353], [68.5109200999043, 40.964866399846166], [68.51499759969134, 40.960386600225995], [68.5156648997254, 40.95301530016909], [68.51747080000905, 40.94242799981136], [68.54086159960258, 40.945753900133504], [68.54834680002942, 40.9465819998863], [68.55294389974983, 40.94299769988185], [68.55868489977999, 40.937876899817276], [68.56798839993631, 40.93439830024024], [68.57307379959067, 40.92801839981845], [68.5790695995646, 40.925047400274615], [68.58180169973708, 40.917467200116995], [68.57661059981486, 40.9064110998805], [68.57673019971514, 40.896908299993676], [68.58173420032668, 40.891137599970854], [68.58620110002639, 40.88603419982766], [68.58855929981809, 40.87765369974075], [68.59045880006276, 40.86508799983281], [68.58475060021863, 40.85709630010971], [68.57960180016644, 40.853782199833645], [68.57369990019082, 40.85123799977932], [68.56444460003937, 40.84897579986837], [68.5624314000292, 40.841447300227316], [68.5622930001866, 40.80582779990894], [68.56562369993523, 40.80102319971123], [68.56915240005053, 40.79589670000478], [68.57285010022026, 40.791486100137845], [68.57733480003736, 40.787697699754986], [68.58520450006708, 40.781412200105684], [68.58556929961573, 40.76688360027047], [68.58531090012258, 40.758066800226025], [68.58510370010902, 40.74996359989277], [68.58395840022403, 40.7092390003041], [68.60920059977043, 40.70768160021579], [68.6188952003503, 40.69997600009738], [68.63414779976395, 40.69762710022516], [68.64379219979085, 40.69405340012795], [68.63629200019372, 40.686311899970434], [68.6460516998856, 40.68614309973858], [68.65094299965818, 40.682128400232514], [68.64861299977989, 40.67630150012912], [68.64782679963317, 40.649471599914555], [68.6426159996567, 40.64585400017844], [68.63717599992549, 40.634319000290105], [68.62712099974512, 40.63458999975324], [68.62181330029568, 40.63049090007462], [68.64542129994845, 40.61758470031309], [68.65185860032504, 40.614139799936645], [68.65645060030955, 40.61063509986956], [68.66039880018783, 40.60568279994108], [68.66312109974055, 40.599552700319244], [68.64126499994471, 40.59965100011536], [68.61041990017351, 40.57707489974364], [68.58176640043801, 40.568647599949315], [68.56305480029366, 40.57921060032152], [68.55432739961049, 40.57909210028409], [68.53531000036698, 40.579462800162396], [68.52515879960283, 40.58148899994889], [68.50216269998224, 40.579728100037215], [68.4962392000156, 40.57509869966933], [68.48355569966952, 40.57135149992103], [68.47618160018212, 40.57834640005755], [68.4703683998576, 40.586580700004895], [68.46543580003983, 40.58990039976526], [68.45495639978671, 40.59237429990629], [68.44277759991674, 40.595118500067215], [68.43525610036589, 40.59693650030302], [68.43071349963718, 40.60042630024727], [68.4199246001242, 40.608306700249095], [68.41116400040312, 40.61468610008276], [68.40079030041782, 40.61621150027084], [68.38764929977567, 40.61723980033884], [68.37113739977593, 40.61744120006875], [68.3618333004433, 40.622301799713924], [68.30374259993869, 40.653473900075255], [68.29823440011107, 40.656393900251715], [68.27702349999664, 40.66466320027472], [68.24842070027749, 40.6757704002309], [68.23972660014188, 40.679024100061525], [68.2248736998257, 40.684809799661764], [68.21781029974724, 40.6875038999653], [68.20182179955458, 40.697668500288046], [68.16807480005583, 40.719333799817925], [68.14127659985981, 40.73880709990117], [68.1343477997503, 40.74412350014519], [68.11985849973189, 40.75544150019231], [68.07721779983135, 40.78885490001735], [68.04686949985317, 40.79587180020038], [68.02348889973143, 40.800696499784934], [68.01578499995709, 40.805515000333145], [67.97751750008224, 40.831248599715366], [67.97914440026575, 40.83856649985341], [67.97712740038195, 40.84495419988883], [67.97183810022607, 40.851325100114174], [67.97274999983397, 40.86187059970456], [67.98067419975361, 40.861205200291636], [67.98817479999934, 40.86033129970509], [67.99606489987079, 40.860475599729334], [68.00596620010265, 40.86064310022528], [68.0071956999775, 40.87008939988175], [68.00872210024032, 40.88016200020195], [68.0121154997008, 40.88968880028446], [68.02733580018835, 40.898514899867656], [68.03313310033234, 40.9008986999878], [68.04005700013195, 40.90759390023443], [68.04878259969298, 40.90863509983216], [68.05456079985741, 40.91257540011906], [68.06877790315816, 40.91588269975972], [68.07316609965929, 40.924593799779046], [68.08047940026995, 40.923317099846905], [68.08869799966779, 40.92553959989932], [68.09572300036105, 40.93606670027243], [68.0914503999691, 40.941871900050465], [68.06321290016021, 40.94564599967045], [68.06645840009399, 40.950516199839406], [68.07162699991328, 40.95335939972083], [68.08210369983067, 40.95294510021009], [68.07565300018335, 40.96057659974821], [68.08410469982103, 40.96369279986247], [68.08794380020633, 40.97008899972275], [68.07405070036388, 40.98606169993611], [68.07873220039852, 40.994596299994754], [68.0827947001169, 40.999292299868], [68.06830810043425, 41.00805999995318], [68.05770100017187, 41.005698400110724], [68.08112200022696, 41.02619550021625], [68.08850079969993, 41.030689500056496], [68.1083947004375, 41.0342443998119], [68.12700660016179, 41.032257500267505], [68.12654390041682, 41.04083070018862], [68.1187950004367, 41.04686619971056], [68.11482130008245, 41.053727300192946], [68.11238050020032, 41.06098610016944], [68.10981960005634, 41.06706899979544], [68.10175149990968, 41.06795230031117], [68.09255749989487, 41.072957500173], [68.08584490001975, 41.0801652000966], [68.07092110016976, 41.08025420018244], [68.06355900037791, 41.07181300032447], [68.06042190014948, 41.065591900049526], [68.05779650006974, 41.05784289971064], [68.05490720011242, 41.048590500055354], [68.05160209965445, 41.04238529984993], [68.04176509993229, 41.044711900135574], [68.03263330016613, 41.041722100043785], [68.02681549956905, 41.03858049970717], [68.02542060008746, 41.0318644997931], [68.02371780034731, 41.02382449983922], [68.02042939957049, 41.01821390031889], [68.00713059996718, 41.0223911997363], [67.98332559977257, 41.024763699988036], [67.98628450029976, 41.03091809993134], [67.987383899867, 41.040256000288416], [67.98653590012022, 41.048382400124055], [67.98461549967215, 41.05996559975196], [67.98560539999615, 41.06796619987496], [67.98545140001035, 41.07617540021591], [67.98815269964673, 41.08194289971703], [67.98629700035694, 41.096099699766654], [67.9818143999027, 41.10766109993369], [67.97961119992169, 41.113596399858054], [67.9775191996948, 41.120598699752605], [67.9751480003826, 41.12690400011535], [67.97205720022218, 41.13377650029169], [67.9690280002358, 41.14006390002442], [67.96548200036474, 41.14897400013444], [67.89175810043022, 41.15223279981866], [67.86665799998882, 41.13546480019121], [67.81327399995745, 41.15743709980242], [67.73511980038286, 41.182039100326826], [67.68522260034699, 41.17086909990899], [67.56959789969233, 41.16737600022719], [67.36508899978843, 41.12698889993242], [67.31288640023834, 41.13481940023607], [67.01572290025943, 41.13742200001115], [66.99963300003404, 41.14077030001873], [66.75239140016808, 41.14227220024562], [66.70915230011735, 41.14252579992577], [66.6454111003559, 41.34768149991204], [66.60667959997555, 41.493790399823204], [66.5331065999408, 41.876946600160444], [65.99870999988384, 41.93717899968272], [66.00193699991263, 42.36073600025962], [66.07067560036324, 42.337941099937495], [66.14853319958716, 42.32270649998364], [66.57748139958103, 42.57775100022554], [66.9848917998336, 42.816329300087986], [67.06003840031104, 42.86078629997884], [67.12427169988013, 42.89852750001723], [67.22427619972711, 42.95124520004516], [67.82491199965335, 43.17795499991538], [67.82825939998138, 43.184558000116], [67.83606999984853, 43.18476139983697], [67.84148470032643, 43.19150929997151], [67.8489306003579, 43.1930096002319], [67.85555340014564, 43.195532899968384], [67.85916410027674, 43.20034720001242], [67.86567459987425, 43.20626570003246], [67.87409339961289, 43.21178820027014], [67.8731643996753, 43.2190684996965], [67.8642779001688, 43.22041819973997], [67.85393219977264, 43.21819599980419], [67.8450160001662, 43.216769199979524], [67.83636429961372, 43.217308999850324], [67.83141669972736, 43.22253409982406], [67.82485520007626, 43.22721879985848], [67.81736769996225, 43.22835620003583], [67.80887479999245, 43.22531030019809], [67.80106980022279, 43.222726900029265], [67.79143920011532, 43.22255329994514], [67.78590320012457, 43.227153200021874], [67.7896786000748, 43.233650799794454], [67.79624460028545, 43.23627709984632], [67.80598640014708, 43.23930979971741], [67.8148912998455, 43.242139100310425], [67.82225130027454, 43.24532779981436], [67.83068419996992, 43.24989949996241], [67.82788810022329, 43.256252800123924], [67.81325019999232, 43.25521540019267], [67.80438440036491, 43.25648719998204], [67.79676050005816, 43.259183700091576], [67.7885392003246, 43.25705239996957], [67.78208279996849, 43.26013270006268], [67.7848369995953, 43.2680555999872], [67.78031979962957, 43.27375519989663], [67.77207370010595, 43.27318069991003], [67.76592189959803, 43.27661130000782], [67.77527150039649, 43.28088009986179], [67.78229770034064, 43.28256389985799], [67.78950839987117, 43.281242000018125], [67.79665699976441, 43.28227209969005], [67.80908329986818, 43.287103400158166], [67.81514060030315, 43.29047100007699], [67.8132567999147, 43.29740009981844], [67.80598019997494, 43.298593200275924], [67.79733219958311, 43.303792200021796], [67.79398179978031, 43.30885330008043], [67.79092999997796, 43.32051699990172], [67.79782520040088, 43.323778700244695], [67.79357950006012, 43.32925260025334], [67.78409440007916, 43.33359369992915], [67.77222550011759, 43.33533550009444], [67.76208560015975, 43.33397470031926], [67.7515062003475, 43.331936499881266], [67.74549800002939, 43.334007999736166], [67.73898260012199, 43.33583309975798], [67.72922540044154, 43.338477600042616], [67.72413200039126, 43.34295250025724], [67.71507379959628, 43.34656419991673], [67.71699109995834, 43.35514219988265], [67.72250779964519, 43.3582157998976], [67.7330347998286, 43.358150200130595], [67.73869490027923, 43.3532221999776], [67.74660820004124, 43.35137399974111], [67.74710339993486, 43.35911950022195], [67.74247079969273, 43.36319520021237], [67.7323527000502, 43.36637840020764], [67.7213399996573, 43.367620000228406], [67.70818880044175, 43.36745320005163], [67.69676049987251, 43.36415090031626], [67.69021710037605, 43.35869909968609], [67.68423260031003, 43.35350889979991], [67.68098799958983, 43.344844499832384], [67.67976219987561, 43.3333993002662], [67.6802669003517, 43.322581399809465], [67.68673820016511, 43.31685039981358], [67.68346619993042, 43.31017379976263], [67.67537269991908, 43.31119689976166], [67.67159790004347, 43.31596769969388], [67.66427370017347, 43.31967209994361], [67.66036780016525, 43.32515119999247], [67.65882199988563, 43.334714600000375], [67.65948480025841, 43.342594399880724], [67.6622911003751, 43.35142630016867], [67.6655880998258, 43.35722150028315], [67.6673004998614, 43.36533380001805], [67.66286279989998, 43.37307420012527], [67.64951999991578, 43.37585700014415], [67.66405520025191, 43.383074199865355], [67.7250357998902, 43.4072830002349], [67.75070470009481, 43.47182040002448], [67.73411920022555, 43.48017540022003], [67.77502370012537, 43.53659369993941], [67.79354919988552, 43.56379070023216], [67.81383700019711, 43.56304960012088], [67.8256755999842, 43.59879429981693], [67.82861499988323, 43.6196772002898], [67.83821029979335, 43.639219199765215], [67.82635560039981, 43.71789100012684], [67.82392469995213, 43.74366409968577], [67.84569080023462, 43.74210649995379], [67.86561199987536, 43.73607859988426], [67.8837983002759, 43.72888649971715], [67.89878069992679, 43.70501269972499], [67.90898310017053, 43.70269569980665], [67.9189822997003, 43.70190099987102], [67.93099940012422, 43.705826399808835], [67.97146070000889, 43.73695150011147], [67.97193899989712, 43.770505899726764], [67.97871789993178, 43.79471240029961], [67.97928780013117, 43.802469599939975], [67.954950699946, 43.86998470022116], [67.92112379979436, 43.875516599820614], [67.9216295998083, 43.88645029992181], [67.93951330001043, 43.90847530003859], [67.96559639991779, 43.93501959977327], [68.0263461001887, 43.96249340008323], [68.0341106003121, 43.97830150024132], [68.04406379981117, 43.99414280019854], [68.05047890012212, 44.00029599987898], [68.05966169994191, 44.02083140014775], [68.03984720039398, 44.03283410018841], [68.00421970001885, 44.062993500051206], [67.95802920037355, 44.078303299854426], [67.91619770018592, 44.09864579995733], [67.90637349966, 44.11571339995168], [67.88695800032022, 44.132283900165795], [67.80692739978016, 44.166165000292295], [67.78659180011232, 44.20333189974659], [67.75642109976086, 44.22214590022816], [67.74103650010278, 44.26383730017564], [67.73338199958425, 44.27197799975245], [67.6306880003705, 44.31118679992359], [67.59559850012067, 44.29870789993823], [67.58298609963273, 44.29505030027621], [67.55932649985162, 44.31201929995331], [67.48240259965252, 44.352556699787456], [67.46202910006282, 44.367757300125966], [67.48740709972729, 44.42187329980394], [67.50898679958831, 44.43343319979213], [67.50854810013283, 44.46707810011487], [67.51612300003572, 44.549097300028556], [67.52594850042382, 44.64914449969792], [67.52684940016104, 44.67846370029525], [67.51061549999567, 44.81343699984791], [67.52228719998946, 44.83661949984188], [67.50634960013738, 45.04839729996782], [67.50904040026465, 45.070473699918736], [67.51621389966101, 45.14776839970818], [67.39087659978142, 45.18177119983763], [67.32523200018855, 45.22236169981124], [67.21706490012195, 45.271887899767755], [67.17859960020473, 45.29720779992406], [67.17258660018803, 45.30011499977661], [67.1679702001637, 45.30387690000009], [67.16789940034293, 45.31323969995328], [67.17824900032576, 45.31438240015996], [67.1669915997477, 45.334880700295955], [67.16736429997931, 45.343648699785845], [67.16816680005692, 45.35119880027967], [67.18168950025316, 45.35724039988398], [67.18329189978562, 45.36752869991025], [67.1943030999921, 45.37208639998051], [67.2030548001037, 45.38276810007198], [67.22002210013837, 45.3874544999313], [67.24033489966602, 45.395637900164175], [67.24587040019347, 45.406150999848755], [67.24240099966661, 45.41351839991551], [67.24711719982402, 45.418216199693816], [67.23746029973992, 45.42376479981177], [67.23346329978216, 45.43103579994491], [67.23903830013093, 45.44342540028431], [67.25266799955905, 45.45451130030678], [67.26382599975422, 45.46956129969631], [67.25816109960508, 45.48857879976624], [67.264684299584, 45.5031384999381], [67.2597061003842, 45.51432639997276], [67.26176600021273, 45.52707549994894], [67.25770939973074, 45.551105400155585], [67.24484280027198, 45.56441120004266], [67.25674550024439, 45.57167470011689], [67.25352630028719, 45.58405039971781], [67.26228099987352, 45.59642340003443], [67.27481229955927, 45.60386989974779], [67.29077680036086, 45.613957199856316], [67.28946429974704, 45.631610999721076], [67.28718140033573, 45.63759659999859], [67.29168890029308, 45.643028099977265], [67.30040069993468, 45.644018200186494], [67.29786870039001, 45.65109839985627], [67.29979990038447, 45.65739780013692], [67.28562699958552, 45.6660455998296], [67.28906019980295, 45.67552190031053], [67.29352340024039, 45.68739510011199], [67.31892929978092, 45.6975871997629], [67.33592379990412, 45.7170069998529], [67.33437880002336, 45.7263547999387], [67.34210360000111, 45.74229049976545], [67.36150130012189, 45.75259240019145], [67.36544950000011, 45.757503100076185], [67.35635150024484, 45.77534559973654], [67.348111699708, 45.79366119977725], [67.3326622003638, 45.798687900279745], [67.3260505001597, 45.80289130018575], [67.32562410043708, 45.81065459970267], [67.31704099973126, 45.81579939992083], [67.31480940041084, 45.834101699864895], [67.30411780012129, 45.848799799845764], [67.29501369990685, 45.852029600078424], [67.28305200038312, 45.84881090021197], [67.27130840013236, 45.85617249984673], [67.2670874995816, 45.8663852000193], [67.25146639956029, 45.875946999846676], [67.23740750036085, 45.88611969969267], [67.24139249972474, 45.89926219973053], [67.20401590043964, 45.91561570028322], [67.17525240020095, 45.934170000258156], [67.16307180010718, 45.95565050014862], [67.1794215002992, 45.97461740001587], [67.16732350029574, 45.99435129984918], [67.17498010017708, 46.00053450018882]], [[69.49832389969463, 42.47947769975968], [69.49254379959339, 42.477190400276825], [69.48383730001196, 42.47797949983736], [69.4765237999753, 42.4789814998165], [69.4651579996919, 42.47781029996499], [69.45004100007212, 42.466113899697376], [69.45537690033329, 42.46274380022454], [69.45738580010827, 42.45610860028816], [69.46296329957016, 42.451674700018174], [69.46430860036995, 42.44446960000933], [69.45640969970368, 42.44412589974272], [69.4490468004112, 42.44010460005211], [69.43491090032053, 42.43566399976737], [69.44077210032559, 42.42341959985615], [69.43690709971395, 42.4189399002144], [69.42994749996664, 42.41768540013425], [69.42232410002151, 42.41701160030723], [69.41709089965518, 42.420188999685266], [69.4100720003193, 42.41909850000983], [69.40318559979286, 42.42057700023828], [69.39758880002705, 42.41698159976213], [69.39117540022697, 42.41371970012695], [69.38708360015896, 42.4084431002501], [69.38776190006372, 42.400742699772145], [69.38688959999021, 42.39252089979602], [69.38067560013207, 42.383069800193304], [69.37395339996145, 42.384736399922176], [69.36746680004214, 42.38261569976025], [69.36430010032507, 42.37768580008957], [69.35301210043352, 42.377663799702624], [69.32563610025343, 42.375564800064915], [69.32067869974738, 42.37246639993351], [69.3155720998523, 42.369385599972304], [69.30986359997081, 42.365721899755954], [69.30328199961694, 42.363725599907895], [69.30184999971412, 42.35682430002315], [69.30943829978607, 42.355722999737615], [69.31508579956821, 42.352054599863905], [69.32311180016913, 42.351657300205204], [69.31734920014796, 42.346355100076394], [69.30994559998663, 42.33695070020306], [69.30454339956589, 42.325482899936475], [69.31129950035864, 42.323171799786074], [69.31013400005787, 42.31312239974138], [69.3185577001064, 42.311033100000515], [69.32614269976808, 42.31495249990073], [69.3328256004416, 42.316938599673556], [69.33920999992932, 42.320145699775416], [69.34629069976353, 42.31664469995392], [69.35019969985777, 42.309657799902176], [69.3524827995934, 42.29655110005932], [69.35320970015162, 42.27898939975147], [69.3631971003102, 42.26067780008173], [69.37017830004858, 42.24942380017317], [69.33667389957546, 42.22916290000135], [69.38324519956122, 42.224402899804545], [69.3955436999428, 42.22018109975547], [69.417247900014, 42.19102170030072], [69.42563680022677, 42.166844300049675], [69.45448659981813, 42.14712280020717], [69.46105639990249, 42.145684899889794], [69.47543980022695, 42.14625769975394], [69.47808509978688, 42.13918620024345], [69.4812503999287, 42.13382900002557], [69.4801154998398, 42.12536879997382], [69.48584489992463, 42.121692400195954], [69.49071519978088, 42.124842800315704], [69.5133379002806, 42.12392280010738], [69.51792710021638, 42.13636570026074], [69.5336721003732, 42.136945000027374], [69.53824450001656, 42.131997500036555], [69.53901459965851, 42.12452529995379], [69.5380359004278, 42.11732040006582], [69.53527410015535, 42.11195240001983], [69.54063950019217, 42.11762689989479], [69.54274109981627, 42.12601110013353], [69.54828910040082, 42.132738700028405], [69.55575230018803, 42.13200460030831], [69.56389800040226, 42.13195430014848], [69.5706479998376, 42.13898209991753], [69.5888948996889, 42.134917599863236], [69.60030019979358, 42.12990259996885], [69.6117623003737, 42.1276453999772], [69.61519850006592, 42.13259000025651], [69.62003550027282, 42.13721400001352], [69.61705409964263, 42.14228430009866], [69.6085316998972, 42.14319300011778], [69.61676709958748, 42.16039739976298], [69.63108180035238, 42.15931009966945], [69.63987969992068, 42.161494299831936], [69.64632059984655, 42.15593229974296], [69.65290459960057, 42.15904149987892], [69.64778220013636, 42.16224979977406], [69.6521398000188, 42.17168530027344], [69.65535969976368, 42.190809800224415], [69.65836930030721, 42.19856749972563], [69.66892330025485, 42.19770049985762], [69.68446310004795, 42.194153000144134], [69.69148770009262, 42.19196389970122], [69.69671220027544, 42.20637839996891], [69.71088820026213, 42.228566599897135], [69.72012640008383, 42.2263713001213], [69.73163090024701, 42.22870940020334], [69.74698820010369, 42.231820600115626], [69.75756030020594, 42.23134149999172], [69.76179589988968, 42.22743409976707], [69.75758040001043, 42.220255999733915], [69.75393260035638, 42.21072740017705], [69.75226130004167, 42.202373800296485], [69.75503120042299, 42.19606769971209], [69.7585297997898, 42.19100270025284], [69.76101149996674, 42.19757360013492], [69.76698019956523, 42.20132980005844], [69.77204520027604, 42.20472900008834], [69.77796109959709, 42.208301399795566], [69.78486250019213, 42.21445259978271], [69.78801340033996, 42.209357899728374], [69.7838130002423, 42.20431099987234], [69.781678300395, 42.1979891998869], [69.7884439996866, 42.195203699683326], [69.79394369965502, 42.20231700002764], [69.79353549980002, 42.21189550017417], [69.80006929989932, 42.21435090029142], [69.80181809967023, 42.206785700109066], [69.80709980007882, 42.198850599703974], [69.81157919983572, 42.19245680006695], [69.81975870006083, 42.192645699751225], [69.82428509967342, 42.197354499976136], [69.81752709984211, 42.195746600011354], [69.81348090005449, 42.20008840028407], [69.81289189987555, 42.20859569984773], [69.81960569989988, 42.21073949980393], [69.82675239985632, 42.21384369976845], [69.83340649964356, 42.21090420021331], [69.82935409968387, 42.219656400253044], [69.82488800038307, 42.22467210006731], [69.82108070035875, 42.230703099690906], [69.81276530030257, 42.240107199780034], [69.80935689987514, 42.24596479987689], [69.80266110029248, 42.24912480030479], [69.812121100446, 42.254323299992585], [69.82142199997963, 42.26191130006988], [69.82603439980593, 42.266857700008174], [69.83266100036569, 42.264426900130616], [69.83955570042698, 42.26581689986475], [69.84613470015813, 42.264148300313494], [69.85212839987099, 42.2667617999959], [69.86265350011756, 42.26769229983595], [69.86705300011987, 42.27148779987178], [69.87143990035197, 42.27550079976237], [69.87642970039546, 42.280320299890974], [69.88009139968187, 42.28505629987858], [69.88751919955864, 42.28690579969071], [69.89228419979557, 42.28341480016409], [69.89941910038068, 42.281894800216556], [69.90524759991277, 42.27929480007486], [69.91117649965258, 42.28174530001341], [69.91583539987126, 42.277580699866554], [69.92263390024713, 42.27976529988228], [69.92833010039575, 42.277179799888316], [69.93545770037258, 42.285246300235244], [69.92997289986147, 42.28783549973901], [69.92629630021942, 42.29217380026245], [69.92245319963617, 42.29642180032652], [69.91656439979235, 42.29868569998435], [69.90924040024659, 42.30001540002014], [69.90182460006537, 42.30294499992996], [69.89687249961943, 42.30712899974889], [69.89298980040007, 42.31178459973025], [69.88471709996425, 42.3120806000597], [69.88131540007056, 42.317456199723466], [69.88866119993158, 42.31862489981053], [69.88279330029114, 42.32208950019018], [69.87679479998143, 42.32450340019109], [69.87287449997922, 42.33034239980344], [69.86700749955241, 42.3335726998914], [69.85939309982817, 42.33572470013665], [69.85179490032176, 42.33718060023637], [69.8423781001502, 42.33519889994104], [69.83292960022885, 42.33547949977863], [69.82799189977693, 42.33897230015032], [69.8207991997898, 42.34307169981744], [69.81554470036805, 42.34662590032496], [69.8179564999378, 42.355593500268995], [69.81120239969314, 42.35864280010699], [69.80502029990905, 42.360797800200594], [69.80050120000642, 42.36464259974287], [69.79322900001495, 42.36555559983266], [69.78922040011193, 42.37116440010995], [69.78340249980185, 42.374458000212385], [69.77815780010162, 42.37791190002085], [69.77910879978049, 42.38497359978298], [69.77412329997226, 42.39001680024765], [69.76867059985956, 42.39306939971035], [69.76330679972223, 42.3963598998268], [69.75738530030372, 42.3999537002811], [69.75200800028435, 42.40301930001609], [69.74484559957341, 42.40570429970099], [69.73917339971428, 42.40975370026344], [69.7335073003142, 42.41247810030585], [69.7208722002973, 42.41430289983443], [69.71142769967567, 42.41745299999674], [69.70625640041891, 42.4204468997234], [69.71806289980765, 42.43625269967206], [69.70477149962728, 42.440961800175046], [69.67896490026604, 42.443984700103805], [69.66954050034718, 42.44527020016339], [69.59656989976217, 42.45743390005145], [69.55937379986547, 42.466439600006844], [69.55139980004141, 42.469001500303776], [69.54490440022559, 42.47164949974956], [69.53779299956821, 42.475052800308774], [69.53271709959802, 42.47819520019072], [69.52482930031198, 42.47861430004983], [69.51688170017754, 42.47817190003543], [69.50880369969805, 42.47712609985817], [69.50168949989032, 42.47833079979357], [69.49832389969463, 42.47947769975968]]]}, "properties": {"ADM0_EN": "KAZ", "ADM0_PCODE": "Kazakhstan", "ADM1_EN": "Turkistan Region", "ADM1_PCODE": "KAZ018"}}, {"type": "Feature", "geometry": {"type": "Polygon", "coordinates": [[[67.44694750035342, 49.869325599986915], [67.44918629967083, 49.861678400106555], [67.46400209956572, 49.854411400048036], [67.47218499991418, 49.8487682000892], [67.48628950029243, 49.83273690013506], [67.5137427996044, 49.802599699942284], [67.54017000007966, 49.77116799983625], [67.54617610013669, 49.76599310010213], [67.54698990012226, 49.75670280006088], [67.54493350013, 49.7470651000255], [67.54590459961345, 49.73823799992998], [67.54696629958309, 49.72704179987494], [67.55231319971492, 49.72414510028299], [67.55915040041155, 49.722361600066634], [67.56806049955892, 49.718570600231615], [67.57454840023878, 49.71670850010679], [67.58099270028798, 49.713851099794475], [67.58657950000807, 49.711082999903766], [67.59459850003796, 49.70843439977523], [67.60127500021513, 49.705845899904716], [67.62089319990713, 49.69685160006991], [67.66537860012514, 49.6981430999578], [67.67280000040384, 49.67829249979148], [67.69778179990887, 49.63450249998555], [67.71854160022359, 49.58980429977903], [67.73722350026802, 49.551675100023026], [67.79096370027585, 49.49998889993208], [67.88356429992413, 49.421204099944404], [67.93062910019104, 49.30901960021927], [67.91081570018103, 49.208203000106565], [67.9434223998177, 49.1763961001024], [67.98065770039678, 49.17864960014677], [68.36292439957731, 49.14751480013111], [68.71640869976218, 48.86605350005724], [68.90467609975342, 48.796273600286256], [69.15540840009994, 48.798044899922985], [69.2942806001957, 48.6884023998809], [69.42382809989438, 48.64359680005685], [69.77238020001181, 48.71685060013124], [69.81788530036667, 48.77271079980734], [69.82548720003373, 48.7988137001239], [69.87532069963449, 48.79655250004234], [70.42862919988974, 48.85765700011356], [70.44908489981943, 48.90296429977219], [70.49648159973607, 48.99309319998746], [70.55119589960034, 49.126404999775424], [70.55457779972687, 49.13910269991165], [70.54942669998763, 49.39087420000385], [70.64755199971869, 49.38967399984302], [70.68206809993276, 49.3861104999156], [70.70903530018319, 49.37915880002107], [70.74051070017858, 49.376312099744695], [70.77016299984754, 49.364685800195225], [70.77309980002217, 49.33470709983802], [70.77627790025853, 49.30948840012784], [70.81854200034083, 49.25983169978828], [70.94394440023073, 49.22284229977763], [71.00454840005077, 49.171457400206975], [71.17603280016763, 49.19368089992679], [71.64010799968449, 49.23752709985072], [71.62890419978287, 49.178770300061764], [71.66822859992875, 49.164499699840576], [71.69396230010643, 49.16408489987935], [71.76417680022946, 49.16351380023034], [71.89606640011331, 49.167336800091306], [71.91967230040336, 49.169564399787554], [71.93320920026933, 49.170060999938904], [71.94237649965892, 49.16970289997052], [71.94360369984666, 49.06675179971895], [71.94194789996214, 49.05139970015256], [71.94220070025608, 49.04212019984115], [71.95885880017002, 49.03518850014457], [71.96471650033875, 49.03209260010887], [71.97554750029578, 49.02707629981995], [72.02047990040252, 49.00130660001611], [71.99676470029519, 48.98165439986959], [71.98536929962499, 48.96896120017151], [71.99592370022117, 48.95178510026894], [72.01265220020561, 48.95207650011135], [72.0406368000075, 48.924890899708565], [72.05013569990784, 48.923852500127495], [72.07741180024179, 48.92695739982665], [72.09660020008779, 48.92812119986634], [72.10464050007143, 48.83158740028975], [72.0610104002085, 48.8316385001534], [72.06424840010794, 48.82335249981661], [72.06320600044216, 48.814711900013364], [72.06843299973809, 48.8089767001134], [72.09151219981071, 48.793279799917585], [72.1001618001021, 48.791725900207936], [72.10952570028321, 48.738642100037865], [72.0856033998754, 48.73567279978293], [72.06259429983598, 48.733981000142094], [72.03889099971133, 48.73442360008967], [72.03725079997002, 48.71633919995918], [72.00206320009791, 48.71260379995831], [72.00227149964934, 48.68041170010534], [72.00920710000558, 48.671524100140616], [72.01170119962839, 48.62629030027846], [72.00832660011015, 48.59774579994755], [72.00198289969465, 48.507053900068954], [71.99637000032232, 48.487131199710504], [71.98581010023992, 48.45322989983954], [71.95386789969031, 48.34910819994989], [71.84270680012169, 48.32117020003434], [71.84783479968341, 48.31641189975651], [71.85042940012528, 48.30990240006777], [71.85787319989564, 48.306629500175625], [71.86062889970893, 48.30033890004173], [71.85981210024865, 48.293082800274725], [71.86486480032833, 48.28937020004241], [71.86829039990023, 48.2828442001344], [71.87426450017014, 48.28000179979343], [71.87776429968613, 48.275199599958064], [71.88357830040954, 48.27127940000766], [71.88867439989724, 48.26714460005168], [71.89318479961631, 48.263450099956884], [71.90118140015454, 48.25795790021382], [71.90735590019133, 48.255279100035], [71.90339029994607, 48.25120049995565], [71.9061738996355, 48.245083499766736], [71.90101149998829, 48.24179719984628], [71.90564250033081, 48.236808400157166], [71.89969569986235, 48.23166749991039], [71.90179599962423, 48.22406459974493], [71.90440250004866, 48.21691579985271], [71.90709110020184, 48.21015490024401], [71.91438279992319, 48.20647609991988], [71.9214944000065, 48.20451369984166], [71.92654939977331, 48.20101940007141], [71.93216809956736, 48.19800779970434], [71.93626570005723, 48.19156670003358], [71.94335169995152, 48.18888269996833], [71.94749410032291, 48.18418830029929], [71.95026760025358, 48.17878349979767], [71.95625300043152, 48.176331499958216], [71.9617196001767, 48.172966500184565], [71.96571880010858, 48.16895679987595], [71.96810760011212, 48.16322220002261], [71.97040699977858, 48.15743920029284], [71.96678349955299, 48.14890979984568], [71.96813450016329, 48.14199089992455], [71.97037120011781, 48.13568010000455], [71.97643719983797, 48.129028100063294], [71.9750950997355, 48.12084029997714], [71.97384770003035, 48.1137783999328], [71.97187390012846, 48.10751830019496], [71.96993800014847, 48.09912799992731], [71.96836909969132, 48.09143789987901], [71.96576260016523, 48.08585970010312], [71.96468710027614, 48.07782099976304], [71.96269849973164, 48.068970100133626], [71.95570150042411, 48.06121629980382], [71.95534720038442, 48.05259009973389], [71.94915539969357, 48.049005899853924], [71.94269580043677, 48.04580000003407], [71.9409332995611, 48.03799750017062], [71.94626560027294, 48.03486269994219], [71.95231370016278, 48.03268499984759], [71.9612785004227, 48.02707279986347], [71.96687919977516, 48.024547699774075], [71.97242630024785, 48.02168740019738], [71.9744840001023, 48.01500870005445], [71.97916580017417, 48.01077690029709], [71.98289670028018, 48.00646729991941], [71.98779950028496, 48.00233090028652], [71.99193300014846, 47.998002599832084], [71.98977050013808, 47.99128039993899], [71.99317159995722, 47.985983400150886], [71.99393080033978, 47.978149299921576], [71.9993398001089, 47.974845900225105], [72.00508420026239, 47.971965900051515], [72.01115119980747, 47.969445700020636], [72.01909080044436, 47.96745490009967], [72.02474289960072, 47.9625821002799], [72.0283394000621, 47.95598999976572], [72.03175559966284, 47.95063869992432], [72.03555779995122, 47.94507920016886], [72.04016910023965, 47.94134369999678], [72.04290470024853, 47.93546499981925], [72.04168449973348, 47.92645539984969], [72.06114210041567, 47.885030900242505], [72.06872249980471, 47.87151340012022], [72.06334950002059, 47.86547040005429], [72.07244899996246, 47.84900180010855], [72.08508500009128, 47.84547970009438], [72.0899267999967, 47.84183730003933], [72.1225862999108, 47.79936179976431], [72.11293409981229, 47.79824880011087], [72.10390029995534, 47.798155400015304], [72.09614510009017, 47.79893969974547], [72.08929320026054, 47.80045889981944], [72.0833278998871, 47.79824079973969], [72.07619309991321, 47.795256799857626], [72.06760129992222, 47.79478620003236], [72.05945700018152, 47.79557620029125], [72.05275459977813, 47.79400490029796], [72.04565919991265, 47.79166770022305], [72.03506790011778, 47.78889549982622], [72.02881820031195, 47.78642630015019], [72.02219099967759, 47.7830652996993], [72.01610890035091, 47.778920699792714], [72.00905740025503, 47.7808679001836], [72.00363649960507, 47.77803030027179], [71.99710500009115, 47.77634769973342], [71.9906097997013, 47.77868859981686], [71.98529090005688, 47.77599900029599], [71.97759260038002, 47.779443899777476], [71.9692468004363, 47.77811490000443], [71.9618720002629, 47.775512500274026], [71.95594499956161, 47.772201699729266], [71.94563039973893, 47.77140840027764], [71.94049870001658, 47.76692459996522], [71.93644370033248, 47.76169809977156], [71.93037549973987, 47.75862790009412], [71.92092049960915, 47.7561784998462], [71.91340379975688, 47.75340189983823], [71.90832699967476, 47.74999960017025], [71.90457289967823, 47.74518920008872], [71.89719229998138, 47.74331260006431], [71.89163909994794, 47.73856839999427], [71.88752409998936, 47.73094199987849], [71.88496000004635, 47.72430980016868], [71.88039849966238, 47.71903970004129], [71.87477449980807, 47.71592309998376], [71.86786129984178, 47.71292069973458], [71.86298840026117, 47.709413099938146], [71.85736880035518, 47.705618099758105], [71.84877420031539, 47.704195800195286], [71.84129149990001, 47.702436299794094], [71.83203570028523, 47.70219359994032], [71.8234711003827, 47.69960490027522], [71.8137144998785, 47.70069029989411], [71.80479930009697, 47.70162740007285], [71.79622470014867, 47.701094800006466], [71.78932300041463, 47.70272620026735], [71.7165716004371, 47.51907219986112], [71.57668769970206, 47.54342539986562], [71.38131769984831, 47.656158499988635], [71.36169380034579, 47.535278399874386], [71.30667290008516, 47.39522399989142], [71.30855770029855, 47.20907530011462], [71.30922079981035, 47.14181950011522], [71.32411799964645, 46.88728020025932], [71.34683490018185, 46.71958469990118], [71.2850197000676, 46.50401169969921], [71.32968940044589, 46.326588500280714], [71.3119416997879, 46.22204069995974], [71.32604210025517, 46.00726269989577], [69.06711030036956, 45.99988710018298], [68.9978451003129, 45.99960969982296], [68.23793560021387, 46.00030660026582], [67.65231509983747, 46.00006999992187], [67.17498010017708, 46.00053450018882], [67.17062079978379, 46.00968540022353], [67.16786699990723, 46.019248899868344], [67.16371449977719, 46.02514179987812], [67.16093090008775, 46.030722400110065], [67.16544199959438, 46.034554399870785], [67.17891260019915, 46.0419825998179], [67.18169260033926, 46.04988009983112], [67.1634207003736, 46.056939799903056], [67.16106959996759, 46.062694399690876], [67.15597629963034, 46.06667819977259], [67.15883979997272, 46.07441040013472], [67.15573820026597, 46.0846364000231], [67.14943100019708, 46.09731669988545], [67.14384060002939, 46.107641199895056], [67.14937000009772, 46.1146928001636], [67.15762669974173, 46.12646660030226], [67.15818530003315, 46.136138899882624], [67.1498195997109, 46.13594800018846], [67.1411960002571, 46.1362814998223], [67.13684500029703, 46.14330659976064], [66.90166420030023, 46.172474800137024], [66.67693459974484, 46.15861870001922], [66.38999600011257, 46.16247380001664], [66.04122769976077, 46.18024830015207], [66.00265349977654, 46.175962599855325], [65.8925691002462, 46.178001700187096], [65.69824300024476, 46.20989160019221], [65.58595840020818, 46.212706000077695], [65.55062669978474, 46.23606779971788], [65.37255600022675, 46.31171370014839], [65.14084249959726, 46.476547400170126], [64.94176680007621, 46.501354099727315], [64.4472821998706, 46.688871499964506], [64.17890679959608, 46.74202829969856], [64.02996689983688, 46.79515660030168], [63.90217949981705, 46.82293690020348], [63.84862519986906, 46.83563559972154], [63.83078670019713, 46.83560839992602], [63.81595960039421, 46.83346210024785], [63.803915699632135, 46.830798399760624], [63.78983660001685, 46.83202510026144], [63.781387100353335, 46.83597069975285], [63.77139479988489, 46.83956689987187], [63.76082950002937, 46.840122499954774], [63.746616999696066, 46.83134740018331], [63.73954189995937, 46.83010590013472], [63.53382329994773, 46.91979219989688], [63.50890140010581, 46.92886389972324], [63.44727330020064, 46.93652950005988], [63.30312550015547, 46.971510700025185], [63.21296969968886, 47.030164899834], [63.37061709975282, 47.06415640000741], [63.40708740042587, 47.1134824000388], [63.01831950010939, 47.19920629992584], [62.95008930029558, 47.19077049992635], [62.99928830004817, 47.21979180023363], [63.145694400038906, 47.29646940004677], [63.20373749971497, 47.333312200086546], [63.22546449992642, 47.36067299994462], [63.65320320013677, 47.51545179981972], [63.8334119996655, 47.62820540028431], [63.84455520011639, 47.63818360023714], [63.96589309973976, 47.69283089996623], [64.01467370016566, 47.703233499999456], [64.16323769989421, 47.81507879995272], [64.27717399990439, 47.89953790008713], [64.21544530036553, 47.92413999994336], [64.12010450043574, 48.002341799963496], [64.01607460039335, 48.1702789001808], [64.05603130041331, 48.199091500261176], [64.28284980021124, 48.347706899757874], [64.22745600029299, 48.46178099996968], [64.52177609973404, 48.50360300020428], [64.57862770006832, 48.51077020010714], [64.54529560006, 48.528922300242215], [64.4908254003062, 48.56554170020727], [64.5307139002298, 48.59973169996759], [64.46867219979814, 48.67472710028237], [64.69801929991571, 48.67566410017165], [64.74580520031908, 48.937744999710546], [65.48612990008833, 48.82832769974167], [65.63201939962043, 48.86208800019591], [65.63747070015795, 48.86796230024312], [65.64415559958304, 48.869294799840574], [65.65070550018717, 48.87161919983225], [65.66177949981842, 48.87238900003515], [65.66760909978676, 48.876060400186745], [65.67717499963425, 48.87681529991948], [65.6858180997162, 48.874091500092504], [65.69527149994738, 48.87768869986226], [65.70434219990123, 48.87743699980628], [65.71476349981673, 48.877096599868494], [65.7238116996677, 48.879450200285525], [65.72952880001966, 48.87475759974641], [65.73684389995587, 48.87558660016772], [65.74251139982944, 48.87866519979664], [65.74634230039288, 48.88301740020779], [65.75253209963729, 48.88550399981894], [65.77197310035136, 48.97076309971185], [65.77539629962477, 48.98218099999522], [65.81501079991195, 48.9866325999712], [66.07308969962011, 48.99315100000751], [66.3000009001655, 49.15727739987327], [66.41243360005306, 49.24151559996514], [66.54217739960765, 49.27041060005954], [66.59718109982555, 49.32435539976726], [66.65143559970655, 49.45668170011063], [66.83701749963069, 49.578736900283744], [66.99939320015885, 49.63078720026672], [67.01173150039912, 49.634279900120525], [67.04171629979244, 49.64747579983305], [67.0581457003131, 49.66700509976872], [67.08698530043274, 49.69052110019883], [67.37375189963754, 49.938176800199955], [67.3991195004043, 49.915453799934], [67.43163440030372, 49.886058399855756], [67.43692859987112, 49.88304700016658], [67.44322869965599, 49.88074480013118], [67.44490580039255, 49.87263419994571], [67.44694750035342, 49.869325599986915]]]}, "properties": {"ADM0_EN": "KAZ", "ADM0_PCODE": "Kazakhstan", "ADM1_EN": "Ulytau Region", "ADM1_PCODE": "KAZ019"}}, {"type": "Feature", "geometry": {"type": "Polygon", "coordinates": [[[48.88106850043904, 48.08748819995805], [48.91009929978041, 48.152042474904384], [48.88106850043904, 48.08748819995805], [48.754472700372276, 48.09769690016785], [48.65538209978299, 48.1056862002681], [48.498736400312595, 48.11831339998679], [48.34718639968127, 48.13724530022131], [48.228694451811194, 48.152042474904384], [48.00415500034695, 48.18007150027734], [47.84066259959746, 48.18968869987572], [47.6348173002999, 48.201794699933245], [47.46123819962031, 48.21200090012268], [47.28557660019465, 48.2223274002652], [47.16785009959164, 48.21822040028753], [47.111074699749594, 48.23375289993921], [47.12297380017272, 48.268503100001176], [46.932088999599365, 48.31690340008792], [46.90858890018862, 48.31958959994092], [46.88934529976667, 48.327686500246166], [46.74764160001389, 48.35348900026797], [46.73892469973811, 48.35809899996961], [46.67761440042423, 48.390511500268936], [46.645905399827456, 48.38508589977218], [46.493217900281046, 48.432557999882825], [46.53690650023193, 48.51259059992127], [46.579436799879026, 48.590236999931584], [46.62203600030844, 48.667748799881814], [46.68880339968328, 48.7887136002555], [46.70165210021008, 48.81191889985492], [46.70712360026509, 48.821793600043726], [46.71069090008985, 48.82822949979327], [46.719819800094285, 48.84466979991502], [46.73143049998872, 48.86557190004136], [46.73744919981593, 48.876469999723916], [46.74417589964776, 48.888572899906514], [46.756630200238995, 48.91096090008857], [46.76807729985217, 48.93143220012333], [46.77916489997684, 48.95141369998138], [46.79171119973124, 48.95194680011395], [46.892575999956165, 48.98205460022423], [46.97203999980886, 49.027344199951806], [47.028725000387226, 49.089208999911314], [47.03542910040317, 49.111874799747966], [47.05134269996576, 49.16558830023505], [46.996185599836686, 49.232395900129944], [46.914583899763656, 49.28290470009594], [46.8375881002058, 49.319407799806946], [46.79521730003063, 49.33496870016552], [46.78224209964385, 49.33987690004721], [46.805880400369546, 49.4292587000643], [46.81124830041777, 49.46079560001488], [46.82932470002813, 49.56560430026906], [46.83892379981183, 49.565737599806475], [46.837221999896606, 49.60657119980065], [46.85789140004929, 49.64357810020583], [46.85879889970886, 49.65190109980399], [46.87021910016918, 49.742962699851894], [46.89345469962773, 49.83020010008572], [46.902555200292824, 49.863780599983535], [46.9295241998688, 49.8746857999448], [46.95735120013554, 49.87134550011094], [47.12593609992501, 49.91904299991925], [47.18246199988339, 49.9349592999116], [47.213248899604025, 49.96387560005832], [47.23281830011484, 49.98223879976634], [47.24322260031194, 49.99197729993504], [47.25319100020397, 50.00132080027511], [47.26419480008903, 50.0116242998186], [47.27681059980201, 50.02343259972389], [47.290341000356904, 50.03610030010931], [47.30266709967903, 50.047613200097715], [47.316916299784864, 50.06092280026033], [47.33084230042463, 50.07254340022633], [47.34295250044789, 50.08386770019585], [47.35354660029148, 50.09434219976384], [47.32636569981808, 50.13768150007924], [47.317712899727674, 50.15201360009779], [47.29898040027821, 50.16434839989542], [47.277429900155504, 50.17857529971722], [47.25747329970603, 50.19174620008009], [47.27213059995398, 50.200451400029245], [47.286213900091525, 50.208814199721374], [47.312744500249195, 50.224564399850884], [47.33541819990426, 50.238020800128446], [47.319206199767216, 50.24972150017353], [47.31004979963696, 50.25632380001503], [47.30201129987715, 50.262109499723806], [47.29541570017787, 50.27458209998683], [47.29201729979621, 50.28368030004583], [47.298277599722425, 50.298340399982635], [47.3031057003198, 50.30361679996353], [47.30766800020444, 50.30741370021984], [47.31388410032375, 50.31027429995371], [47.31845469974325, 50.31506109973751], [47.32494499982321, 50.317366799719686], [47.32864730026552, 50.32358289997207], [47.3344519998325, 50.326267500276074], [47.33987779989405, 50.33195619994489], [47.345470199711535, 50.32908080016668], [47.35356510019648, 50.32890019994794], [47.36373259999309, 50.329077299742195], [47.37016169964939, 50.33252229975374], [47.375715000294136, 50.32987750016327], [47.38305689967027, 50.328104900050946], [47.38943810025726, 50.331320700112244], [47.3959391001706, 50.33420299999272], [47.40396319993643, 50.33505369990479], [47.40839689969988, 50.3404530002169], [47.411443299729086, 50.34621609983124], [47.415167099551, 50.35281670000027], [47.41886169963472, 50.36497970019505], [47.43084039977518, 50.37705760019204], [47.45257439965926, 50.39898500009393], [47.46508149962964, 50.41157379996695], [47.47236369966683, 50.41992809982124], [47.48755309990533, 50.42565629990692], [47.50494449997556, 50.43274889981046], [47.51415790000721, 50.4389384001411], [47.527622599578834, 50.44997280007681], [47.53453599986948, 50.45539159994778], [47.54168470037402, 50.460651900281455], [47.56818030037169, 50.46189929978362], [47.59379270013817, 50.46309449984157], [47.61077109975652, 50.46387989975952], [47.61366789974814, 50.45757889989493], [47.62122470039472, 50.459397199732365], [47.63295680041324, 50.45664410018485], [47.637326000240996, 50.45223410012684], [47.62613899973351, 50.44922099979036], [47.63039870031804, 50.4436911997375], [47.63884389974622, 50.44223610000501], [47.64577130028054, 50.44685459996251], [47.649404799653546, 50.441563999875626], [47.64232180013224, 50.439756600161914], [47.64529050038095, 50.43377140013138], [47.65085010001247, 50.430105800003965], [47.651798499966986, 50.42292530003141], [47.66194289958603, 50.42310589978936], [47.671490000389575, 50.42254509978259], [47.66621299996664, 50.417212299975695], [47.661482099777906, 50.41344400017211], [47.66613699979864, 50.407340600154775], [47.6732053998999, 50.40397180020285], [47.67961260042623, 50.4002775002775], [47.68718040004515, 50.39928930025119], [47.693507300168214, 50.39418659983236], [47.69944849964087, 50.39176620007203], [47.707073000022184, 50.39049289972062], [47.71530059964079, 50.38882460001289], [47.72565739962065, 50.38806679980109], [47.73171799956761, 50.385990000183845], [47.73601159987603, 50.38044039996947], [47.74332220015098, 50.3783683998453], [47.74662939997174, 50.37289199983491], [47.74121660032897, 50.36899070010168], [47.74417360002108, 50.362954900120506], [47.746283400365336, 50.35407790019338], [47.753103000370615, 50.351787899978646], [47.760646199625434, 50.34798980014922], [47.762734099941355, 50.34112370007514], [47.77172930008882, 50.3393095997455], [47.781578799868186, 50.33964040004537], [47.786881800230404, 50.334104600059874], [47.795747999608125, 50.33348050027565], [47.804532000442386, 50.334247499996216], [47.81050679960165, 50.329851699869295], [47.821769599952816, 50.331638700247694], [47.82851560008856, 50.329759699867225], [47.82611010040393, 50.32255730019177], [47.82206669976674, 50.317488200273246], [47.82791129980367, 50.312520599761534], [47.83505109980036, 50.311331300002244], [47.8437958999523, 50.30733660006184], [47.849171300034826, 50.30427639996432], [47.854664499793856, 50.29791670020163], [47.85982730008969, 50.29259160001351], [47.865994099767896, 50.28936269994659], [47.87183059969591, 50.28311080007899], [47.87911270002016, 50.27690099987293], [47.88298859989108, 50.272250099890805], [47.88800099975046, 50.26733609973665], [47.89517660030621, 50.26478889983047], [47.902519300081195, 50.26070699984456], [47.91096939981932, 50.254472900024176], [47.91897499968017, 50.25185359994573], [47.925649299883105, 50.24979309999728], [47.932094299719985, 50.248178300138214], [47.93774859974881, 50.24448400016592], [47.93620359986806, 50.23624979985672], [47.93992259999151, 50.23169879983695], [47.94839160028318, 50.229551600141555], [47.95319809999124, 50.22428020009651], [47.95045150011178, 50.21648190006692], [47.957145999832214, 50.20851130006717], [47.9608531996861, 50.20367339986864], [47.96465220017546, 50.198896399889236], [47.96788540037637, 50.193109300106386], [47.976197199984966, 50.19059539978959], [47.985250200432695, 50.18713569976625], [47.984915499835935, 50.17929639994553], [47.9929996995892, 50.17447119980811], [47.99831689962109, 50.171259299795665], [47.99989369986293, 50.16078440025603], [48.00259970038318, 50.152664300168105], [48.00585470000106, 50.146461599715934], [48.01177680039248, 50.141322499983566], [48.02140590031348, 50.13947180007932], [48.0270371001648, 50.136363400116394], [48.036106599969365, 50.135978700055325], [48.037881800328215, 50.128653700110426], [48.04579660027672, 50.12793410012914], [48.050343900092706, 50.12260279985439], [48.046968599888544, 50.11740419974979], [48.053063999671316, 50.111836799967165], [48.06098149995558, 50.11203209988005], [48.06837700000807, 50.10644289976786], [48.07763410038333, 50.10425150001322], [48.085328999936834, 50.1028079998641], [48.09521020036416, 50.10001350001808], [48.09943830001366, 50.094278200182956], [48.10465859967422, 50.09051980003942], [48.10811849961854, 50.085807100105015], [48.1081663995861, 50.077613799983865], [48.11063149979496, 50.071573900139924], [48.11574249963823, 50.06610629994562], [48.11752499970703, 50.05741060010634], [48.122722999589, 50.053569699897395], [48.12583580038899, 50.04723249983324], [48.12881669975922, 50.041337499943864], [48.12922630008775, 50.03284159990712], [48.128445600325456, 50.02423349986252], [48.12569949990925, 50.01803199999864], [48.13115060012248, 50.014264300181935], [48.130216999912314, 50.00616669984767], [48.13213449970037, 49.99860399989201], [48.13762400019705, 49.99537209981035], [48.14113840003136, 49.98946829980494], [48.14552150038978, 49.98578270018492], [48.1507080997525, 49.98244159980684], [48.156906300041435, 49.979826599905756], [48.157480099827474, 49.97145060005651], [48.1620150999106, 49.96792209990666], [48.160262599978985, 49.96124949996384], [48.1627831001897, 49.95564359994455], [48.169019500437784, 49.95358360023324], [48.172583199814895, 49.948984399872955], [48.17997219965796, 49.94737420009905], [48.186154700090675, 49.94533589990686], [48.19287440024982, 49.943618299740244], [48.19584459978672, 49.937801399956406], [48.197862600393755, 49.93181829994636], [48.2048291001008, 49.92900409995324], [48.21039549997906, 49.92566889987235], [48.21502660003466, 49.92124840011216], [48.218516599829236, 49.91641069975809], [48.221050699635, 49.9104948998691], [48.22579080036887, 49.90589249982654], [48.23108890042123, 49.90244879994608], [48.23472790017871, 49.89736320010557], [48.23313190024438, 49.89009190018061], [48.23101640008956, 49.88232369995993], [48.22631610011275, 49.87868180003314], [48.226959000107065, 49.8712104998254], [48.23296910036204, 49.86829230022184], [48.23990420035666, 49.86979059990248], [48.247228100189346, 49.86760550009315], [48.253427600340515, 49.86491619985942], [48.25912990004995, 49.861561999715626], [48.263731200292554, 49.85811849974325], [48.270914500308606, 49.86018619982122], [48.2798685998369, 49.859955200117454], [48.28801260043857, 49.85994539990204], [48.29615780029118, 49.86018070007556], [48.300335899711904, 49.86480200012474], [48.30615419977223, 49.86764089986943], [48.310705100035875, 49.872120499809824], [48.316453099738766, 49.86922000007035], [48.32019529975267, 49.86408380024821], [48.32393589986713, 49.857000500038545], [48.32664660037295, 49.851627900083145], [48.332227299633885, 49.848574199963984], [48.338206699964005, 49.8506292997896], [48.342771899610376, 49.84655639980884], [48.343619999968375, 49.83930590009092], [48.34794360041404, 49.834554200023966], [48.35376350037392, 49.83134729992427], [48.357069800082755, 49.82608240026907], [48.36463590008913, 49.82693600015793], [48.36931710008645, 49.83045829989558], [48.37483379977329, 49.83387760014328], [48.382893199736436, 49.83585519979034], [48.39188369989839, 49.836768899999576], [48.39702300026635, 49.832409600273984], [48.402066000337584, 49.82797399973783], [48.40750900044189, 49.823023599857216], [48.41170200021826, 49.81882489996176], [48.41676079985872, 49.81555400015349], [48.42306809964061, 49.812639500106144], [48.426825800084785, 49.807541800042635], [48.435562999591056, 49.80453519996604], [48.44060900003532, 49.80123250003323], [48.45034139992579, 49.83513580020226], [48.50137979993564, 49.84789369979585], [48.51670989970379, 49.85279160015542], [48.54162489958596, 49.86075130013407], [48.55683580010248, 49.86563299998528], [48.58202539969563, 49.873635200277036], [48.61268659995514, 49.88299619975716], [48.63170129976123, 49.88880049984967], [48.65900800030698, 49.897134799889535], [48.673940399729226, 49.901305299885294], [48.695143000308676, 49.90722650002796], [48.71954169976952, 49.914039300102715], [48.74562389956502, 49.921321200222614], [48.7650853998338, 49.9339711998142], [48.78775940042446, 49.94870520014516], [48.80859869984516, 49.96131850012533], [48.834756899808596, 49.97708850012562], [48.85666649966956, 49.99027530009345], [48.8797844997759, 50.00419990008648], [48.90208439966148, 50.01758050011951], [48.89845669981194, 50.02364300015789], [48.88912399991723, 50.02677740010697], [48.88137320000026, 50.02996880010462], [48.881863099833694, 50.03801220025587], [48.87595010027448, 50.04364069992426], [48.869471700177016, 50.048233799715085], [48.865932499654356, 50.05388430014895], [48.8642753001946, 50.06243869983619], [48.86362230044151, 50.07031970023113], [48.86264400006283, 50.079290399753845], [48.85594330017028, 50.082518099840684], [48.8514271997424, 50.08610649990536], [48.84798739960256, 50.09131989981526], [48.84095040011201, 50.09239950002771], [48.83416800024102, 50.09379649994435], [48.824807200145926, 50.09561639971451], [48.816665599842665, 50.09635000014165], [48.80856760017005, 50.096956600106196], [48.79906379995984, 50.09673450010709], [48.791655199775626, 50.09763790011769], [48.78561659956994, 50.10090609989392], [48.77712359988714, 50.09979220016281], [48.76817879971864, 50.098987699955586], [48.772119999924236, 50.111336400181855], [48.77908359986955, 50.12242420023209], [48.78906449981871, 50.1382530002782], [48.79719260023986, 50.15117839989016], [48.80902270016772, 50.170432800027726], [48.80139830039772, 50.18858250018334], [48.79422070019217, 50.20488560021412], [48.77181570011333, 50.2238682000916], [48.75616489999209, 50.23712380009443], [48.74262849958945, 50.24858570028538], [48.73240849955272, 50.257237599745054], [48.72776490033822, 50.27486960019742], [48.72305829957794, 50.2926693002735], [48.71916970022383, 50.30728989985847], [48.71436010042968, 50.32536679999426], [48.711141199611504, 50.33746160001468], [48.70754129992509, 50.35098379997079], [48.697548599706316, 50.388499699717535], [48.69316259958612, 50.40497060008646], [48.68863159970095, 50.42198040006429], [48.68435259971086, 50.43803849989646], [48.67833049976033, 50.46062890004795], [48.674570600240344, 50.47156990014691], [48.67142650033918, 50.48071700009295], [48.66605129968266, 50.498232199989076], [48.6622961998612, 50.514161600127906], [48.65888449992175, 50.52780600006266], [48.65838290042999, 50.54186750008009], [48.65935040036405, 50.54905560013666], [48.656342300007054, 50.55539500003356], [48.65841469989278, 50.562594599821324], [48.66360229997861, 50.567713499862386], [48.66329469975738, 50.575634600255604], [48.65915600044504, 50.579647999813055], [48.65424070038296, 50.5834297002624], [48.64641119996226, 50.587292199754046], [48.64929070019817, 50.593608300201055], [48.65218780022708, 50.60106339986577], [48.64697300005274, 50.60396299999538], [48.6388609004234, 50.60544820008716], [48.63322260028816, 50.60850310025121], [48.627294599761946, 50.61069520025601], [48.619298900233865, 50.6117359999064], [48.611231300448814, 50.61092859988329], [48.60467370038431, 50.61423800002882], [48.594788400046035, 50.615897099801465], [48.589293400063156, 50.61890449998213], [48.58523870041637, 50.62288760016796], [48.578149799861954, 50.62582359996432], [48.5744585001887, 50.630595399858365], [48.60621069986916, 50.66192899984437], [48.611925099885404, 50.65890559997809], [48.61869739999774, 50.65718890014353], [48.62729209975047, 50.65384689988872], [48.632293300313265, 50.64894890013477], [48.64021289996033, 50.64808540003126], [48.64722830035816, 50.64496489976442], [48.653656899652844, 50.642112000239564], [48.65735709983406, 50.63764369971667], [48.66353969997978, 50.635277599853005], [48.66761830020298, 50.63043720005721], [48.67300329968266, 50.627045700257554], [48.67657720032815, 50.621568200008646], [48.681921300411254, 50.61880400013438], [48.68757480004115, 50.61510060015525], [48.69583760014426, 50.610189800175654], [48.70384100003093, 50.608573900206274], [48.71086409988905, 50.60738620021594], [48.71760699993872, 50.605932499795344], [48.72329489965412, 50.603041699867624], [48.73005730033199, 50.604363899715565], [48.73688470040887, 50.605849100266674], [48.740510099672896, 50.610419800181155], [48.74690320024256, 50.60858129989914], [48.75478760030356, 50.6088049998175], [48.762788800216136, 50.608996400280695], [48.77179570002186, 50.60765090025604], [48.814683300081605, 50.595517699883196], [48.83908330030298, 50.605259200236645], [48.85535550014051, 50.611744200016304], [48.87947739991622, 50.62137029992878], [48.90324630041285, 50.630834899755236], [48.93361000020984, 50.64292280022748], [48.953959200371095, 50.651022100010685], [48.966600000198426, 50.66130000009772], [48.97199879959753, 50.66555219996366], [48.97930719989831, 50.6714323000999], [48.988218500093225, 50.67860110023092], [48.99927149980809, 50.687479300211635], [49.005814399841235, 50.6839993001155], [49.0223425997718, 50.69404499978022], [49.06030389989894, 50.728481100051155], [49.08289910027289, 50.74893529971697], [49.105163799673974, 50.76908149996742], [49.12623520040793, 50.78456749980345], [49.1562180001514, 50.78933839997123], [49.19904710012326, 50.79612060002113], [49.21719570002791, 50.798994000245756], [49.2407012001102, 50.8116195002643], [49.262264800364704, 50.823034299995044], [49.295359899648254, 50.82849340020506], [49.32251390007044, 50.83296299980781], [49.34966800020563, 50.83743230021592], [49.37682199972952, 50.84190110003171], [49.40842469998381, 50.84705950003131], [49.41870869959469, 50.84873809983367], [49.42574449983436, 50.851395500002745], [49.42956020000485, 50.8589003002439], [49.433903600217626, 50.865125600119924], [49.43810310020337, 50.86946459999574], [49.44289049993188, 50.87458299990911], [49.44037080012008, 50.88083639983163], [49.44304649956748, 50.88623370020231], [49.442380500293964, 50.893605700222224], [49.43833109980902, 50.897776499975166], [49.434611999972624, 50.902723199935814], [49.428338899951854, 50.906316600126765], [49.42755639996578, 50.91435380021391], [49.42784349973393, 50.92233260011056], [49.4241158003253, 50.9274147002797], [49.41939009958547, 50.93200799985342], [49.41400429970686, 50.93657560002492], [49.41269779983909, 50.94391970003054], [49.41261380017353, 50.95192499979598], [49.40848019969873, 50.95608060011031], [49.37458100043801, 50.98103319987052], [49.338525399829365, 50.98706899987105], [49.34472800006656, 50.99376400021404], [49.355962299568745, 51.00574629983404], [49.36755629978198, 51.01810899993506], [49.37982600017561, 51.031184599989686], [49.396411500044884, 51.048889600208355], [49.39516959982586, 51.06331860003688], [49.393634699703824, 51.08092789974992], [49.39283339977544, 51.090066600025416], [49.419379200326134, 51.089952299861736], [49.43038430007343, 51.08992850001076], [49.43719709983197, 51.105211199804664], [49.44007519959435, 51.11163150007247], [49.45466640000706, 51.1255932001759], [49.470714000362285, 51.11341220019961], [49.49034379999961, 51.09850229978063], [49.50960199984155, 51.102167799815135], [49.537027599601686, 51.10738199983704], [49.54844270032612, 51.10922570026158], [49.562003000406946, 51.11006289997084], [49.57926039968455, 51.10991179997356], [49.6047117997926, 51.109689099805486], [49.65139699986822, 51.109265399939524], [49.67076009957911, 51.108916500134924], [49.690651099656655, 51.10812130009336], [49.71828043103504, 51.10779288001874], [49.75142600036624, 51.107213599892646], [49.77580779982164, 51.107109100258675], [49.79367080014468, 51.11960660001381], [49.80832639988172, 51.13001269979656], [49.834050100013634, 51.14703550021827], [49.84772530000913, 51.15463270000319], [49.8563728000394, 51.16099020001785], [49.86895639964104, 51.170225299761135], [49.88449329967242, 51.181612200056286], [49.88918409996514, 51.1850494999391], [49.90611790002628, 51.19745600026261], [49.91100099997691, 51.20103300024904], [49.921566500156786, 51.20558940014813], [49.93728969999833, 51.212310900211406], [49.95311630042064, 51.218834900268234], [49.97436580024448, 51.228102399883156], [49.989410300430954, 51.23453329990576], [50.008057699778625, 51.24344809991572], [50.04012010030317, 51.251630800028096], [50.07224620036447, 51.256209900217605], [50.10325009982, 51.260628499810544], [50.144725199706826, 51.266623999817966], [50.182617899987264, 51.272100899844254], [50.24317140011526, 51.28004830001404], [50.25364150011029, 51.28455709998335], [50.26741840017577, 51.29048929978841], [50.35756979979581, 51.326483400178724], [50.37313519977789, 51.33261099972979], [50.36946459998367, 51.33742460016914], [50.35714249996122, 51.35500140013644], [50.33819850026294, 51.38201069997256], [50.358695200200565, 51.388962699905896], [50.38822690014437, 51.399001700053965], [50.40295720018719, 51.404006700213955], [50.39666109970193, 51.407264900272466], [50.38915960024261, 51.40956620003349], [50.38424159984486, 51.41428360025233], [50.38021130023777, 51.41983089986377], [50.37396179985795, 51.423074800262064], [50.38059310040322, 51.4277731001294], [50.39493609989614, 51.42777689984905], [50.42960779999553, 51.4277814999514], [50.476232200296096, 51.42775649987654], [50.49687040016235, 51.42774889987348], [50.49747790024628, 51.448958100189934], [50.497963599557465, 51.46590979974084], [50.52633350025944, 51.46540529990979], [50.54686479970853, 51.465040200173824], [50.552185000113504, 51.469452300032124], [50.55468599969607, 51.47574699980578], [50.55614690019821, 51.48239579996573], [50.553337499995486, 51.48955880002398], [50.547902600000086, 51.49231940010627], [50.546354199995996, 51.49908830015289], [50.541276899552315, 51.50397869993822], [50.53777429998756, 51.51005600021706], [50.539186299798914, 51.51783210018812], [50.53753709983676, 51.52431759984271], [50.53758849964067, 51.54803970012127], [50.53763310009624, 51.56864739996706], [50.53769679963301, 51.58419099995098], [50.5411738996201, 51.59249159986033], [50.550236699789345, 51.6001501999964], [50.55666580034395, 51.59793900010977], [50.561410300127726, 51.59447520019582], [50.56470650007792, 51.5897247997838], [50.572892499614035, 51.59008870014325], [50.58671879983361, 51.590632200073784], [50.586241400057354, 51.60720189994652], [50.5856576002256, 51.629160699861835], [50.58518240042345, 51.64583479975453], [50.6249749000875, 51.646778899803586], [50.63590559956641, 51.64308240021257], [50.63602280006653, 51.62915129992278], [50.655687100400655, 51.62906819984916], [50.68686539968384, 51.62893409984004], [50.73072539998752, 51.62852700009233], [50.73331369964597, 51.61749260010436], [50.73364210035766, 51.609300599739726], [50.72864809979192, 51.60603440014048], [50.722841600001146, 51.603479900154966], [50.71651670042624, 51.60078579982503], [50.71031280032675, 51.59895029998518], [50.70656280024119, 51.594463099900075], [50.698544299674616, 51.594548900151935], [50.700548999825614, 51.58819309982875], [50.69406850036536, 51.58623899998195], [50.68613530022482, 51.58675769996231], [50.68136960020039, 51.58346250010608], [50.679096799649486, 51.57573219996624], [50.7018103997745, 51.57461499997638], [50.7432117003658, 51.5747341998783], [50.767718699818985, 51.57480479982082], [50.76665539994976, 51.58558809991932], [50.78577969961038, 51.58535839994328], [50.80730039992015, 51.585099900054274], [50.81207440037792, 51.58993319973747], [50.8121537997709, 51.60046999998889], [50.812328900284406, 51.62097590000169], [50.81245369963359, 51.635598000068114], [50.81256969998455, 51.649170600050816], [50.83257969988772, 51.64915749989577], [50.822163099957805, 51.65850490009387], [50.8108786996156, 51.668628799858986], [50.78741069970484, 51.68477619977341], [50.76817189987981, 51.71474829981343], [50.76726699994465, 51.730786100138594], [50.76770330000003, 51.7571704999945], [50.76816279994597, 51.77303660009853], [50.867492099974235, 51.75421020003064], [50.87639650020947, 51.73904119988192], [50.88200860008118, 51.722737800123404], [50.88482960022909, 51.71456269987264], [50.88841859975787, 51.704091099922145], [50.89361360016511, 51.68137519988126], [50.90092080031666, 51.6824982999859], [50.90977509971183, 51.681828099731995], [50.9177918000546, 51.68177819981802], [50.92464089983551, 51.67955509978912], [50.932659700439444, 51.68032770019171], [50.941680000414216, 51.68042700019276], [50.94891440019686, 51.679520199851204], [50.95815619956791, 51.68000890013745], [50.96622929973753, 51.68073689988276], [50.975174900304886, 51.677785200217514], [50.98297809985075, 51.6759986001213], [50.991180799966315, 51.67541420008192], [50.99685299982551, 51.67207870005934], [51.005040900196775, 51.67330949986561], [51.01268620017019, 51.67456609979201], [51.01897280007299, 51.67787259985358], [51.02597119985406, 51.67930829979086], [51.03205839981492, 51.681438599894825], [51.03577100034031, 51.68638100012816], [51.04229439974524, 51.68324169984319], [51.04421260021922, 51.6771281999728], [51.05119349992023, 51.67928709992687], [51.05914110005474, 51.67788019995928], [51.0617068996103, 51.67195560018909], [51.06919390026094, 51.67302930012379], [51.07293900003662, 51.668640699872384], [51.08110869964197, 51.66774849996842], [51.08809500001448, 51.66887680019471], [51.09676970013323, 51.668927000137884], [51.100193099730944, 51.67469400006708], [51.10746499968512, 51.673153700103036], [51.11217570035637, 51.676877700247594], [51.11898139983093, 51.67451519973278], [51.12506489963108, 51.67695830017185], [51.12998259999157, 51.67290709975243], [51.136687099757836, 51.67443829998566], [51.14499999980259, 51.67362449987951], [51.15048450027639, 51.67109799987786], [51.155877800189295, 51.67420640002303], [51.16240079984398, 51.67616450000301], [51.169868599903694, 51.677376200009085], [51.17498570020608, 51.67397379974115], [51.17796390013889, 51.66876310006777], [51.1856852002803, 51.66769860013972], [51.19348459995244, 51.667047699917454], [51.201675600409814, 51.66690630025351], [51.21505489984233, 51.682093399925144], [51.24205840011511, 51.68415880000189], [51.25088840008184, 51.68384609996629], [51.25744799979606, 51.68564879995606], [51.264329199975315, 51.68408000015513], [51.27214460043935, 51.68485759989053], [51.278606099633, 51.67589929987918], [51.2894741002983, 51.66080200004736], [51.29633010003888, 51.65127549993318], [51.30371300032113, 51.641056900092934], [51.32220400028289, 51.6410870999939], [51.33752349993065, 51.641123399833454], [51.35821399971279, 51.64117450019564], [51.380183400422105, 51.64122440024611], [51.38022429981874, 51.61894920000895], [51.38027279986092, 51.59258559976528], [51.380303300359714, 51.575976899947996], [51.38032629992598, 51.56342999990325], [51.368520399713546, 51.56340700016168], [51.3537602001448, 51.56338320016917], [51.33206649958268, 51.5633385001097], [51.30719300007, 51.563287299794], [51.292988100382296, 51.563252999989786], [51.26419320043125, 51.563183600060924], [51.254302600032716, 51.563159799951485], [51.24044619996289, 51.5631264002556], [51.24523699981474, 51.55601349988857], [51.24661509990225, 51.54624210006822], [51.245958900350146, 51.53551289997458], [51.24780459959409, 51.52803990022726], [51.258257399833425, 51.52818840020457], [51.27427270036429, 51.53030099974586], [51.28270419958613, 51.53172180007436], [51.285973900133705, 51.51486710005751], [51.2864490002228, 51.49237609998538], [51.31534169975889, 51.487180099793775], [51.324576399744316, 51.48712030012286], [51.34298580033887, 51.48701180020073], [51.38004100038162, 51.48582109997837], [51.38017579977652, 51.4761547999469], [51.406147600216855, 51.47549660017558], [51.431540699662904, 51.474853100207014], [51.438572700028864, 51.477167500198945], [51.44870370037724, 51.480459199915416], [51.46573439991142, 51.48542839981802], [51.4752548998027, 51.48655749973686], [51.48450320028148, 51.48653130007923], [51.49268079967145, 51.48466179982701], [51.50940479999462, 51.494129600169146], [51.527900899692206, 51.497935900016834], [51.54495269975409, 51.50144470015078], [51.566118799986995, 51.50579969981283], [51.56169969964347, 51.51409249988911], [51.556892800185096, 51.5231116997302], [51.58506450019607, 51.52835780018752], [51.57968630006475, 51.53950109993961], [51.57678190032585, 51.54551769974758], [51.58789020032961, 51.54766529988664], [51.601308700444505, 51.550240999909214], [51.61036790016606, 51.5383626998544], [51.630880299959955, 51.536768099905565], [51.64000489972913, 51.538452199870285], [51.645887500299196, 51.52698409985133], [51.65710869966959, 51.50510049979716], [51.64552950009888, 51.50204940025092], [51.64071599981984, 51.496896699938915], [51.63744600013331, 51.4903113002373], [51.62982489987534, 51.47495960023392], [51.640794400286254, 51.47666209983838], [51.649099599972416, 51.461166599748694], [51.65582539969232, 51.44863610008242], [51.73872900025892, 51.465167499812566], [51.73072649958588, 51.480750500047066], [51.8135513996487, 51.49701550011276], [51.80525689979586, 51.51375119987466], [51.795963399685235, 51.532236400195885], [51.788481799706105, 51.54733460016018], [51.779374199655315, 51.565433699815756], [51.770474900054325, 51.58319660007268], [51.79266209999928, 51.58775970019713], [51.79707460042039, 51.59168109981542], [51.79511560026284, 51.59784029997924], [51.78779150010585, 51.598771599754194], [51.78975559999922, 51.606102199835846], [51.795653700101205, 51.60836470024343], [51.80101120035336, 51.61328549995993], [51.80509370016327, 51.61726139984728], [51.80984009988391, 51.621378300084615], [51.81709199974661, 51.62395820027636], [51.821125299726674, 51.62902909998053], [51.823366099592235, 51.63584430003211], [51.830658700323795, 51.63896699991999], [51.83740140004915, 51.64059780025168], [51.84086440007957, 51.64615990005408], [51.84614030006628, 51.649787499751625], [51.85567369976511, 51.64848560005632], [51.86042010038404, 51.65221420026643], [51.86378120002018, 51.6582803001588], [51.861112699671466, 51.664029700077286], [51.85834229982683, 51.671408099902145], [51.894121300176344, 51.674188799814495], [51.89409489958845, 51.68340840027797], [51.92272699965723, 51.68365190023112], [51.964575600174534, 51.684007800073374], [51.99955970019379, 51.68344569994746], [51.99899549980485, 51.667216600021575], [52.04438700010717, 51.66712749997983], [52.05899240018955, 51.66816939978826], [52.074731500211605, 51.67403740008057], [52.090060600154885, 51.658376499931805], [52.12555379970008, 51.67210189994491], [52.14939389976783, 51.68173820019884], [52.16168499982811, 51.68663179981474], [52.16953450034035, 51.68420419991067], [52.17456829986637, 51.687453400190705], [52.17568699973746, 51.7078833000854], [52.176690099906196, 51.726634400264096], [52.18157509979374, 51.733373000108436], [52.19186329992688, 51.733834999917505], [52.213200499576914, 51.7348297998988], [52.233408700171154, 51.73575609987234], [52.23867860031012, 51.72375820022692], [52.24793229966379, 51.725624300265224], [52.262531499573996, 51.72856820021797], [52.28036740041987, 51.73255449997984], [52.307512800371526, 51.73791549977173], [52.33250760029536, 51.7427644002045], [52.33356330041729, 51.750196999734115], [52.32865539977826, 51.75503000006949], [52.32263000031568, 51.75846770024772], [52.31856279971342, 51.76326260003417], [52.324140600110915, 51.76746379981484], [52.33365850027778, 51.76978909988453], [52.358669600132444, 51.775898599843934], [52.3631984000435, 51.77224799987108], [52.367534199610674, 51.7584182001128], [52.374480600411545, 51.73626290007552], [52.38023480028649, 51.71789580001542], [52.37805959989456, 51.70885400001368], [52.379894300166235, 51.70017550025448], [52.38437020008685, 51.683187399802215], [52.39842649956188, 51.6640679997226], [52.41220750043667, 51.64531509999149], [52.415601100221394, 51.64069590011865], [52.421585799713405, 51.63860039982437], [52.42587509978657, 51.63452669987094], [52.42970330001424, 51.63019650020557], [52.43629530016418, 51.628494400124865], [52.450427800131514, 51.62325370027859], [52.46293659971439, 51.60605020021678], [52.47385109987369, 51.58878869992893], [52.48529019998926, 51.56999749978836], [52.49540229978402, 51.551416899969716], [52.500380000418936, 51.546169299948076], [52.503941400108886, 51.54162419996745], [52.50648749961028, 51.53520970013246], [52.51053549962169, 51.53101879994134], [52.508060899728726, 51.52387290008318], [52.50339789959909, 51.518648499770755], [52.50720600002228, 51.51314279982946], [52.50490309962114, 51.505887300141914], [52.509995199809225, 51.50212110000136], [52.51817699972143, 51.50231700004758], [52.52301770008895, 51.4984242999192], [52.53030719983625, 51.49936009976047], [52.53423210011096, 51.49510909986812], [52.54205179991195, 51.49482930016768], [52.54672010010179, 51.490822299789535], [52.55369979965356, 51.487558000239616], [52.5559056002573, 51.480906499776054], [52.550759199605295, 51.47724549982374], [52.54340700014621, 51.47562680025449], [52.535676300033714, 51.46988760012365], [52.542353899748754, 51.46164280008705], [52.55228270010638, 51.45892669979637], [52.560610699932745, 51.45303080003992], [52.5645062001449, 51.457769099909946], [52.56861449956973, 51.46497500000722], [52.57398370037849, 51.46813460018441], [52.57861580025902, 51.47426749976483], [52.58357940003892, 51.477572100228514], [52.59229980015106, 51.4765810997273], [52.597420700327085, 51.472930100271796], [52.59393330025693, 51.46730059988307], [52.58552189994126, 51.46270199993327], [52.58845659985473, 51.454435699866394], [52.59556970012458, 51.45330789999685], [52.602859599622136, 51.45564279979982], [52.61127109965079, 51.45617760002821], [52.619854099745325, 51.45468010016096], [52.624660600351746, 51.45788900003859], [52.61774400026205, 51.462451099988776], [52.61407700001718, 51.46772509987906], [52.61736900034334, 51.47253939972972], [52.62431700014545, 51.47418060018156], [52.627750500400175, 51.46901160017695], [52.633072100380396, 51.463557599915866], [52.64131180030595, 51.46302290014791], [52.64526000018422, 51.46783529989344], [52.64207749999959, 51.473900299945534], [52.6456033003532, 51.48494199981012], [52.649466499842646, 51.48956070011047], [52.65922169987331, 51.490066600217006], [52.664486099627766, 51.48718679994751], [52.66379939957686, 51.4773516999721], [52.66603099979552, 51.46869080027357], [52.67152419955454, 51.463343700164884], [52.67633070016096, 51.4584238002574], [52.68251050025796, 51.45639159997659], [52.68954860018468, 51.45746120013084], [52.68916670030629, 51.46571189979102], [52.68113719986902, 51.46730059988307], [52.67375579977327, 51.469225400053844], [52.675210599816346, 51.47819879976577], [52.68493729989631, 51.479297899858956], [52.693496899775965, 51.477458599796414], [52.70122160004071, 51.479062299836485], [52.71083470006813, 51.482269499988206], [52.71770109960473, 51.48376610020897], [52.72093630035381, 51.488914200199225], [52.72146910013198, 51.497469699727304], [52.7303958001458, 51.49654399983981], [52.725098900242635, 51.49013229981015], [52.728300999870136, 51.48481520006736], [52.737225400196785, 51.48383660025126], [52.74476050024098, 51.48525810007467], [52.751101200283465, 51.48869229975138], [52.74828450037076, 51.49471039977756], [52.74000119981463, 51.4951288998562], [52.73486720040509, 51.49990509998095], [52.73984539960503, 51.50471369984712], [52.743621999704445, 51.4994777001364], [52.74889650011596, 51.495418700273866], [52.758111200009864, 51.49616820007965], [52.757011600118325, 51.50417940024306], [52.75992979977664, 51.511124299921704], [52.764393000214085, 51.514863299758], [52.76706989981072, 51.52155620009579], [52.775573699938214, 51.519271800183255], [52.77314769980043, 51.51165840012682], [52.77179589968951, 51.50345470005342], [52.77944279956246, 51.50020569973093], [52.78087249977811, 51.50695750022778], [52.78567900038453, 51.51315409996906], [52.794117299853106, 51.5135814000587], [52.789632600035944, 51.50849659992021], [52.7860008999885, 51.503464799817344], [52.7894313998702, 51.49866120022557], [52.796665300189595, 51.501187500264514], [52.801940200351424, 51.50585820013747], [52.809196599875335, 51.50343139990847], [52.807867599904675, 51.495024799797136], [52.81267080010069, 51.491650500086664], [52.814861500024534, 51.4988364997429], [52.82129269994194, 51.50195019996719], [52.82550449966056, 51.49488230010286], [52.828250999827134, 51.48836260015135], [52.83553629995041, 51.48615810002082], [52.841297300072036, 51.489752099998505], [52.836490800363975, 51.49552359974777], [52.833057600146496, 51.50011889989735], [52.838379100413704, 51.50599589995993], [52.8450739001715, 51.503645099965794], [52.84902210004972, 51.49424109993682], [52.85743350036544, 51.49103469981435], [52.863956599733065, 51.49317229978582], [52.86927810000028, 51.497233500117815], [52.87734620014695, 51.50246970006306], [52.88568250040659, 51.50596250022886], [52.89605729992976, 51.50535480021991], [52.90000549980804, 51.501187500264514], [52.89708720043665, 51.49466859978172], [52.88807779972121, 51.49446540010409], [52.87684910031653, 51.490258800066115], [52.87013690019167, 51.48780239992074], [52.864484400386644, 51.48166089998725], [52.86845879963021, 51.475830299868974], [52.87717299957029, 51.474950200269944], [52.88200110016768, 51.480120799950456], [52.880116900028895, 51.487747399856325], [52.88800660015009, 51.490777899829965], [52.88953409995078, 51.48419369996163], [52.89519900009992, 51.47777930000404], [52.902580400195674, 51.47660330019064], [52.906528600073955, 51.48098659988679], [52.90841690012368, 51.48793499977674], [52.911163500003205, 51.49627170023761], [52.91785829976101, 51.49798159994696], [52.926784699737524, 51.49691289980294], [52.92300809963805, 51.49135540020222], [52.91785829976101, 51.48846949989808], [52.92043320014864, 51.48120049972989], [52.928158000126395, 51.48269709978848], [52.936569400442046, 51.48120049972989], [52.93588270039114, 51.473288699905744], [52.94103259998119, 51.46655199994003], [52.942829700368314, 51.457778699879995], [52.95013059973651, 51.455108000022896], [52.95716869966329, 51.45810299979977], [52.95459380017388, 51.46591040022661], [52.94635410024834, 51.46794220019493], [52.94154749992899, 51.47232639987714], [52.94618239985823, 51.47713790013137], [52.95390719983592, 51.47521330005457], [52.9609452997627, 51.47093630019027], [52.97049519971667, 51.46883319996201], [52.978305799583815, 51.47041040006309], [52.97253369987849, 51.474968099925945], [52.96678299983994, 51.479565500080106], [52.97055959993942, 51.48546520004363], [52.97821999969435, 51.481643499739995], [52.98545119967802, 51.48031379978809], [52.993798199770985, 51.47464740009571], [53.000836400309005, 51.47184059986258], [53.0066072001521, 51.47542720011748], [53.01173679961335, 51.479886200019685], [53.02240130042574, 51.480193599963094], [53.030083199560465, 51.48059449978449], [53.03581240021929, 51.48356109984368], [53.03969619987488, 51.48923980027614], [53.04851529968392, 51.489052700188694], [53.05638899991158, 51.489645199902924], [53.06098220004534, 51.4934882999283], [53.06325670020878, 51.501115999798245], [53.07038069973791, 51.50474910003602], [53.080530100278196, 51.50218460027187], [53.08580869970239, 51.49729570023694], [53.0900359001382, 51.49128389997227], [53.097975199839496, 51.48774330027195], [53.10803890020332, 51.48962719973192], [53.11488390007327, 51.491417499834526], [53.125333799652516, 51.49040220019572], [53.13524720019119, 51.48686150013776], [53.143208000170496, 51.48476369993045], [53.15189840014545, 51.48557880026077], [53.15831420024394, 51.48894580013132], [53.16221950017749, 51.495011300004144], [53.15900090029492, 51.50067519987089], [53.14988129965028, 51.50210449993192], [53.144044900333554, 51.50482920020078], [53.14046140029098, 51.514898799954445], [53.14355130033942, 51.5233906997954], [53.15279959991991, 51.525192999731715], [53.15885059957146, 51.51997280004515], [53.16676849960604, 51.5172355999217], [53.17309849981513, 51.519585599799804], [53.17410710036837, 51.5273290999697], [53.179126899650804, 51.532699900013], [53.185306699747734, 51.53515589998414], [53.19474810028335, 51.533020299957776], [53.19235680026838, 51.52553349973676], [53.182969100122136, 51.52242939998721], [53.178237699571845, 51.518757700264466], [53.18221679969924, 51.51208579978336], [53.189598199795, 51.50888070026616], [53.196979699603766, 51.50460680016813], [53.2057344000884, 51.50321769996733], [53.21466080006492, 51.50823959974125], [53.22341549965125, 51.51123109988965], [53.23337189984766, 51.51091060027742], [53.24401490038204, 51.510696900189814], [53.25208299963041, 51.51229939999228], [53.26049439994612, 51.50909429984799], [53.26134739971571, 51.5016216000014], [53.25774780006661, 51.495630500041344], [53.263240999825584, 51.48953830011606], [53.269592399701445, 51.48675919973343], [53.275815200354415, 51.481915400011985], [53.2846985997749, 51.48494199981012], [53.28555689960468, 51.493493000237436], [53.287616900044526, 51.4994777001364], [53.29653850032252, 51.50120480022673], [53.311888999932386, 51.49985329981259], [53.33037370000909, 51.49985329981259], [53.33840839989519, 51.49462389987889], [53.3446097002702, 51.49185839992547], [53.351817700363235, 51.49010469995176], [53.35864300017902, 51.495064700168626], [53.36056049996708, 51.48878439995116], [53.36527410040005, 51.493321100266], [53.37193429974803, 51.48981349984381], [53.380016199814115, 51.4897482998414], [53.39115549978, 51.49101259978286], [53.39921970034006, 51.489320099979295], [53.40541840009231, 51.48683060021866], [53.412388500247, 51.47919669974673], [53.41899460035366, 51.481270000095584], [53.426415500270764, 51.482230999865735], [53.41996550041106, 51.47843000002998], [53.425819900169394, 51.47226470006428], [53.43493359978098, 51.46804719982265], [53.436502200200856, 51.4608724997678], [53.43708319998388, 51.4531794997591], [53.43490799959194, 51.44726730023908], [53.438265799716106, 51.44205859974564], [53.45306219959416, 51.43855810013957], [53.46716709972266, 51.438936999790826], [53.471027200024416, 51.44479099997349], [53.475950799621366, 51.45225689984597], [53.482770299913646, 51.45386649977631], [53.49070429955468, 51.45233550018152], [53.4850984995681, 51.4492933000899], [53.481407799969396, 51.44393400004888], [53.48613379984818, 51.439483500030626], [53.49076869977743, 51.43561449993778], [53.49596909995781, 51.431258499887115], [53.504587800000024, 51.43336100025614], [53.51248810024154, 51.434513099755065], [53.51778229980892, 51.43178750023716], [53.52003730024246, 51.425336599842794], [53.527482699912355, 51.4267147998217], [53.53326020028906, 51.429922399946385], [53.54229800034395, 51.42910210000904], [53.54893510041272, 51.42663120005302], [53.55809209971931, 51.42802260000498], [53.56452269956215, 51.43197650025553], [53.57304809968066, 51.431604699786725], [53.57568530002989, 51.42601800027442], [53.57136780004334, 51.42224409999057], [53.56690049969501, 51.41797739994077], [53.574219200078865, 51.414945800192], [53.581105499993946, 51.41324000020601], [53.58709379993366, 51.40712970013051], [53.59241739956362, 51.4035383999503], [53.59525679990358, 51.39797400020372], [53.60084650028371, 51.395122400112754], [53.60798790017994, 51.3970126002576], [53.616320900029194, 51.3959868000558], [53.62194920011872, 51.3935393998149], [53.62906869998664, 51.391852100038555], [53.62431589976964, 51.388300499805396], [53.62957299981411, 51.38536789997109], [53.62484160016213, 51.38144739986437], [53.62962929992789, 51.37758020027489], [53.62690689976382, 51.37186750007718], [53.623184000053755, 51.366957800025986], [53.61674599988963, 51.36866940019525], [53.61295939974445, 51.37293909986499], [53.607809500154396, 51.369965300088346], [53.60248799988719, 51.3670381999411], [53.59632970006827, 51.36407749991069], [53.59547140023843, 51.35669479993482], [53.60301370027967, 51.35615549995778], [53.59962879978006, 51.35149549991326], [53.60846939986717, 51.35103980001114], [53.61324910013537, 51.355110299730825], [53.614155599970026, 51.347954100205044], [53.621569299890126, 51.3465435001718], [53.61548339979145, 51.344603599899116], [53.62169799972427, 51.34281740013181], [53.62759350010177, 51.344988699926304], [53.62124550034937, 51.34182870005448], [53.623621200221066, 51.336139799786864], [53.618388200179034, 51.332535599766075], [53.62098450023345, 51.32705189972673], [53.6158347003564, 51.32396109974896], [53.606929799759605, 51.323344300128554], [53.60944029992456, 51.3160289001317], [53.60236999988644, 51.31386290025104], [53.59674560028186, 51.30763029980428], [53.60088940022837, 51.30316539975239], [53.606393299820795, 51.3000596000743], [53.60450020007248, 51.29269490002636], [53.61300229968912, 51.29439760001492], [53.60857489981079, 51.28947070016346], [53.612379500397644, 51.28464679988264], [53.61888710023336, 51.28699710011315], [53.623827700446995, 51.28299099972244], [53.61843110012376, 51.280232900278065], [53.62312769993999, 51.27503670020385], [53.62952470009625, 51.272252799791296], [53.635500700303034, 51.275159100010875], [53.64188430029017, 51.27700479988908], [53.64803190027577, 51.274863700090236], [53.65043489994906, 51.26821699987457], [53.64552140011082, 51.264580100052235], [53.65182990004195, 51.26264660021679], [53.658653500245194, 51.260343799756754], [53.66548780028175, 51.25847059976769], [53.65957620029772, 51.25564379999449], [53.65696909979862, 51.249388800271596], [53.66027890024215, 51.243109300106916], [53.65645410013788, 51.23847139989787], [53.660351299962514, 51.23395900026032], [53.6665714002797, 51.229355400260005], [53.67255810031987, 51.22723229983798], [53.676162900316235, 51.22277079992931], [53.68030200027717, 51.226732000108434], [53.68782520033881, 51.226210999776036], [53.68416669995316, 51.230940899793396], [53.68982079965767, 51.23332580009039], [53.69427319965042, 51.229577099724224], [53.69165529960504, 51.223604099762895], [53.69936939974939, 51.22418190026239], [53.70455139973779, 51.22721210017228], [53.71440049976677, 51.226785500198986], [53.709057599832896, 51.223066499782604], [53.71657850020749, 51.224262499971175], [53.7228977996849, 51.22190400012427], [53.720279899639515, 51.21595679975755], [53.72711419967609, 51.2145254001646], [53.73358370016399, 51.21289899974648], [53.738250699593294, 51.21722030006452], [53.74377610036196, 51.21465979994217], [53.73796100010067, 51.21027100025437], [53.74102949958415, 51.205102100020596], [53.74809979962228, 51.20371739974543], [53.75542759993992, 51.205653299813676], [53.76163420037512, 51.207706799934655], [53.75698859971425, 51.21225370017597], [53.76373170008821, 51.20970639991675], [53.767390199575566, 51.214115399752345], [53.77235769984041, 51.21076840006659], [53.780436499820475, 51.206392699761075], [53.78583310014377, 51.20914859999569], [53.78239989992622, 51.21404820024347], [53.790285599849454, 51.214364100106216], [53.798904299891724, 51.21280109978915], [53.805778000036625, 51.21412889985287], [53.8100051995742, 51.209592199841055], [53.813213099623454, 51.20453749991188], [53.82044429960706, 51.20350219984452], [53.818405900056526, 51.195757599960146], [53.82669919976007, 51.195528999747566], [53.833630100130726, 51.19720979972117], [53.83765340006508, 51.19311530011625], [53.84550689987697, 51.192308400064064], [53.85201930030956, 51.19006930021638], [53.857560700073456, 51.194762499993736], [53.86105299955514, 51.20018810000149], [53.868016000324204, 51.19720309982453], [53.87301560008908, 51.19302110018377], [53.879452899567305, 51.198372899843214], [53.88862609999001, 51.19766699978348], [53.89035340038125, 51.186278399994976], [53.892642700288995, 51.180431700255596], [53.90301749981211, 51.183942299837504], [53.91079989976586, 51.18633300001048], [53.914356100006984, 51.19157690023632], [53.924194899952944, 51.19312619981391], [53.93235639973632, 51.193413799799224], [53.93408419959089, 51.185631100173445], [53.94682999989854, 51.18323030000216], [53.956990199985164, 51.18107150027132], [53.96388890024448, 51.17774900019744], [53.97052999961285, 51.17538809971932], [53.97026180039824, 51.16734939991519], [53.97724629964866, 51.16471220008655], [53.984380900196534, 51.166508499922465], [53.98953079978657, 51.16958960014028], [53.995989600441106, 51.16764539990046], [54.001257400318906, 51.16327909973438], [54.0087353998504, 51.16150959983056], [54.017114600054775, 51.16043300005823], [54.02483940003246, 51.16316470006241], [54.02954930030479, 51.15797030004572], [54.03476360011758, 51.15352910011785], [54.043480699819376, 51.152660999853595], [54.05139329979377, 51.15387230010055], [54.05537369978339, 51.149787300170225], [54.04784199986247, 51.14709519991956], [54.042059200323884, 51.14473950014848], [54.03589010006027, 51.142585599887724], [54.03982760010516, 51.13721390003159], [54.04718759963591, 51.1326225002737], [54.054515399953615, 51.12939080022054], [54.06043769977103, 51.126394500241226], [54.06755089975389, 51.123357600026665], [54.07361269985007, 51.12103430015219], [54.084556099710404, 51.11811829989248], [54.09260269957912, 51.116838699723935], [54.09997339984149, 51.11829340022788], [54.109028600263436, 51.1169598998709], [54.12069079967478, 51.114468000035075], [54.12805080010383, 51.11112719983184], [54.135024499807855, 51.10906599993952], [54.13904790035351, 51.10435730020946], [54.14470190034503, 51.09888009978839], [54.14929819966651, 51.09174039980969], [54.151093899580104, 51.08398489982239], [54.15206189987571, 51.073789600226135], [54.14435860017604, 51.07059419996789], [54.137517499892745, 51.068286200038926], [54.13179059981932, 51.06558859974927], [54.13390170002582, 51.05897089989332], [54.138379499883236, 51.0551403998181], [54.14259399993756, 51.05116659990353], [54.149430499948295, 51.05352240002514], [54.14340819967344, 51.05786470019789], [54.14630050000383, 51.06420950021796], [54.15406400030229, 51.066036500210416], [54.16153549962443, 51.06511969992793], [54.1612458001318, 51.05719669976262], [54.16595040034394, 51.05384509978929], [54.16841269960567, 51.04692520019835], [54.17484999998224, 51.0440652001924], [54.182004199972965, 51.042652300191826], [54.18909880033784, 51.036008699799275], [54.194431799939004, 51.0316782998312], [54.189655799831435, 51.02692849990699], [54.18304189965323, 51.02359319989015], [54.17880280013309, 51.029251200019125], [54.17224290038155, 51.031199799915115], [54.16736120000605, 51.026894799907566], [54.171211900336665, 51.02260110001928], [54.165816299838305, 51.01613060018983], [54.160183700411814, 51.012708400005565], [54.16841269960567, 51.011338100222744], [54.176214999937955, 51.01038339976658], [54.17912010036279, 51.00397309987457], [54.17453880021159, 50.99840289997833], [54.171813699711805, 50.99300769990836], [54.180380099838196, 50.993431500134484], [54.18764949978095, 50.995972100054665], [54.19448370010451, 50.99357489986037], [54.20024509997645, 50.98956360001118], [54.20482890013905, 50.98573669990708], [54.198657299864024, 50.983012299858714], [54.19312120016026, 50.978067899806405], [54.19136169965768, 50.97044079981256], [54.1988826000322, 50.964224700214615], [54.205673900411085, 50.96105550003077], [54.213785000215495, 50.96283789992655], [54.22029730003679, 50.95798749981553], [54.230382400067334, 50.95387840002005], [54.23756000027288, 50.95556800001121], [54.24417699963882, 50.952974499799566], [54.24852030013865, 50.95783730020678], [54.25549860011525, 50.956297900085296], [54.25857590039356, 50.951363199724625], [54.26892710027592, 50.9502918997987], [54.27602519957882, 50.95150299999689], [54.284256900006746, 50.950819800212805], [54.28119420004671, 50.945557899927735], [54.27730679994354, 50.949888200076884], [54.27162409967703, 50.947038199797845], [54.27776099982929, 50.944327599848755], [54.28505660003559, 50.94251589982516], [54.28695559991865, 50.93451779984897], [54.28227750000748, 50.92610030017994], [54.279771699828046, 50.917877699976174], [54.28183119990628, 50.910854799936324], [54.28795849976315, 50.90225060027763], [54.293279000205374, 50.898505399771636], [54.30086170017989, 50.895812600060324], [54.30567740043314, 50.90449849982021], [54.31435970029912, 50.90829219991797], [54.31913670023162, 50.89931819998257], [54.33239359971512, 50.899806199857366], [54.33791760001024, 50.903714499725524], [54.3459829998212, 50.900965799983936], [54.3483808997586, 50.893721899827995], [54.354241499689046, 50.890114800244596], [54.35799119973724, 50.885444700103584], [54.36561940027925, 50.88338710011074], [54.3731734996917, 50.88458280026522], [54.38353659955661, 50.88434819986565], [54.39086870010958, 50.88200560006228], [54.39936160007944, 50.88162710006793], [54.40693619994502, 50.8802732999368], [54.412065099618665, 50.87726249992394], [54.41901139980823, 50.87545169980806], [54.424729899735446, 50.87789720000283], [54.432991099938995, 50.87844219982914], [54.44119870036443, 50.878557199924465], [54.434736600197866, 50.88147930001912], [54.448430000061045, 50.862614300160146], [54.452410300337725, 50.851195199864335], [54.47119319976621, 50.852187100132305], [54.49753849993873, 50.85352529996956], [54.51817009988255, 50.85463599972827], [54.52303830037595, 50.84355750019354], [54.52874060008533, 50.830089299998946], [54.52544410009789, 50.82270099979642], [54.51971840017364, 50.82017850019431], [54.51492339979953, 50.81648769999414], [54.51852080037289, 50.81185850019302], [54.51056339961862, 50.80571229980834], [54.50458740031013, 50.801673699946384], [54.49949629994703, 50.79681200024954], [54.49292390013826, 50.79480609981549], [54.48806620005225, 50.79120269990722], [54.482669100265696, 50.78675190015486], [54.478552500407645, 50.782213400137266], [54.47359759991292, 50.77841130021905], [54.47140609959021, 50.77236529987154], [54.46904280006269, 50.766534700147886], [54.46659040023536, 50.76021369977998], [54.46630060013143, 50.75190250023891], [54.463077600300544, 50.74630720018838], [54.46278859969724, 50.73806660000831], [54.46182810033416, 50.73064000003267], [54.45727009978654, 50.72284260004133], [54.45440369968242, 50.713543400184854], [54.44698689967628, 50.69578819973731], [54.44042489966358, 50.68625670027565], [54.43778430008925, 50.6615287000916], [54.429619599608486, 50.64776830023289], [54.422924700137685, 50.63643199987527], [54.41361080018528, 50.620694699894436], [54.430002099561555, 50.603905399845424], [54.44868739972932, 50.58475919972973], [54.46623570044538, 50.56663200023665], [54.48963069966286, 50.55505350006175], [54.502238100127975, 50.5488091001617], [54.51541090023291, 50.5422839001058], [54.54482050026489, 50.527712300063506], [54.56523710012362, 50.51646019995417], [54.49992329974427, 50.46716799999278], [54.46383239983654, 50.415698499960854], [54.464745999955234, 50.40320380014783], [54.38426859985073, 50.352384899912295], [54.36364899960246, 50.331142699778106], [54.38033399956756, 50.32381510005446], [54.39992650025595, 50.308591300168366], [54.425846200206415, 50.243158599883365], [54.43066459989703, 50.22937309988627], [54.421447799741976, 50.20341590016274], [54.42518330012062, 50.11824000006946], [54.472349999883455, 50.108904700159634], [54.47542679980016, 50.08349919992365], [54.54335869965084, 50.06282509981477], [54.555976000448645, 50.012583899991654], [54.51112259998469, 49.9538960997229], [54.514915100264666, 49.92436989988541], [54.41858750009697, 49.81489160013027], [54.47708599980801, 49.768344900037185], [54.366367899930204, 49.768280999863386], [54.34532460029499, 49.73257380000195], [54.27538710018138, 49.67594640022281], [54.298907799758226, 49.647990500022274], [54.200592700380696, 49.61027080026917], [54.11468070031809, 49.62034689973798], [53.99132239978921, 49.618655799910904], [53.972870599611475, 49.570092000175485], [53.87518680028301, 49.570301600180485], [53.79783289991359, 49.525076700169585], [53.75694979968048, 49.457286100032164], [53.69500749963163, 49.47745420001574], [53.72983490022761, 49.424915599952186], [53.66385169955311, 49.27774039973352], [53.63053820006107, 49.24034919982357], [53.61408760019798, 49.22739369983295], [53.59954589965243, 49.217280199837184], [53.58814709975706, 49.20828099996502], [53.554861100390795, 49.185299700270704], [53.54109999989453, 49.17757430025084], [53.51831430008647, 49.16725610014679], [53.38623720024324, 49.100087700042266], [53.392788699848616, 49.094157600047645], [53.4061514999243, 49.08776880012789], [53.425441299803026, 49.06220940004812], [53.415389800357374, 49.05166189985855], [53.38049909997488, 49.04245960022891], [53.36734150026289, 49.038419200257515], [53.307383900273564, 49.02329899999709], [53.290079299917615, 49.02103350020261], [53.272899600420516, 49.01949459978875], [53.26325579956993, 49.01768679973431], [53.2412446002504, 49.01831439976348], [53.224129500401986, 49.01951589990369], [53.18553370042676, 49.02116339988155], [53.132174299861134, 49.02218189996915], [53.10676160007392, 49.02351900027281], [53.087469399896726, 49.02383020000871], [53.06954649991056, 49.025260599747], [53.05312650025934, 49.02450589986979], [53.042111200141974, 49.026481300248115], [52.99982939965531, 49.0272220997916], [52.97948949975221, 49.02846279975651], [52.96028679962512, 49.027908599766654], [52.943392500283665, 49.02928520013931], [52.926138899981424, 49.031294500228114], [52.9193733004028, 49.03398019972387], [52.89212250022059, 49.037143199732874], [52.878799599716494, 49.04001089987941], [52.84184299965769, 49.04602529975153], [52.82552299956555, 49.04808420014037], [52.79992480036704, 49.01902109993407], [52.78215519968077, 48.98132469993638], [52.7061488000853, 48.995957299780635], [52.70695040005093, 48.980857499845115], [52.70937490000217, 48.971620499945764], [52.71035360013123, 48.959873999832205], [52.71191499965575, 48.926696199788786], [52.71034760028341, 48.918706999919856], [52.7127625996522, 48.9111480998651], [52.711878599920446, 48.88403320002911], [52.712699599903, 48.86896080004743], [52.71244620043274, 48.86029470021743], [52.714335600020334, 48.837431399834536], [52.71323419990502, 48.803271699877016], [52.71555900033444, 48.79260950026079], [52.71490249984671, 48.77459429983014], [52.71582760019764, 48.76200910002855], [52.66813339981848, 48.760178399883614], [52.65464590010662, 48.75932030001102], [52.638216999947566, 48.759545199858046], [52.627569799789235, 48.76328549997484], [52.61679100003503, 48.7652140001054], [52.60407850027496, 48.747858000096286], [52.60100180007126, 48.74281080021958], [52.595218699597, 48.730597900214185], [52.59224479989945, 48.72257039996884], [52.58646719980969, 48.713731199894674], [52.583301599630566, 48.69789180020953], [52.580360599831984, 48.68860060010733], [52.57857409956522, 48.68018069998707], [52.57844069974552, 48.6721442999294], [52.573963599675714, 48.66064560011078], [52.56968410022232, 48.65261550021498], [52.564032699955284, 48.64553340025068], [52.56106670004229, 48.63839490001235], [52.55765240037841, 48.63314109979537], [52.553363100305305, 48.62344199996894], [52.536613799830526, 48.5918641001914], [52.53889019993071, 48.57935999970594], [52.55102750032956, 48.537317699726046], [52.55348599971764, 48.52326299999783], [52.55598890013529, 48.51394010009248], [52.4394603999817, 48.49272010008568], [52.380065599907795, 48.49408519971385], [52.26711239997487, 48.52342669996164], [52.19329800016542, 48.56502149971961], [52.152442600382436, 48.57797020028812], [52.126006699723646, 48.57978729971879], [52.0854946998226, 48.57229139981427], [52.06146209977264, 48.56115890026517], [52.05940210023108, 48.55116029983262], [51.88465079961542, 48.559568299733535], [51.84413879971437, 48.57229139981427], [51.76963769985395, 48.577288800209935], [51.758994700217876, 48.600906399756], [51.80465659970897, 48.6832544999334], [51.78852050002687, 48.679400899726], [51.645354899947044, 48.71611069988819], [51.56089749960316, 48.724944300214645], [51.43661459998331, 48.72698259972922], [51.3549038004173, 48.71950839973048], [51.26186339997889, 48.71860240028993], [51.107024500005785, 48.680987900109805], [51.04179310029085, 48.688241200281844], [50.99853449961199, 48.63427039974577], [50.99109979977548, 48.61195210018756], [50.990294699973454, 48.58705529978571], [50.91476369960608, 48.54388760004106], [50.86944510028397, 48.535704300168256], [50.781092499765364, 48.49484350021898], [50.73562239957056, 48.48460510002553], [50.7021070998381, 48.46698780004472], [50.57877350028462, 48.41883550018959], [50.46355779988388, 48.373811299918685], [50.333222999602185, 48.32283090011527], [50.225906299580764, 48.28081569983659], [50.11283599975896, 48.19442940024736], [50.05744910159709, 48.152042474904384], [50.00104200024179, 48.10887479982839], [49.95986370013156, 48.088565600291766], [49.788386400298684, 48.09101169979278], [49.732576300416596, 48.06461979996198], [49.71848043105161, 48.06464228917974], [49.602268899649374, 48.06482769983158], [49.417056699583824, 48.04867009992097], [49.44865270020274, 47.95281729978294], [49.29327119983171, 47.97674749986117], [49.08644279955846, 48.03234290015745], [48.88106850043904, 48.08748819995805]]]}, "properties": {"ADM0_EN": "KAZ", "ADM0_PCODE": "Kazakhstan", "ADM1_EN": "West Kazakhstan Region", "ADM1_PCODE": "KAZ020"}}]}